q_A^-1,E_v_eV,E_c1_eV,E_c2_eV,E_c3_eV
-1.799999999999999933e-01,-5.067105247304346527e-01,4.244425830690908702e-02,6.769404890218180815e-02,6.769404890218179427e-02
-1.796999999999999986e-01,-5.049229805105687197e-01,4.236950645771468682e-02,6.753520122264372594e-02,6.753520122264368430e-02
-1.794000000000000039e-01,-5.031384180158400277e-01,4.229487929884421377e-02,6.737661851004396463e-02,6.737661851004393687e-02
-1.790999999999999814e-01,-5.013568372462484657e-01,4.222037683029766092e-02,6.721830076438255197e-02,6.721830076438252422e-02
-1.787999999999999867e-01,-4.995782382017946999e-01,4.214599905207504910e-02,6.706024798565947409e-02,6.706024798565947409e-02
-1.784999999999999920e-01,-4.978026208824780641e-01,4.207174596417635054e-02,6.690246017387475874e-02,6.690246017387475874e-02
-1.781999999999999973e-01,-4.960299852882990024e-01,4.199761756660159301e-02,6.674493732902840593e-02,6.674493732902839205e-02
-1.779000000000000026e-01,-4.942603314192574038e-01,4.192361385935076262e-02,6.658767945112036013e-02,6.658767945112036013e-02
-1.775999999999999801e-01,-4.924936592753529352e-01,4.184973484242384550e-02,6.643068654015067687e-02,6.643068654015067687e-02
-1.772999999999999854e-01,-4.907299688565860407e-01,4.177598051582086941e-02,6.627395859611935613e-02,6.627395859611932838e-02
-1.769999999999999907e-01,-4.889692601629563873e-01,4.170235087954180658e-02,6.611749561902637018e-02,6.611749561902634242e-02
-1.766999999999999960e-01,-4.872115331944643080e-01,4.162884593358668478e-02,6.596129760887171900e-02,6.596129760887170512e-02
-1.764000000000000012e-01,-4.854567879511094697e-01,4.155546567795549012e-02,6.580536456565540260e-02,6.580536456565540260e-02
-1.761000000000000065e-01,-4.837050244328920945e-01,4.148221011264821567e-02,6.564969648937747648e-02,6.564969648937744873e-02
-1.757999999999999841e-01,-4.819562426398119603e-01,4.140907923766486837e-02,6.549429338003784351e-02,6.549429338003782963e-02
-1.754999999999999893e-01,-4.802104425718694003e-01,4.133607305300544821e-02,6.533915523763658695e-02,6.533915523763657307e-02
-1.751999999999999946e-01,-4.784676242290643033e-01,4.126319155866995519e-02,6.518428206217366516e-02,6.518428206217365128e-02
-1.748999999999999999e-01,-4.767277876113964474e-01,4.119043475465839627e-02,6.502967385364911979e-02,6.502967385364907815e-02
-1.746000000000000052e-01,-4.749909327188660546e-01,4.111780264097076448e-02,6.487533061206286755e-02,6.487533061206286755e-02
-1.742999999999999827e-01,-4.732570595514727918e-01,4.104529521760704597e-02,6.472125233741497785e-02,6.472125233741496397e-02
-1.739999999999999880e-01,-4.715261681092173252e-01,4.097291248456726848e-02,6.456743902970545068e-02,6.456743902970545068e-02
-1.736999999999999933e-01,-4.697982583920989885e-01,4.090065444185141813e-02,6.441389068893425829e-02,6.441389068893424441e-02
-1.733999999999999986e-01,-4.680733304001182260e-01,4.082852108945948799e-02,6.426060731510142843e-02,6.426060731510140067e-02
-1.731000000000000039e-01,-4.663513841332747045e-01,4.075651242739148500e-02,6.410758890820691946e-02,6.410758890820690559e-02
-1.727999999999999814e-01,-4.646324195915685351e-01,4.068462845564741609e-02,6.395483546825077303e-02,6.395483546825074528e-02
-1.724999999999999867e-01,-4.629164367749998288e-01,4.061286917422726045e-02,6.380234699523294750e-02,6.380234699523291975e-02
-1.721999999999999920e-01,-4.612034356835685855e-01,4.054123458313104583e-02,6.365012348915348450e-02,6.365012348915345675e-02
-1.718999999999999972e-01,-4.594934163172746944e-01,4.046972468235875836e-02,6.349816495001238403e-02,6.349816495001235628e-02
-1.716000000000000025e-01,-4.577863786761182663e-01,4.039833947191039804e-02,6.334647137780959059e-02,6.334647137780959059e-02
-1.713000000000000078e-01,-4.560823227600990792e-01,4.032707895178596486e-02,6.319504277254518743e-02,6.319504277254515967e-02
-1.709999999999999853e-01,-4.543812485692172443e-01,4.025594312198544494e-02,6.304387913421907741e-02,6.304387913421906353e-02
-1.706999999999999906e-01,-4.526831561034729834e-01,4.018493198250886606e-02,6.289298046283135768e-02,6.289298046283134380e-02
-1.703999999999999959e-01,-4.509880453628660746e-01,4.011404553335621431e-02,6.274234675838195885e-02,6.274234675838194497e-02
-1.701000000000000012e-01,-4.492959163473965178e-01,4.004328377452748972e-02,6.259197802087092255e-02,6.259197802087089479e-02
-1.698000000000000065e-01,-4.476067690570644242e-01,3.997264670602269226e-02,6.244187425029821409e-02,6.244187425029820021e-02
-1.694999999999999840e-01,-4.459206034918694606e-01,3.990213432784180808e-02,6.229203544666384734e-02,6.229203544666381959e-02
-1.691999999999999893e-01,-4.442374196518120710e-01,3.983174663998486492e-02,6.214246160996784313e-02,6.214246160996782925e-02
-1.688999999999999946e-01,-4.425572175368921446e-01,3.976148364245184891e-02,6.199315274021017369e-02,6.199315274021017369e-02
-1.685999999999999999e-01,-4.408799971471095702e-01,3.969134533524276004e-02,6.184410883739086678e-02,6.184410883739085291e-02
-1.683000000000000052e-01,-4.392057584824643479e-01,3.962133171835759832e-02,6.169532990150989465e-02,6.169532990150988078e-02
-1.679999999999999827e-01,-4.375345015429564777e-01,3.955144279179635680e-02,6.154681593256727118e-02,6.154681593256725730e-02
-1.676999999999999880e-01,-4.358662263285859595e-01,3.948167855555904243e-02,6.139856693056298248e-02,6.139856693056295472e-02
-1.673999999999999932e-01,-4.342009328393530154e-01,3.941203900964566909e-02,6.125058289549704243e-02,6.125058289549701468e-02
-1.670999999999999985e-01,-4.325386210752573124e-01,3.934252415405620901e-02,6.110286382736946492e-02,6.110286382736943717e-02
-1.668000000000000038e-01,-4.308792910362990725e-01,3.927313398879068995e-02,6.095540972618020831e-02,6.095540972618019443e-02
-1.664999999999999813e-01,-4.292229427224780736e-01,3.920386851384908417e-02,6.080822059192931422e-02,6.080822059192928647e-02
-1.661999999999999866e-01,-4.275695761337946488e-01,3.913472772923141246e-02,6.066129642461675492e-02,6.066129642461674104e-02
-1.658999999999999919e-01,-4.259191912702486871e-01,3.906571163493766791e-02,6.051463722424254427e-02,6.051463722424253039e-02
-1.655999999999999972e-01,-4.242717881318399664e-01,3.899682023096785050e-02,6.036824299080668227e-02,6.036824299080665451e-02
-1.653000000000000025e-01,-4.226273667185687088e-01,3.892805351732196023e-02,6.022211372430916893e-02,6.022211372430914117e-02
-1.649999999999999800e-01,-4.209859270304346923e-01,3.885941149399999017e-02,6.007624942474999036e-02,6.007624942474996260e-02
-1.646999999999999853e-01,-4.193474690674381389e-01,3.879089416100195420e-02,5.993065009212916044e-02,5.993065009212913269e-02
-1.643999999999999906e-01,-4.177119928295790485e-01,3.872250151832785231e-02,5.978531572644667919e-02,5.978531572644666531e-02
-1.640999999999999959e-01,-4.160794983168573102e-01,3.865423356597767063e-02,5.964024632770254658e-02,5.964024632770251882e-02
-1.638000000000000012e-01,-4.144499855292730350e-01,3.858609030395141609e-02,5.949544189589676263e-02,5.949544189589673487e-02
-1.635000000000000064e-01,-4.128234544668261119e-01,3.851807173224908870e-02,5.935090243102931346e-02,5.935090243102929958e-02
-1.631999999999999840e-01,-4.111999051295164298e-01,3.845017785087068152e-02,5.920662793310021293e-02,5.920662793310019906e-02
-1.628999999999999893e-01,-4.095793375173443218e-01,3.838240865981621536e-02,5.906261840210944719e-02,5.906261840210943331e-02
-1.625999999999999945e-01,-4.079617516303095659e-01,3.831476415908566940e-02,5.891887383805703010e-02,5.891887383805703010e-02
-1.622999999999999998e-01,-4.063471474684121620e-01,3.824724434867905060e-02,5.877539424094298942e-02,5.877539424094297554e-02
-1.620000000000000051e-01,-4.047355250316521103e-01,3.817984922859635893e-02,5.863217961076726964e-02,5.863217961076725576e-02
-1.617000000000000104e-01,-4.031268843200296326e-01,3.811257879883759442e-02,5.848922994752989851e-02,5.848922994752989851e-02
-1.613999999999999879e-01,-4.015212253335442849e-01,3.804543305940275705e-02,5.834654525123084828e-02,5.834654525123084828e-02
-1.610999999999999932e-01,-3.999185480721964003e-01,3.797841201029184682e-02,5.820412552187018834e-02,5.820412552187017446e-02
-1.607999999999999985e-01,-3.983188525359860899e-01,3.791151565150487068e-02,5.806197075944784930e-02,5.806197075944783542e-02
-1.605000000000000038e-01,-3.967221387249130204e-01,3.784474398304181475e-02,5.792008096396385891e-02,5.792008096396384503e-02
-1.602000000000000091e-01,-3.951284066389774141e-01,3.777809700490269290e-02,5.777845613541821718e-02,5.777845613541821718e-02
-1.598999999999999866e-01,-3.935376562781790488e-01,3.771157471708748432e-02,5.763709627381089634e-02,5.763709627381089634e-02
-1.595999999999999919e-01,-3.919498876425181466e-01,3.764517711959621676e-02,5.749600137914195191e-02,5.749600137914193804e-02
-1.592999999999999972e-01,-3.903651007319947075e-01,3.757890421242886941e-02,5.735517145141134226e-02,5.735517145141132839e-02
-1.590000000000000024e-01,-3.887832955466087315e-01,3.751275599558544921e-02,5.721460649061909515e-02,5.721460649061908127e-02
-1.587000000000000077e-01,-3.872044720863599965e-01,3.744673246906596309e-02,5.707430649676516893e-02,5.707430649676515505e-02
-1.583999999999999853e-01,-3.856286303512485025e-01,3.738083363287039024e-02,5.693427146984957748e-02,5.693427146984959136e-02
-1.580999999999999905e-01,-3.840557703412746937e-01,3.731505948699875841e-02,5.679450140987236245e-02,5.679450140987236245e-02
-1.577999999999999958e-01,-3.824858920564381259e-01,3.724941003145105373e-02,5.665499631683348220e-02,5.665499631683346832e-02
-1.575000000000000011e-01,-3.809189954967391323e-01,3.718388526622726925e-02,5.651575619073295059e-02,5.651575619073293671e-02
-1.572000000000000064e-01,-3.793550806621773797e-01,3.711848519132741192e-02,5.637678103157076764e-02,5.637678103157073989e-02
-1.568999999999999839e-01,-3.777941475527529791e-01,3.705320980675148174e-02,5.623807083934690559e-02,5.623807083934687784e-02
-1.565999999999999892e-01,-3.762361961684659306e-01,3.698805911249948564e-02,5.609962561406140608e-02,5.609962561406139220e-02
-1.562999999999999945e-01,-3.746812265093164562e-01,3.692303310857140974e-02,5.596144535571424133e-02,5.596144535571424133e-02
-1.559999999999999998e-01,-3.731292385753043339e-01,3.685813179496726794e-02,5.582353006430545300e-02,5.582353006430543912e-02
-1.557000000000000051e-01,-3.715802323664295637e-01,3.679335517168704633e-02,5.568587973983498557e-02,5.568587973983497169e-02
-1.553999999999999826e-01,-3.700342078826921455e-01,3.672870323873075882e-02,5.554849438230286679e-02,5.554849438230283903e-02
-1.550999999999999879e-01,-3.684911651240920794e-01,3.666417599609839845e-02,5.541137399170909666e-02,5.541137399170906891e-02
-1.547999999999999932e-01,-3.669511040906294763e-01,3.659977344378995828e-02,5.527451856805366132e-02,5.527451856805366132e-02
-1.544999999999999984e-01,-3.654140247823043364e-01,3.653549558180544526e-02,5.513792811133658850e-02,5.513792811133657462e-02
-1.542000000000000037e-01,-3.638799271991165485e-01,3.647134241014487327e-02,5.500160262155785046e-02,5.500160262155785046e-02
-1.538999999999999813e-01,-3.623488113410660016e-01,3.640731392880821454e-02,5.486554209871744719e-02,5.486554209871743332e-02
-1.535999999999999865e-01,-3.608206772081529179e-01,3.634341013779548296e-02,5.472974654281540646e-02,5.472974654281540646e-02
-1.532999999999999918e-01,-3.592955248003772972e-01,3.627963103710668546e-02,5.459421595385170051e-02,5.459421595385170051e-02
-1.529999999999999971e-01,-3.577733541177391396e-01,3.621597662674181511e-02,5.445895033182635708e-02,5.445895033182634321e-02
-1.527000000000000024e-01,-3.562541651602382231e-01,3.615244690670087191e-02,5.432394967673934844e-02,5.432394967673934844e-02
-1.524000000000000077e-01,-3.547379579278747697e-01,3.608904187698385585e-02,5.418921398859067456e-02,5.418921398859067456e-02
-1.520999999999999852e-01,-3.532247324206485573e-01,3.602576153759076000e-02,5.405474326738036323e-02,5.405474326738036323e-02
-1.517999999999999905e-01,-3.517144886385599190e-01,3.596260588852159129e-02,5.392053751310838666e-02,5.392053751310837278e-02
-1.514999999999999958e-01,-3.502072265816087437e-01,3.589957492977636361e-02,5.378659672577475875e-02,5.378659672577475875e-02
-1.512000000000000011e-01,-3.487029462497948096e-01,3.583666866135504919e-02,5.365292090537949338e-02,5.365292090537946562e-02
-1.509000000000000064e-01,-3.472016476431183385e-01,3.577388708325767580e-02,5.351951005192254890e-02,5.351951005192253502e-02
-1.505999999999999839e-01,-3.457033307615789974e-01,3.571123019548421568e-02,5.338636416540395307e-02,5.338636416540393920e-02
-1.502999999999999892e-01,-3.442079956051773415e-01,3.564869799803468270e-02,5.325348324582370590e-02,5.325348324582369203e-02
-1.499999999999999944e-01,-3.427156421739129266e-01,3.558629049090908381e-02,5.312086729318180739e-02,5.312086729318180739e-02
-1.496999999999999997e-01,-3.412262704677860858e-01,3.552400767410741206e-02,5.298851630747825753e-02,5.298851630747825753e-02
-1.494000000000000050e-01,-3.397398804867964861e-01,3.546184954762967440e-02,5.285643028871304244e-02,5.285643028871304244e-02
-1.491000000000000103e-01,-3.382564722309443495e-01,3.539981611147585000e-02,5.272460923688618989e-02,5.272460923688618989e-02
-1.487999999999999878e-01,-3.367760457002294538e-01,3.533790736564595275e-02,5.259305315199765823e-02,5.259305315199764436e-02
-1.484999999999999931e-01,-3.352986008946521324e-01,3.527612331013999653e-02,5.246176203404749605e-02,5.246176203404747523e-02
-1.481999999999999984e-01,-3.338241378142121629e-01,3.521446394495796051e-02,5.233073588303566170e-02,5.233073588303564783e-02
-1.479000000000000037e-01,-3.323526564589095456e-01,3.515292927009985163e-02,5.219997469896218989e-02,5.219997469896217601e-02
-1.476000000000000090e-01,-3.308841568287442803e-01,3.509151928556566991e-02,5.206947848182705285e-02,5.206947848182703203e-02
-1.472999999999999865e-01,-3.294186389237164780e-01,3.503023399135541532e-02,5.193924723163025753e-02,5.193924723163024365e-02
-1.469999999999999918e-01,-3.279561027438260279e-01,3.496907338746908789e-02,5.180928094837180392e-02,5.180928094837179004e-02
-1.466999999999999971e-01,-3.264965482890730408e-01,3.490803747390668760e-02,5.167957963205169897e-02,5.167957963205169897e-02
-1.464000000000000024e-01,-3.250399755594574058e-01,3.484712625066821445e-02,5.155014328266995655e-02,5.155014328266994961e-02
-1.461000000000000076e-01,-3.235863845549791229e-01,3.478633971775366845e-02,5.142097190022654890e-02,5.142097190022653502e-02
-1.457999999999999852e-01,-3.221357752756381920e-01,3.472567787516304960e-02,5.129206548472148297e-02,5.129206548472146215e-02
-1.454999999999999905e-01,-3.206881477214347242e-01,3.466514072289635789e-02,5.116342403615475876e-02,5.116342403615473794e-02
-1.451999999999999957e-01,-3.192435018923686085e-01,3.460472826095359333e-02,5.103504755452639707e-02,5.103504755452638320e-02
-1.449000000000000010e-01,-3.178018377884399559e-01,3.454444048933475592e-02,5.090693603983637017e-02,5.090693603983635629e-02
-1.446000000000000063e-01,-3.163631554096487664e-01,3.448427740803985259e-02,5.077908949208468498e-02,5.077908949208467804e-02
-1.442999999999999838e-01,-3.149274547559947068e-01,3.442423901706886252e-02,5.065150791127134150e-02,5.065150791127132762e-02
-1.439999999999999891e-01,-3.134947358274782214e-01,3.436432531642181348e-02,5.052419129739636056e-02,5.052419129739634668e-02
-1.436999999999999944e-01,-3.120649986240990881e-01,3.430453630609868465e-02,5.039713965045971439e-02,5.039713965045970051e-02
-1.433999999999999997e-01,-3.106382431458574178e-01,3.424487198609948990e-02,5.027035297046141687e-02,5.027035297046140300e-02
-1.431000000000000050e-01,-3.092144693927529886e-01,3.418533235642421536e-02,5.014383125740145414e-02,5.014383125740144720e-02
-1.427999999999999825e-01,-3.077936773647860225e-01,3.412591741707286103e-02,5.001757451127984005e-02,5.001757451127983312e-02
-1.424999999999999878e-01,-3.063758670619564084e-01,3.406662716804544772e-02,4.989158273209657463e-02,4.989158273209657463e-02
-1.421999999999999931e-01,-3.049610384842642574e-01,3.400746160934196155e-02,4.976585591985167173e-02,4.976585591985165785e-02
-1.418999999999999984e-01,-3.035491916317095695e-01,3.394842074096239559e-02,4.964039407454508973e-02,4.964039407454508279e-02
-1.416000000000000036e-01,-3.021403265042921227e-01,3.388950456290676372e-02,4.951519719617687026e-02,4.951519719617685639e-02
-1.412999999999999812e-01,-3.007344431020120279e-01,3.383071307517504511e-02,4.939026528474697864e-02,4.939026528474696476e-02
-1.409999999999999865e-01,-2.993315414248695072e-01,3.377204627776726753e-02,4.926559834025544260e-02,4.926559834025543566e-02
-1.406999999999999917e-01,-2.979316214728642276e-01,3.371350417068341015e-02,4.914119636270225522e-02,4.914119636270224828e-02
-1.403999999999999970e-01,-2.965346832459965221e-01,3.365508675392348686e-02,4.901705935208740955e-02,4.901705935208739567e-02
-1.401000000000000023e-01,-2.951407267442660576e-01,3.359679402748749072e-02,4.889318730841091948e-02,4.889318730841090560e-02
-1.397999999999999798e-01,-2.937497519676729452e-01,3.353862599137540784e-02,4.876958023167275030e-02,4.876958023167274336e-02
-1.395000000000000129e-01,-2.923617589162175179e-01,3.348058264558727293e-02,4.864623812187295754e-02,4.864623812187294366e-02
-1.391999999999999904e-01,-2.909767475898991096e-01,3.342266399012305128e-02,4.852316097901148567e-02,4.852316097901147179e-02
-1.388999999999999957e-01,-2.895947179887181644e-01,3.336487002498275678e-02,4.840034880308836246e-02,4.840034880308834858e-02
-1.386000000000000010e-01,-2.882156701126747933e-01,3.330720075016639636e-02,4.827780159410359484e-02,4.827780159410358790e-02
-1.383000000000000063e-01,-2.868396039617686633e-01,3.324965616567396309e-02,4.815551935205716894e-02,4.815551935205716200e-02
-1.380000000000000115e-01,-2.854665195359999963e-01,3.319223627150545003e-02,4.803350207694909169e-02,4.803350207694908475e-02
-1.376999999999999891e-01,-2.840964168353685704e-01,3.313494106766087105e-02,4.791174976877934227e-02,4.791174976877933533e-02
-1.373999999999999944e-01,-2.827292958598747186e-01,3.307777055414021228e-02,4.779026242754795539e-02,4.779026242754794152e-02
-1.370999999999999996e-01,-2.813651566095182188e-01,3.302072473094348759e-02,4.766904005325491717e-02,4.766904005325489635e-02
-1.368000000000000049e-01,-2.800039990842990711e-01,3.296380359807068311e-02,4.754808264590021372e-02,4.754808264590020678e-02
-1.365000000000000102e-01,-2.786458232842173866e-01,3.290700715552181965e-02,4.742739020548385892e-02,4.742739020548385892e-02
-1.361999999999999877e-01,-2.772906292092729430e-01,3.285033540329686946e-02,4.730696273200583890e-02,4.730696273200583196e-02
-1.358999999999999930e-01,-2.759384168594660736e-01,3.279378834139585336e-02,4.718680022546618141e-02,4.718680022546616754e-02
-1.355999999999999983e-01,-2.745891862347964452e-01,3.273736596981875746e-02,4.706690268586486564e-02,4.706690268586485176e-02
-1.353000000000000036e-01,-2.732429373352643909e-01,3.268106828856559565e-02,4.694727011320189852e-02,4.694727011320189158e-02
-1.350000000000000089e-01,-2.718996701608695776e-01,3.262489529763636098e-02,4.682790250747728006e-02,4.682790250747725230e-02
-1.346999999999999864e-01,-2.705593847116121164e-01,3.256884699703104652e-02,4.670879986869098249e-02,4.670879986869096862e-02
-1.343999999999999917e-01,-2.692220809874921184e-01,3.251292338674966614e-02,4.658996219684304746e-02,4.658996219684303358e-02
-1.340999999999999970e-01,-2.678877589885095833e-01,3.245712446679221291e-02,4.647138949193345414e-02,4.647138949193344720e-02
-1.338000000000000023e-01,-2.665564187146644004e-01,3.240145023715868683e-02,4.635308175396220948e-02,4.635308175396220948e-02
-1.335000000000000075e-01,-2.652280601659565695e-01,3.234590069784908789e-02,4.623503898292932041e-02,4.623503898292930653e-02
-1.331999999999999851e-01,-2.639026833423859797e-01,3.229047584886341610e-02,4.611726117883475223e-02,4.611726117883474529e-02
-1.328999999999999904e-01,-2.625802882439529640e-01,3.223517569020166451e-02,4.599974834167854659e-02,4.599974834167853271e-02
-1.325999999999999956e-01,-2.612608748706574113e-01,3.218000022186385395e-02,4.588250047146068267e-02,4.588250047146067573e-02
-1.323000000000000009e-01,-2.599444432224992108e-01,3.212494944384996359e-02,4.576551756818116740e-02,4.576551756818115352e-02
-1.320000000000000062e-01,-2.586309932994782512e-01,3.207002335616000038e-02,4.564879963183999384e-02,4.564879963183998690e-02
-1.316999999999999837e-01,-2.573205251015946438e-01,3.201522195879395738e-02,4.553234666243715506e-02,4.553234666243714812e-02
-1.313999999999999890e-01,-2.560130386288486104e-01,3.196054525175184846e-02,4.541615865997267881e-02,4.541615865997267187e-02
-1.310999999999999943e-01,-2.547085338812399291e-01,3.190599323503366669e-02,4.530023562444655122e-02,4.530023562444653734e-02
-1.307999999999999996e-01,-2.534070108587687109e-01,3.185156590863941900e-02,4.518457755585875840e-02,4.518457755585875146e-02
-1.305000000000000049e-01,-2.521084695614347337e-01,3.179726327256909152e-02,4.506918445420931424e-02,4.506918445420930730e-02
-1.301999999999999824e-01,-2.508129099892381086e-01,3.174308532682268424e-02,4.495405631949820485e-02,4.495405631949819791e-02
-1.298999999999999877e-01,-2.495203321421790854e-01,3.168903207140021105e-02,4.483919315172545800e-02,4.483919315172543718e-02
-1.295999999999999930e-01,-2.482307360202573310e-01,3.163510350630167195e-02,4.472459495089104592e-02,4.472459495089103204e-02
-1.292999999999999983e-01,-2.469441216234730396e-01,3.158129963152705305e-02,4.461026171699498249e-02,4.461026171699497556e-02
-1.290000000000000036e-01,-2.456604889518260448e-01,3.152762044707636130e-02,4.449619345003726772e-02,4.449619345003726079e-02
-1.286999999999999811e-01,-2.443798380053164021e-01,3.147406595294959669e-02,4.438239015001788773e-02,4.438239015001787385e-02
-1.284000000000000141e-01,-2.431021687839444445e-01,3.142063614914675923e-02,4.426885181693687027e-02,4.426885181693687027e-02
-1.280999999999999917e-01,-2.418274812877095059e-01,3.136733103566784892e-02,4.415557845079418758e-02,4.415557845079417371e-02
-1.277999999999999969e-01,-2.405557755166121414e-01,3.131415061251286575e-02,4.404257005158985355e-02,4.404257005158983967e-02
-1.275000000000000022e-01,-2.392870514706521290e-01,3.126109487968181666e-02,4.392982661932385430e-02,4.392982661932384736e-02
-1.272000000000000075e-01,-2.380213091498295797e-01,3.120816383717468778e-02,4.381734815399621757e-02,4.381734815399620370e-02
-1.269000000000000128e-01,-2.367585485541443824e-01,3.115535748499149299e-02,4.370513465560691563e-02,4.370513465560690869e-02
-1.265999999999999903e-01,-2.354987696835964261e-01,3.110267582313221146e-02,4.359318612415595540e-02,4.359318612415594846e-02
-1.262999999999999956e-01,-2.342419725381860440e-01,3.105011885159687096e-02,4.348150255964334382e-02,4.348150255964333688e-02
-1.260000000000000009e-01,-2.329881571179130695e-01,3.099768657038545067e-02,4.337008396206908784e-02,4.337008396206908090e-02
-1.257000000000000062e-01,-2.317373234227773915e-01,3.094537897949795752e-02,4.325893033143316663e-02,4.325893033143316663e-02
-1.254000000000000115e-01,-2.304894714527791211e-01,3.089319607893439845e-02,4.314804166773559407e-02,4.314804166773558713e-02
-1.250999999999999890e-01,-2.292446012079182582e-01,3.084113786869475959e-02,4.303741797097635630e-02,4.303741797097635630e-02
-1.247999999999999943e-01,-2.280027126881947475e-01,3.078920434877904788e-02,4.292705924115548105e-02,4.292705924115547411e-02
-1.244999999999999996e-01,-2.267638058936086443e-01,3.073739551918727025e-02,4.281696547827295446e-02,4.281696547827294058e-02
-1.242000000000000048e-01,-2.255278808241600041e-01,3.068571137991941283e-02,4.270713668232876264e-02,4.270713668232875571e-02
-1.238999999999999962e-01,-2.242949374798486606e-01,3.063415193097548950e-02,4.259757285332291254e-02,4.259757285332290561e-02
-1.236000000000000015e-01,-2.230649758606747801e-01,3.058271717235548637e-02,4.248827399125541804e-02,4.248827399125541110e-02
-1.232999999999999929e-01,-2.218379959666381962e-01,3.053140710405941732e-02,4.237924009612625831e-02,4.237924009612625137e-02
-1.229999999999999982e-01,-2.206139977977391309e-01,3.048022172608726849e-02,4.227047116793544029e-02,4.227047116793544029e-02
-1.227000000000000035e-01,-2.193929813539773899e-01,3.042916103843905373e-02,4.216196720668298481e-02,4.216196720668297787e-02
-1.223999999999999949e-01,-2.181749466353530287e-01,3.037822504111475919e-02,4.205372821236886410e-02,4.205372821236885716e-02
-1.221000000000000002e-01,-2.169598936418661028e-01,3.032741373411439872e-02,4.194575418499309899e-02,4.194575418499308511e-02
-1.217999999999999916e-01,-2.157478223735164735e-01,3.027672711743795847e-02,4.183804512455566865e-02,4.183804512455565477e-02
-1.214999999999999969e-01,-2.145387328303043073e-01,3.022616519108545230e-02,4.173060103105658697e-02,4.173060103105658003e-02
-1.212000000000000022e-01,-2.133326250122295487e-01,3.017572795505686634e-02,4.162342190449585394e-02,4.162342190449584006e-02
-1.209000000000000075e-01,-2.121294989192921976e-01,3.012541540935221446e-02,4.151650774487345569e-02,4.151650774487345569e-02
-1.205999999999999989e-01,-2.109293545514921431e-01,3.007522755397148972e-02,4.140985855218940609e-02,4.140985855218940609e-02
-1.202999999999999903e-01,-2.097321919088294961e-01,3.002516438891468520e-02,4.130347432644370514e-02,4.130347432644369821e-02
-1.199999999999999956e-01,-2.085380109913043400e-01,2.997522591418181476e-02,4.119735506763635285e-02,4.119735506763634592e-02
-1.197000000000000008e-01,-2.073468117989165083e-01,2.992541212977287146e-02,4.109150077576734922e-02,4.109150077576734228e-02
-1.194000000000000061e-01,-2.061585943316660841e-01,2.987572303568785531e-02,4.098591145083669424e-02,4.098591145083668036e-02
-1.190999999999999975e-01,-2.049733585895530119e-01,2.982615863192675937e-02,4.088058709284436709e-02,4.088058709284436015e-02
-1.187999999999999889e-01,-2.037911045725773473e-01,2.977671891848959751e-02,4.077552770179038860e-02,4.077552770179038860e-02
-1.184999999999999942e-01,-2.026118322807391181e-01,2.972740389537636280e-02,4.067073327767476570e-02,4.067073327767475877e-02
-1.181999999999999995e-01,-2.014355417140382409e-01,2.967821356258704829e-02,4.056620382049749146e-02,4.056620382049748452e-02
-1.179000000000000048e-01,-2.002622328724747991e-01,2.962914792012167481e-02,4.046193933025855199e-02,4.046193933025853812e-02
-1.175999999999999962e-01,-1.990919057560486816e-01,2.958020696798021459e-02,4.035793980695796118e-02,4.035793980695794730e-02
-1.173000000000000015e-01,-1.979245603647599994e-01,2.953139070616268846e-02,4.025420525059571902e-02,4.025420525059570515e-02
-1.169999999999999929e-01,-1.967601966986086415e-01,2.948269913466908948e-02,4.015073566117181164e-02,4.015073566117179776e-02
-1.166999999999999982e-01,-1.955988147575947467e-01,2.943413225349941070e-02,4.004753103868625985e-02,4.004753103868625291e-02
-1.164000000000000035e-01,-1.944404145417182594e-01,2.938569006265367295e-02,3.994459138313905672e-02,3.994459138313904284e-02
-1.160999999999999949e-01,-1.932849960509790688e-01,2.933737256213184846e-02,3.984191669453018836e-02,3.984191669453018142e-02
-1.158000000000000002e-01,-1.921325592853773967e-01,2.928917975193396500e-02,3.973950697285966865e-02,3.973950697285966172e-02
-1.155000000000000054e-01,-1.909831042449130489e-01,2.924111163205999481e-02,3.963736221812749760e-02,3.963736221812749067e-02
-1.151999999999999968e-01,-1.898366309295860810e-01,2.919316820250995870e-02,3.953548243033366133e-02,3.953548243033366133e-02
-1.149000000000000021e-01,-1.886931393393964929e-01,2.914534946328384973e-02,3.943386760947818065e-02,3.943386760947818065e-02
-1.145999999999999935e-01,-1.875526294743443123e-01,2.909765541438166792e-02,3.933251775556104862e-02,3.933251775556104168e-02
-1.142999999999999988e-01,-1.864151013344295393e-01,2.905008605580341324e-02,3.923143286858226525e-02,3.923143286858225137e-02
-1.140000000000000041e-01,-1.852805549196521462e-01,2.900264138754908572e-02,3.913061294854181665e-02,3.913061294854180971e-02
-1.136999999999999955e-01,-1.841489902300121329e-01,2.895532140961868534e-02,3.903005799543970977e-02,3.903005799543970283e-02
-1.134000000000000008e-01,-1.830204072655095549e-01,2.890812612201221904e-02,3.892976800927595848e-02,3.892976800927595155e-02
-1.131000000000000061e-01,-1.818948060261443844e-01,2.886105552472967295e-02,3.882974299005054891e-02,3.882974299005054891e-02
-1.127999999999999975e-01,-1.807721865119165106e-01,2.881410961777105401e-02,3.872998293776348105e-02,3.872998293776348105e-02
-1.125000000000000028e-01,-1.796525487228260998e-01,2.876728840113636221e-02,3.863048785241477573e-02,3.863048785241476185e-02
-1.121999999999999942e-01,-1.785358926588730133e-01,2.872059187482559756e-02,3.853125773400439130e-02,3.853125773400439130e-02
-1.118999999999999995e-01,-1.774222183200573899e-01,2.867402003883876005e-02,3.843229258253236941e-02,3.843229258253236941e-02
-1.116000000000000048e-01,-1.763115257063791463e-01,2.862757289317584969e-02,3.833359239799868923e-02,3.833359239799868229e-02
-1.112999999999999962e-01,-1.752038148178382548e-01,2.858125043783687341e-02,3.823515718040334382e-02,3.823515718040334382e-02
-1.110000000000000014e-01,-1.740990856544347709e-01,2.853505267282181734e-02,3.813698692974635401e-02,3.813698692974635401e-02
-1.106999999999999929e-01,-1.729973382161686390e-01,2.848897959813068842e-02,3.803908164602771286e-02,3.803908164602770592e-02
-1.103999999999999981e-01,-1.718985725030399703e-01,2.844303121376348664e-02,3.794144132924741342e-02,3.794144132924740648e-02
-1.101000000000000034e-01,-1.708027885150487091e-01,2.839720751972021201e-02,3.784406597940546263e-02,3.784406597940544875e-02
-1.097999999999999948e-01,-1.697099862521947444e-01,2.835150851600087146e-02,3.774695559650185356e-02,3.774695559650183968e-02
-1.095000000000000001e-01,-1.686201657144782429e-01,2.830593420260545112e-02,3.765011018053658620e-02,3.765011018053657926e-02
-1.092000000000000054e-01,-1.675333269018991489e-01,2.826048457953395793e-02,3.755352973150966750e-02,3.755352973150966750e-02
-1.088999999999999968e-01,-1.664494698144573792e-01,2.821515964678639882e-02,3.745721424942109051e-02,3.745721424942109051e-02
-1.086000000000000021e-01,-1.653685944521530449e-01,2.816995940436275991e-02,3.736116373427086912e-02,3.736116373427086218e-02
-1.082999999999999935e-01,-1.642907008149860626e-01,2.812488385226304816e-02,3.726537818605898250e-02,3.726537818605898250e-02
-1.079999999999999988e-01,-1.632157889029565156e-01,2.807993299048727048e-02,3.716985760478545148e-02,3.716985760478543760e-02
-1.077000000000000041e-01,-1.621438587160643763e-01,2.803510681903541996e-02,3.707460199045026217e-02,3.707460199045025523e-02
-1.073999999999999955e-01,-1.610749102543095612e-01,2.799040533790748964e-02,3.697961134305341457e-02,3.697961134305340763e-02
-1.071000000000000008e-01,-1.600089435176921537e-01,2.794582854710348646e-02,3.688488566259491563e-02,3.688488566259490870e-02
-1.068000000000000060e-01,-1.589459585062121816e-01,2.790137644662341737e-02,3.679042494907475841e-02,3.679042494907475841e-02
-1.064999999999999974e-01,-1.578859552198695337e-01,2.785704903646726849e-02,3.669622920249294984e-02,3.669622920249294290e-02
-1.062000000000000027e-01,-1.568289336586643490e-01,2.781284631663505369e-02,3.660229842284948992e-02,3.660229842284948298e-02
-1.058999999999999941e-01,-1.557748938225964885e-01,2.776876828712675910e-02,3.650863261014437172e-02,3.650863261014436478e-02
-1.055999999999999994e-01,-1.547238357116660634e-01,2.772481494794239859e-02,3.641523176437759524e-02,3.641523176437758830e-02
-1.053000000000000047e-01,-1.536757593258730459e-01,2.768098629908196523e-02,3.632209588554917434e-02,3.632209588554916740e-02
-1.049999999999999961e-01,-1.526306646652173526e-01,2.763728234054545208e-02,3.622922497365908823e-02,3.622922497365908129e-02
-1.047000000000000014e-01,-1.515885517296991225e-01,2.759370307233286607e-02,3.613661902870735076e-02,3.613661902870734383e-02
-1.044000000000000067e-01,-1.505494205193182999e-01,2.755024849444421414e-02,3.604427805069395502e-02,3.604427805069395502e-02
-1.040999999999999981e-01,-1.495132710340747462e-01,2.750691860687948936e-02,3.595220203961891486e-02,3.595220203961890792e-02
-1.038000000000000034e-01,-1.484801032739687110e-01,2.746371340963869173e-02,3.586039099548220949e-02,3.586039099548220949e-02
-1.034999999999999948e-01,-1.474499172390000001e-01,2.742063290272181431e-02,3.576884491828385276e-02,3.576884491828385276e-02
-1.032000000000000001e-01,-1.464227129291686691e-01,2.737767708612887096e-02,3.567756380802385163e-02,3.567756380802384469e-02
-1.029000000000000054e-01,-1.453984903444747734e-01,2.733484595985985477e-02,3.558654766470219222e-02,3.558654766470218528e-02
-1.025999999999999968e-01,-1.443772494849182297e-01,2.729213952391475878e-02,3.549579648831887452e-02,3.549579648831886064e-02
-1.023000000000000020e-01,-1.433589903504991214e-01,2.724955777829359688e-02,3.540531027887389853e-02,3.540531027887389159e-02
-1.019999999999999934e-01,-1.423437129412173652e-01,2.720710072299636212e-02,3.531508903636726426e-02,3.531508903636725732e-02
-1.016999999999999987e-01,-1.413314172570730443e-01,2.716476835802305451e-02,3.522513276079898559e-02,3.522513276079897865e-02
-1.014000000000000040e-01,-1.403221032980661032e-01,2.712256068337367404e-02,3.513544145216904863e-02,3.513544145216904863e-02
-1.010999999999999954e-01,-1.393157710641964864e-01,2.708047769904821378e-02,3.504601511047745338e-02,3.504601511047745338e-02
-1.008000000000000007e-01,-1.383124205554643604e-01,2.703851940504668760e-02,3.495685373572421373e-02,3.495685373572420679e-02
-1.005000000000000060e-01,-1.373120517718695865e-01,2.699668580136908858e-02,3.486795732790932273e-02,3.486795732790930885e-02
-1.001999999999999974e-01,-1.363146647134121647e-01,2.695497688801541669e-02,3.477932588703275957e-02,3.477932588703275263e-02
-9.990000000000000269e-02,-1.353202593800921782e-01,2.691339266498567195e-02,3.469095941309455200e-02,3.469095941309454506e-02
-9.959999999999999409e-02,-1.343288357719095438e-01,2.687193313227984742e-02,3.460285790609468615e-02,3.460285790609467921e-02
-9.929999999999999938e-02,-1.333403938888643170e-01,2.683059828989795698e-02,3.451502136603316895e-02,3.451502136603316201e-02
-9.900000000000000466e-02,-1.323549337309565255e-01,2.678938813783999368e-02,3.442744979290999346e-02,3.442744979290999346e-02
-9.869999999999999607e-02,-1.313724552981860583e-01,2.674830267610595752e-02,3.434014318672516664e-02,3.434014318672516664e-02
-9.840000000000000135e-02,-1.303929585905530264e-01,2.670734190469584851e-02,3.425310154747868846e-02,3.425310154747868152e-02
-9.810000000000000664e-02,-1.294164436080574021e-01,2.666650582360966665e-02,3.416632487517055200e-02,3.416632487517054506e-02
-9.779999999999999805e-02,-1.284429103506991021e-01,2.662579443284741193e-02,3.407981316980075726e-02,3.407981316980075032e-02
-9.750000000000000333e-02,-1.274723588184782652e-01,2.658520773240908436e-02,3.399356643136931116e-02,3.399356643136931116e-02
-9.719999999999999474e-02,-1.265047890113947526e-01,2.654474572229468393e-02,3.390758465987621373e-02,3.390758465987620679e-02
-9.690000000000000002e-02,-1.255402009294486754e-01,2.650440840250421759e-02,3.382186785532145801e-02,3.382186785532145107e-02
-9.660000000000000531e-02,-1.245785945726399779e-01,2.646419577303767146e-02,3.373641601770505788e-02,3.373641601770505094e-02
-9.629999999999999671e-02,-1.236199699409686603e-01,2.642410783389505247e-02,3.365122914702698559e-02,3.365122914702698559e-02
-9.600000000000000200e-02,-1.226643270344347503e-01,2.638414458507636062e-02,3.356630724328726889e-02,3.356630724328726195e-02
-9.570000000000000728e-02,-1.217116658530382756e-01,2.634430602658159593e-02,3.348165030648590085e-02,3.348165030648589391e-02
-9.539999999999999869e-02,-1.207619863967791252e-01,2.630459215841075837e-02,3.339725833662286758e-02,3.339725833662286064e-02
-9.510000000000000397e-02,-1.198152886656573823e-01,2.626500298056385491e-02,3.331313133369818991e-02,3.331313133369818297e-02
-9.479999999999999538e-02,-1.188715726596730193e-01,2.622553849304087165e-02,3.322926929771184701e-02,3.322926929771184701e-02
-9.450000000000000067e-02,-1.179308383788260917e-01,2.618619869584181553e-02,3.314567222866385970e-02,3.314567222866385970e-02
-9.420000000000000595e-02,-1.169930858231165161e-01,2.614698358896668656e-02,3.306234012655421411e-02,3.306234012655421411e-02
-9.389999999999999736e-02,-1.160583149925443203e-01,2.610789317241548474e-02,3.297927299138291718e-02,3.297927299138291024e-02
-9.360000000000000264e-02,-1.151265258871095598e-01,2.606892744618821700e-02,3.289647082314996196e-02,3.289647082314995502e-02
-9.329999999999999405e-02,-1.141977185068121514e-01,2.603008641028486947e-02,3.281393362185534845e-02,3.281393362185534152e-02
-9.299999999999999933e-02,-1.132718928516521784e-01,2.599137006470544908e-02,3.273166138749908360e-02,3.273166138749908360e-02
-9.270000000000000462e-02,-1.123490489216295851e-01,2.595277840944996278e-02,3.264965412008116741e-02,3.264965412008116741e-02
-9.239999999999999603e-02,-1.114291867167443162e-01,2.591431144451839669e-02,3.256791181960159293e-02,3.256791181960159293e-02
-9.210000000000000131e-02,-1.105123062369965381e-01,2.587596916991075774e-02,3.248643448606037404e-02,3.248643448606036710e-02
-9.180000000000000659e-02,-1.095984074823861121e-01,2.583775158562705287e-02,3.240522211945748993e-02,3.240522211945748299e-02
-9.149999999999999800e-02,-1.086874904529130104e-01,2.579965869166726822e-02,3.232427471979295447e-02,3.232427471979294753e-02
-9.120000000000000329e-02,-1.077795551485773995e-01,2.576169048803141765e-02,3.224359228706676073e-02,3.224359228706675379e-02
-9.089999999999999469e-02,-1.068746015693791129e-01,2.572384697471948728e-02,3.216317482127891564e-02,3.216317482127890870e-02
-9.059999999999999998e-02,-1.059726297153182617e-01,2.568612815173148406e-02,3.208302232242941227e-02,3.208302232242941227e-02
-9.030000000000000526e-02,-1.050736395863947903e-01,2.564853401906741492e-02,3.200313479051825755e-02,3.200313479051825755e-02
-8.999999999999999667e-02,-1.041776311826086709e-01,2.561106457672727293e-02,3.192351222554545148e-02,3.192351222554544454e-02
-8.970000000000000195e-02,-1.032846045039600147e-01,2.557371982471105115e-02,3.184415462751098713e-02,3.184415462751098019e-02
-8.940000000000000724e-02,-1.023945595504487105e-01,2.553649976301876345e-02,3.176506199641487144e-02,3.176506199641487144e-02
-8.909999999999999865e-02,-1.015074963220747584e-01,2.549940439165039596e-02,3.168623433225709746e-02,3.168623433225709746e-02
-8.880000000000000393e-02,-1.006234148188382693e-01,2.546243371060596256e-02,3.160767163503767213e-02,3.160767163503766519e-02
-8.849999999999999534e-02,-9.974231504073910459e-02,2.542558771988544936e-02,3.152937390475658852e-02,3.152937390475658158e-02
-8.820000000000000062e-02,-9.886419698777737519e-02,2.538886641948887024e-02,3.145134114141384662e-02,3.145134114141384662e-02
-8.790000000000000591e-02,-9.798906065995305337e-02,2.535226980941621827e-02,3.137357334500946032e-02,3.137357334500946032e-02
-8.759999999999999731e-02,-9.711690605726608361e-02,2.531579788966748651e-02,3.129607051554341574e-02,3.129607051554340880e-02
-8.730000000000000260e-02,-9.624773317971652142e-02,2.527945066024268883e-02,3.121883265301571286e-02,3.121883265301571286e-02
-8.700000000000000788e-02,-9.538154202730436682e-02,2.524322812114181830e-02,3.114185975742635865e-02,3.114185975742635865e-02
-8.669999999999999929e-02,-9.451833260002956427e-02,2.520713027236486797e-02,3.106515182877535308e-02,3.106515182877534614e-02
-8.640000000000000457e-02,-9.365810489789216930e-02,2.517115711391185173e-02,3.098870886706268923e-02,3.098870886706268230e-02
-8.609999999999999598e-02,-9.280085892089215416e-02,2.513530864578276264e-02,3.091253087228836710e-02,3.091253087228836016e-02
-8.580000000000000127e-02,-9.194659466902956046e-02,2.509958486797759375e-02,3.083661784445239362e-02,3.083661784445239362e-02
-8.550000000000000655e-02,-9.109531214230434659e-02,2.506398578049635895e-02,3.076096978355476880e-02,3.076096978355476880e-02
-8.519999999999999796e-02,-9.024701134071651254e-02,2.502851138333905129e-02,3.068558668959548569e-02,3.068558668959548569e-02
-8.490000000000000324e-02,-8.940169226426609994e-02,2.499316167650567078e-02,3.061046856257455123e-02,3.061046856257455123e-02
-8.460000000000000853e-02,-8.855935491295306716e-02,2.495793665999621741e-02,3.053561540249196543e-02,3.053561540249195849e-02
-8.429999999999999993e-02,-8.771999928677738645e-02,2.492283633381068425e-02,3.046102720934771441e-02,3.046102720934771441e-02
-8.400000000000000522e-02,-8.688362538573914107e-02,2.488786069794909211e-02,3.038670398314181204e-02,3.038670398314181204e-02
-8.369999999999999662e-02,-8.605023320983824775e-02,2.485300975241141325e-02,3.031264572387425832e-02,3.031264572387425138e-02
-8.340000000000000191e-02,-8.521982275907477589e-02,2.481828349719766846e-02,3.023885243154505326e-02,3.023885243154504632e-02
-8.310000000000000719e-02,-8.439239403344871160e-02,2.478368193230785083e-02,3.016532410615418991e-02,3.016532410615418297e-02
-8.279999999999999860e-02,-8.356794703295998550e-02,2.474920505774196033e-02,3.009206074770166828e-02,3.009206074770166134e-02
-8.250000000000000389e-02,-8.274648175760870861e-02,2.471485287349999699e-02,3.001906235618749530e-02,3.001906235618749530e-02
-8.219999999999999529e-02,-8.192799820739476990e-02,2.468062537958196079e-02,2.994632893161166404e-02,2.994632893161166404e-02
-8.190000000000000058e-02,-8.111249638231826653e-02,2.464652257598785173e-02,2.987386047397418837e-02,2.987386047397418143e-02
-8.160000000000000586e-02,-8.029997628237914298e-02,2.461254446271766982e-02,2.980165698327504747e-02,2.980165698327504747e-02
-8.129999999999999727e-02,-7.949043790757738537e-02,2.457869103977141506e-02,2.972971845951425524e-02,2.972971845951425524e-02
-8.100000000000000255e-02,-7.868388125791303533e-02,2.454496230714908744e-02,2.965804490269181165e-02,2.965804490269181165e-02
-8.070000000000000784e-02,-7.788030633338609288e-02,2.451135826485068697e-02,2.958663631280771672e-02,2.958663631280771672e-02
-8.039999999999999925e-02,-7.707971313399651636e-02,2.447787891287621365e-02,2.951549268986195657e-02,2.951549268986195657e-02
-8.010000000000000453e-02,-7.628210165974434742e-02,2.444452425122566747e-02,2.944461403385455200e-02,2.944461403385455200e-02
-7.979999999999999594e-02,-7.548747191062954442e-02,2.441129427989904843e-02,2.937400034478548222e-02,2.937400034478548222e-02
-7.950000000000000122e-02,-7.469582388665217676e-02,2.437818899889636348e-02,2.930365162265476803e-02,2.930365162265476803e-02
-7.920000000000000651e-02,-7.390715758781218891e-02,2.434520840821759874e-02,2.923356786746239555e-02,2.923356786746239555e-02
-7.889999999999999791e-02,-7.312147301410953926e-02,2.431235250786276114e-02,2.916374907920837173e-02,2.916374907920836479e-02
-7.860000000000000320e-02,-7.233877016554435269e-02,2.427962129783185069e-02,2.909419525789268962e-02,2.909419525789268268e-02
-7.830000000000000848e-02,-7.155904904211654594e-02,2.424701477812487432e-02,2.902490640351535617e-02,2.902490640351534923e-02
-7.799999999999999989e-02,-7.078230964382607737e-02,2.421453294874181816e-02,2.895588251607635749e-02,2.895588251607635749e-02
-7.770000000000000517e-02,-7.000855197067305802e-02,2.418217580968268915e-02,2.888712359557571441e-02,2.888712359557571441e-02
-7.739999999999999658e-02,-6.923777602265737685e-02,2.414994336094748728e-02,2.881862964201341304e-02,2.881862964201341304e-02
-7.710000000000000187e-02,-6.846998179977914489e-02,2.411783560253621256e-02,2.875040065538946032e-02,2.875040065538946032e-02
-7.680000000000000715e-02,-6.770516930203826500e-02,2.408585253444887192e-02,2.868243663570384933e-02,2.868243663570384933e-02
-7.649999999999999856e-02,-6.694333852943477881e-02,2.405399415668545149e-02,2.861473758295658698e-02,2.861473758295658004e-02
-7.620000000000000384e-02,-6.618448948196870019e-02,2.402226046924595820e-02,2.854730349714766635e-02,2.854730349714766635e-02
-7.590000000000000913e-02,-6.542862215964001527e-02,2.399065147213039900e-02,2.848013437827710131e-02,2.848013437827709438e-02
-7.560000000000000053e-02,-6.467573656244869629e-02,2.395916716533876001e-02,2.841323022634487105e-02,2.841323022634486412e-02
-7.530000000000000582e-02,-6.392583269039478489e-02,2.392780754887104816e-02,2.834659104135098945e-02,2.834659104135098945e-02
-7.499999999999999722e-02,-6.317891054347823943e-02,2.389657262272727040e-02,2.828021682329544956e-02,2.828021682329544956e-02
-7.470000000000000251e-02,-6.243497012169912930e-02,2.386546238690741284e-02,2.821410757217825832e-02,2.821410757217825832e-02
-7.440000000000000779e-02,-6.169401142505741287e-02,2.383447684141148937e-02,2.814826328799941574e-02,2.814826328799940880e-02
-7.409999999999999920e-02,-6.095603445355303462e-02,2.380361598623948610e-02,2.808268397075891487e-02,2.808268397075890793e-02
-7.380000000000000449e-02,-6.022103920718607784e-02,2.377287982139141692e-02,2.801736962045676266e-02,2.801736962045675572e-02
-7.349999999999999589e-02,-5.948902568595651474e-02,2.374226834686726795e-02,2.795232023709295216e-02,2.795232023709294522e-02
-7.320000000000000118e-02,-5.875999388986435923e-02,2.371178156266705306e-02,2.788753582066749032e-02,2.788753582066748338e-02
-7.290000000000000646e-02,-5.803394381890958353e-02,2.368141946879075838e-02,2.782301637118037019e-02,2.782301637118036325e-02
-7.259999999999999787e-02,-5.731087547309215990e-02,2.365118206523839778e-02,2.775876188863159871e-02,2.775876188863159177e-02
-7.230000000000000315e-02,-5.659078885241218548e-02,2.362106935200996433e-02,2.769477237302116895e-02,2.769477237302116895e-02
-7.200000000000000844e-02,-5.587368395686957701e-02,2.359108132910545108e-02,2.763104782434908785e-02,2.763104782434908785e-02
-7.169999999999999984e-02,-5.515956078646434835e-02,2.356121799652487192e-02,2.756758824261534846e-02,2.756758824261534846e-02
-7.140000000000000513e-02,-5.444841934119652727e-02,2.353147935426821297e-02,2.750439362781995772e-02,2.750439362781995772e-02
-7.109999999999999654e-02,-5.374025962106607213e-02,2.350186540233548810e-02,2.744146397996291564e-02,2.744146397996290870e-02
-7.080000000000000182e-02,-5.303508162607303844e-02,2.347237614072669037e-02,2.737879929904421528e-02,2.737879929904421528e-02
-7.050000000000000711e-02,-5.233288535621739845e-02,2.344301156944181286e-02,2.731639958506385663e-02,2.731639958506385663e-02
-7.019999999999999851e-02,-5.163367081149912441e-02,2.341377168848086943e-02,2.725426483802185357e-02,2.725426483802184663e-02
-6.990000000000000380e-02,-5.093743799191827182e-02,2.338465649784385314e-02,2.719239505791818529e-02,2.719239505791818529e-02
-6.960000000000000908e-02,-5.024418689747479905e-02,2.335566599753076400e-02,2.713079024475287260e-02,2.713079024475286566e-02
-6.930000000000000049e-02,-4.955391752816869222e-02,2.332680018754159507e-02,2.706945039852589469e-02,2.706945039852589469e-02
-6.900000000000000577e-02,-4.886662988400000684e-02,2.329805906787636022e-02,2.700837551923727237e-02,2.700837551923727237e-02
-6.869999999999999718e-02,-4.818232396496868741e-02,2.326944263853505251e-02,2.694756560688698482e-02,2.694756560688698482e-02
-6.840000000000000246e-02,-4.750099977107477556e-02,2.324095089951767196e-02,2.688702066147505287e-02,2.688702066147504594e-02
-6.810000000000000775e-02,-4.682265730231828516e-02,2.321258385082421855e-02,2.682674068300146264e-02,2.682674068300146264e-02
-6.779999999999999916e-02,-4.614729655869911906e-02,2.318434149245468534e-02,2.676672567146621412e-02,2.676672567146621412e-02
-6.750000000000000444e-02,-4.547491754021740218e-02,2.315622382440908622e-02,2.670697562686931426e-02,2.670697562686931426e-02
-6.720000000000000973e-02,-4.480552024687305124e-02,2.312823084668741425e-02,2.664749054921076304e-02,2.664749054921075611e-02
-6.690000000000000113e-02,-4.413910467866609399e-02,2.310036255928966942e-02,2.658827043849055355e-02,2.658827043849054661e-02
-6.660000000000000642e-02,-4.347567083559653045e-02,2.307261896221585173e-02,2.652931529470869271e-02,2.652931529470868577e-02
-6.629999999999999782e-02,-4.281521871766434673e-02,2.304500005546596120e-02,2.647062511786516664e-02,2.647062511786516664e-02
-6.600000000000000311e-02,-4.215774832486957058e-02,2.301750583903999781e-02,2.641219990795999617e-02,2.641219990795999617e-02
-6.570000000000000839e-02,-4.150325965721217425e-02,2.299013631293796156e-02,2.635403966499316741e-02,2.635403966499316741e-02
-6.539999999999999980e-02,-4.085175271469218550e-02,2.296289147715985246e-02,2.629614438896468731e-02,2.629614438896468731e-02
-6.510000000000000508e-02,-4.020322749730956269e-02,2.293577133170567051e-02,2.623851407987454892e-02,2.623851407987454892e-02
-6.479999999999999649e-02,-3.955768400506433358e-02,2.290877587657541570e-02,2.618114873772275919e-02,2.618114873772275225e-02
-6.450000000000000178e-02,-3.891512223795651204e-02,2.288190511176908803e-02,2.612404836250931811e-02,2.612404836250931117e-02
-6.420000000000000706e-02,-3.827554219598611196e-02,2.285515903728668752e-02,2.606721295423421875e-02,2.606721295423421181e-02
-6.389999999999999847e-02,-3.763894387915303619e-02,2.282853765312821415e-02,2.601064251289746110e-02,2.601064251289746110e-02
-6.360000000000000375e-02,-3.700532728745739575e-02,2.280204095929366792e-02,2.595433703849905210e-02,2.595433703849905210e-02
-6.330000000000000904e-02,-3.637469242089913513e-02,2.277566895578304884e-02,2.589829653103899176e-02,2.589829653103898482e-02
-6.300000000000000044e-02,-3.574703927947826820e-02,2.274942164259636385e-02,2.584252099051726620e-02,2.584252099051726620e-02
-6.270000000000000573e-02,-3.512236786319478110e-02,2.272329901973359906e-02,2.578701041693389623e-02,2.578701041693389623e-02
-6.239999999999999714e-02,-3.450067817204868770e-02,2.269730108719476142e-02,2.573176481028886797e-02,2.573176481028886797e-02
-6.210000000000000242e-02,-3.388197020604000187e-02,2.267142784497985092e-02,2.567678417058218837e-02,2.567678417058218837e-02
-6.180000000000000770e-02,-3.326624396516870974e-02,2.264567929308886757e-02,2.562206849781385049e-02,2.562206849781385049e-02
-6.149999999999999911e-02,-3.265349944943478355e-02,2.262005543152181830e-02,2.556761779198386125e-02,2.556761779198386125e-02
-6.120000000000000440e-02,-3.204373665883826494e-02,2.259455626027868924e-02,2.551343205309221374e-02,2.551343205309221374e-02
-6.090000000000000968e-02,-3.143695559337914697e-02,2.256918177935948733e-02,2.545951128113891487e-02,2.545951128113891487e-02
-6.060000000000000109e-02,-3.083315625305738800e-02,2.254393198876421256e-02,2.540585547612395773e-02,2.540585547612395773e-02
-6.030000000000000637e-02,-3.023233863787305048e-02,2.251880688849287188e-02,2.535246463804734923e-02,2.535246463804734923e-02
-5.999999999999999778e-02,-2.963450274782608584e-02,2.249380647854545140e-02,2.529933876690908939e-02,2.529933876690908245e-02
-5.970000000000000306e-02,-2.903964858291652185e-02,2.246893075892195807e-02,2.524647786270917127e-02,2.524647786270917127e-02
-5.940000000000000835e-02,-2.844777614314435848e-02,2.244417972962239882e-02,2.519388192544759486e-02,2.519388192544759486e-02
-5.909999999999999976e-02,-2.785888542850956107e-02,2.241955339064675978e-02,2.514155095512436711e-02,2.514155095512436711e-02
-5.880000000000000504e-02,-2.727297643901217816e-02,2.239505174199505483e-02,2.508948495173948801e-02,2.508948495173948801e-02
-5.850000000000001033e-02,-2.669004917465218896e-02,2.237067478366727008e-02,2.503768391529295062e-02,2.503768391529295062e-02
-5.820000000000000173e-02,-2.611010363542956569e-02,2.234642251566341248e-02,2.498614784578476189e-02,2.498614784578476189e-02
-5.790000000000000702e-02,-2.553313982134435695e-02,2.232229493798348896e-02,2.493487674321491487e-02,2.493487674321491487e-02
-5.759999999999999842e-02,-2.495915773239652108e-02,2.229829205062748565e-02,2.488387060758341651e-02,2.488387060758340957e-02
-5.730000000000000371e-02,-2.438815736858608585e-02,2.227441385359541642e-02,2.483312943889025987e-02,2.483312943889025987e-02
-5.700000000000000899e-02,-2.382013872991305820e-02,2.225066034688726740e-02,2.478265323713545187e-02,2.478265323713545187e-02
-5.670000000000000040e-02,-2.325510181637738955e-02,2.222703153050305247e-02,2.473244200231898560e-02,2.473244200231898560e-02
-5.640000000000000568e-02,-2.269304662797913541e-02,2.220352740444275774e-02,2.468249573444086797e-02,2.468249573444086797e-02
-5.610000000000001097e-02,-2.213397316471827497e-02,2.218014796870639710e-02,2.463281443350109901e-02,2.463281443350109901e-02
-5.580000000000000238e-02,-2.157788142659478742e-02,2.215689322329396360e-02,2.458339809949967175e-02,2.458339809949967175e-02
-5.550000000000000766e-02,-2.102477141360871438e-02,2.213376316820545031e-02,2.453424673243658621e-02,2.453424673243658621e-02
-5.519999999999999907e-02,-2.047464312575999340e-02,2.211075780344087111e-02,2.448536033231184933e-02,2.448536033231184933e-02
-5.490000000000000435e-02,-1.992749656304870776e-02,2.208787712900021211e-02,2.443673889912546110e-02,2.443673889912546110e-02
-5.460000000000000964e-02,-1.938333172547479499e-02,2.206512114488348719e-02,2.438838243287741459e-02,2.438838243287741459e-02
-5.430000000000001492e-02,-1.884214861303828287e-02,2.204248985109068942e-02,2.434029093356771672e-02,2.434029093356771672e-02
-5.399999999999999245e-02,-1.830394722573911587e-02,2.201998324762181186e-02,2.429246440119636058e-02,2.429246440119636058e-02
-5.369999999999999774e-02,-1.776872756357739114e-02,2.199760133447686838e-02,2.424490283576335309e-02,2.424490283576334615e-02
-5.340000000000000302e-02,-1.723648962655304623e-02,2.197534411165585205e-02,2.419760623726868731e-02,2.419760623726868731e-02
-5.310000000000000830e-02,-1.670723341466610196e-02,2.195321157915876287e-02,2.415057460571237019e-02,2.415057460571237019e-02
-5.280000000000001359e-02,-1.618095892791654444e-02,2.193120373698560083e-02,2.410380794109440172e-02,2.410380794109439478e-02
-5.249999999999999112e-02,-1.565766616630433206e-02,2.190932058513635899e-02,2.405730624341476803e-02,2.405730624341476803e-02
-5.219999999999999640e-02,-1.513735512982956194e-02,2.188756212361105125e-02,2.401106951267348993e-02,2.401106951267348300e-02
-5.190000000000000169e-02,-1.462002581849217858e-02,2.186592835240967064e-02,2.396509774887055355e-02,2.396509774887055355e-02
-5.160000000000000697e-02,-1.410567823229218198e-02,2.184441927153221719e-02,2.391939095200595888e-02,2.391939095200595888e-02
-5.130000000000001226e-02,-1.359431237122958602e-02,2.182303488097869087e-02,2.387394912207971981e-02,2.387394912207971287e-02
-5.100000000000001754e-02,-1.308592823530436988e-02,2.180177518074909171e-02,2.382877225909181551e-02,2.382877225909181551e-02
-5.069999999999999507e-02,-1.258052582451651275e-02,2.178064017084341275e-02,2.378386036304225987e-02,2.378386036304225987e-02
-5.040000000000000036e-02,-1.207810513886609094e-02,2.175962985126166788e-02,2.373921343393105288e-02,2.373921343393104594e-02
-5.010000000000000564e-02,-1.157866617835304895e-02,2.173874422200385015e-02,2.369483147175818760e-02,2.369483147175818760e-02
-4.980000000000001092e-02,-1.108220894297740067e-02,2.171798328306995957e-02,2.365071447652367098e-02,2.365071447652367098e-02
-4.950000000000001621e-02,-1.058873343273915302e-02,2.169734703445999613e-02,2.360686244822749608e-02,2.360686244822749608e-02
-4.919999999999999374e-02,-1.009823964763825049e-02,2.167683547617395984e-02,2.356327538686966983e-02,2.356327538686966983e-02
-4.889999999999999902e-02,-9.610727587674776362e-03,2.165644860821185069e-02,2.351995329245018529e-02,2.351995329245018529e-02
-4.860000000000000431e-02,-9.126197252848702868e-03,2.163618643057366869e-02,2.347689616496904941e-02,2.347689616496904941e-02
-4.830000000000000959e-02,-8.644648643160016133e-03,2.161604894325941384e-02,2.343410400442626218e-02,2.343410400442626218e-02
-4.800000000000001488e-02,-8.166081758608716157e-03,2.159603614626908613e-02,2.339157681082181667e-02,2.339157681082181667e-02
-4.769999999999999241e-02,-7.690496599194775185e-03,2.157614803960268557e-02,2.334931458415571287e-02,2.334931458415571287e-02
-4.739999999999999769e-02,-7.217893164918255666e-03,2.155638462326021215e-02,2.330731732442795773e-02,2.330731732442795773e-02
-4.710000000000000298e-02,-6.748271455779129846e-03,2.153674589724167282e-02,2.326558503163855124e-02,2.326558503163855124e-02
-4.680000000000000826e-02,-6.281631471777404663e-03,2.151723186154705370e-02,2.322411770578748647e-02,2.322411770578748647e-02
-4.650000000000001354e-02,-5.817973212913059300e-03,2.149784251617636172e-02,2.318291534687477035e-02,2.318291534687477035e-02
-4.620000000000001883e-02,-5.357296679186114574e-03,2.147857786112959688e-02,2.314197795490039594e-02,2.314197795490039594e-02
-4.589999999999999636e-02,-4.899601870596514974e-03,2.145943789640675919e-02,2.310130552986437019e-02,2.310130552986437019e-02
-4.560000000000000164e-02,-4.444888787144350706e-03,2.144042262200784865e-02,2.306089807176668616e-02,2.306089807176668616e-02
-4.530000000000000693e-02,-3.993157428829580136e-03,2.142153203793287219e-02,2.302075558060735078e-02,2.302075558060735078e-02
-4.500000000000001221e-02,-3.544407795652196325e-03,2.140276614418181594e-02,2.298087805638636405e-02,2.298087805638636405e-02
-4.470000000000001750e-02,-3.098639887612192334e-03,2.138412494075468684e-02,2.294126549910371904e-02,2.294126549910371904e-02
-4.439999999999999503e-02,-2.655853704709561225e-03,2.136560842765148488e-02,2.290191790875941574e-02,2.290191790875941574e-02
-4.410000000000000031e-02,-2.216049246944344631e-03,2.134721660487221701e-02,2.286283528535346110e-02,2.286283528535346110e-02
-4.380000000000000560e-02,-1.779226514316528673e-03,2.132894947241686934e-02,2.282401762888585511e-02,2.282401762888584817e-02
-4.350000000000001088e-02,-1.345385506826099475e-03,2.131080703028544882e-02,2.278546493935659084e-02,2.278546493935659084e-02
-4.320000000000001616e-02,-9.145262244730674450e-04,2.129278927847796238e-02,2.274717721676566828e-02,2.274717721676566828e-02
-4.289999999999999369e-02,-4.866486672573805405e-04,2.127489621699439615e-02,2.270915446111309438e-02,2.270915446111309438e-02
-4.259999999999999898e-02,-6.175283517912896758e-05,2.125712784583475706e-02,2.267139667239886913e-02,2.267139667239886913e-02
-4.230000000000000426e-02,3.601612717617323767e-04,2.123948416499905206e-02,2.263390385062298560e-02,2.263390385062298560e-02
-4.200000000000000955e-02,7.790936535652034922e-04,2.122196517448727421e-02,2.259667599578545072e-02,2.259667599578545072e-02
-4.170000000000001483e-02,1.195044310231284379e-03,2.120457087429941656e-02,2.255971310788626449e-02,2.255971310788625755e-02
-4.139999999999999236e-02,1.608013241760006262e-03,2.118730126443548606e-02,2.252301518692541304e-02,2.252301518692541304e-02
-4.109999999999999765e-02,2.018000448151306692e-03,2.117015634489548964e-02,2.248658223290291719e-02,2.248658223290291719e-02
-4.080000000000000293e-02,2.425005929405213423e-03,2.115313611567941343e-02,2.245041424581876305e-02,2.245041424581875611e-02
-4.050000000000000822e-02,2.829029685521733395e-03,2.113624057678727131e-02,2.241451122567295062e-02,2.241451122567295062e-02
-4.020000000000001350e-02,3.230071716500852730e-03,2.111946972821905633e-02,2.237887317246548685e-02,2.237887317246548685e-02
-3.990000000000001878e-02,3.628132022342578367e-03,2.110282356997476155e-02,2.234350008619637173e-02,2.234350008619637173e-02
-3.959999999999999631e-02,4.023210603046965816e-03,2.108630210205440086e-02,2.230839196686559833e-02,2.230839196686559833e-02
-3.930000000000000160e-02,4.415307458613910996e-03,2.106990532445796038e-02,2.227354881447316665e-02,2.227354881447316665e-02
-3.900000000000000688e-02,4.804422589043469416e-03,2.105363323718545399e-02,2.223897062901909055e-02,2.223897062901909055e-02
-3.870000000000001217e-02,5.190555994335641077e-03,2.103748584023687473e-02,2.220465741050334924e-02,2.220465741050334924e-02
-3.840000000000001745e-02,5.573707674490412101e-03,2.102146313361221569e-02,2.217060915892596351e-02,2.217060915892596351e-02
-3.809999999999999498e-02,5.953877629507831060e-03,2.100556511731149073e-02,2.213682587428691256e-02,2.213682587428691256e-02
-3.780000000000000027e-02,6.331065859387821626e-03,2.098979179133469292e-02,2.210330755658621721e-02,2.210330755658621721e-02
-3.750000000000000555e-02,6.705272364130432372e-03,2.097414315568181531e-02,2.207005420582386357e-02,2.207005420582386357e-02
-3.720000000000001084e-02,7.076497143735635542e-03,2.095861921035287179e-02,2.203706582199985164e-02,2.203706582199985164e-02
-3.690000000000001612e-02,7.444740198203458892e-03,2.094321995534785541e-02,2.200434240511418837e-02,2.200434240511418837e-02
-3.659999999999999365e-02,7.810001527533916299e-03,2.092794539066675924e-02,2.197188395516686682e-02,2.197188395516686682e-02
-3.629999999999999893e-02,8.172281131726959191e-03,2.091279551630959715e-02,2.193969047215789392e-02,2.193969047215789392e-02
-3.600000000000000422e-02,8.531579010782608385e-03,2.089777033227636222e-02,2.190776195608726967e-02,2.190776195608726967e-02
-3.570000000000000950e-02,8.887895164700856943e-03,2.088286983856705442e-02,2.187609840695498714e-02,2.187609840695498714e-02
-3.540000000000001479e-02,9.241229593481725679e-03,2.086809403518167377e-02,2.184469982476105326e-02,2.184469982476105326e-02
-3.509999999999999232e-02,9.591582297125228473e-03,2.085344292212021333e-02,2.181356620950546110e-02,2.181356620950546110e-02
-3.479999999999999760e-02,9.938953275631309814e-03,2.083891649938268698e-02,2.178269756118821759e-02,2.178269756118821066e-02
-3.450000000000000289e-02,1.028334252899999746e-02,2.082451476696908776e-02,2.175209387980931580e-02,2.175209387980931580e-02
-3.420000000000000817e-02,1.062475005723129140e-02,2.081023772487941570e-02,2.172175516536876266e-02,2.172175516536876266e-02
-3.390000000000001346e-02,1.096317586032520552e-02,2.079608537311367078e-02,2.169168141786655124e-02,2.169168141786655124e-02
-3.360000000000001874e-02,1.129861993828171901e-02,2.078205771167185301e-02,2.166187263730268847e-02,2.166187263730268847e-02
-3.329999999999999627e-02,1.163108229110088043e-02,2.076815474055396238e-02,2.163232882367716742e-02,2.163232882367716742e-02
-3.300000000000000155e-02,1.196056291878260652e-02,2.075437645975999890e-02,2.160304997698999502e-02,2.160304997698999502e-02
-3.270000000000000684e-02,1.228706182132694585e-02,2.074072286928996256e-02,2.157403609724117127e-02,2.157403609724117127e-02
-3.240000000000001212e-02,1.261057899873389843e-02,2.072719396914385337e-02,2.154528718443068924e-02,2.154528718443068924e-02
-3.210000000000001741e-02,1.293111445100346424e-02,2.071378975932167132e-02,2.151680323855855587e-02,2.151680323855855587e-02
-3.179999999999999494e-02,1.324866817813565717e-02,2.070051023982341643e-02,2.148858425962475727e-02,2.148858425962475727e-02
-3.150000000000000022e-02,1.356324018013042865e-02,2.068735541064908867e-02,2.146063024762931426e-02,2.146063024762931426e-02
-3.120000000000000551e-02,1.387483045698782030e-02,2.067432527179868806e-02,2.143294120257221297e-02,2.143294120257221297e-02
-3.090000000000001079e-02,1.418343900870781826e-02,2.066141982327221460e-02,2.140551712445346033e-02,2.140551712445346033e-02
-3.060000000000001608e-02,1.448906583529041558e-02,2.064863906506967522e-02,2.137835801327305635e-02,2.137835801327304941e-02
-3.029999999999999361e-02,1.479171093673566084e-02,2.063598299719105605e-02,2.135146386903098714e-02,2.135146386903098714e-02
-2.999999999999999889e-02,1.509137431304347771e-02,2.062345161963636403e-02,2.132483469172726659e-02,2.132483469172726659e-02
-2.970000000000000417e-02,1.538805596421390781e-02,2.061104493240559915e-02,2.129847048136189469e-02,2.129847048136189469e-02
-2.940000000000000946e-02,1.568175589024695116e-02,2.059876293549876142e-02,2.127237123793487145e-02,2.127237123793487145e-02
-2.910000000000001474e-02,1.597247409114259387e-02,2.058660562891585083e-02,2.124653696144618992e-02,2.124653696144618992e-02
-2.880000000000002003e-02,1.626021056690084982e-02,2.057457301265687433e-02,2.122096765189585704e-02,2.122096765189585704e-02
-2.849999999999999756e-02,1.654496531752173982e-02,2.056266508672181803e-02,2.119566330928385894e-02,2.119566330928385894e-02
-2.820000000000000284e-02,1.682673834300521531e-02,2.055088185111068888e-02,2.117062393361021644e-02,2.117062393361021644e-02
-2.790000000000000813e-02,1.710552964335129711e-02,2.053922330582348688e-02,2.114584952487491565e-02,2.114584952487491565e-02
-2.760000000000001341e-02,1.738133921855998520e-02,2.052768945086021896e-02,2.112134008307796351e-02,2.112134008307796351e-02
-2.730000000000001870e-02,1.765416706863128654e-02,2.051628028622087124e-02,2.109709560821935309e-02,2.109709560821935309e-02
-2.699999999999999623e-02,1.792401319356522194e-02,2.050499581190545068e-02,2.107311610029909132e-02,2.107311610029909132e-02
-2.670000000000000151e-02,1.819087759336173588e-02,2.049383602791396419e-02,2.104940155931717127e-02,2.104940155931717127e-02
-2.640000000000000679e-02,1.845476026802086306e-02,2.048280093424639792e-02,2.102595198527359988e-02,2.102595198527359988e-02
-2.610000000000001208e-02,1.871566121754259654e-02,2.047189053090276573e-02,2.100276737816837019e-02,2.100276737816837019e-02
-2.580000000000001736e-02,1.897358044192694326e-02,2.046110481788305374e-02,2.097984773800148917e-02,2.097984773800148917e-02
-2.549999999999999489e-02,1.922851794117391711e-02,2.045044379518726890e-02,2.095719306477294985e-02,2.095719306477294985e-02
-2.520000000000000018e-02,1.948047371528347643e-02,2.043990746281541815e-02,2.093480335848275919e-02,2.093480335848275919e-02
-2.490000000000000546e-02,1.972944776425564900e-02,2.042949582076748760e-02,2.091267861913091719e-02,2.091267861913091719e-02
-2.460000000000001075e-02,1.997544008809042787e-02,2.041920886904349114e-02,2.089081884671741690e-02,2.089081884671741690e-02
-2.430000000000001603e-02,2.021845068678781304e-02,2.040904660764341488e-02,2.086922404124226527e-02,2.086922404124226527e-02
-2.399999999999999356e-02,2.045847956034783227e-02,2.039900903656727271e-02,2.084789420270545535e-02,2.084789420270545535e-02
-2.369999999999999885e-02,2.069552670877043699e-02,2.038909615581505075e-02,2.082682933110698714e-02,2.082682933110698714e-02
-2.340000000000000413e-02,2.092959213205564800e-02,2.037930796538676287e-02,2.080602942644687453e-02,2.080602942644687453e-02
-2.310000000000000941e-02,2.116067583020347226e-02,2.036964446528240213e-02,2.078549448872509670e-02,2.078549448872509670e-02
-2.280000000000001470e-02,2.138877780321390282e-02,2.036010565550196161e-02,2.076522451794167445e-02,2.076522451794167445e-02
-2.250000000000001998e-02,2.161389805108693968e-02,2.035069153604545517e-02,2.074521951409659393e-02,2.074521951409659393e-02
-2.219999999999999751e-02,2.183603657382261060e-02,2.034140210691286893e-02,2.072547947718985512e-02,2.072547947718985512e-02
-2.190000000000000280e-02,2.205519337142086700e-02,2.033223736810421678e-02,2.070600440722146496e-02,2.070600440722146496e-02
-2.160000000000000808e-02,2.227136844388172970e-02,2.032319731961949177e-02,2.068679430419141652e-02,2.068679430419141652e-02
-2.130000000000001337e-02,2.248456179120520565e-02,2.031428196145868698e-02,2.066784916809971673e-02,2.066784916809971673e-02
-2.100000000000001865e-02,2.269477341339128790e-02,2.030549129362181626e-02,2.064916899894636559e-02,2.064916899894636559e-02
-2.069999999999999618e-02,2.290200331044000420e-02,2.029682531610887269e-02,2.063075379673135618e-02,2.063075379673134924e-02
-2.040000000000000147e-02,2.310625148235130599e-02,2.028828402891985627e-02,2.061260356145468847e-02,2.061260356145468847e-02
-2.010000000000000675e-02,2.330751792912521408e-02,2.027986743205476006e-02,2.059471829311636942e-02,2.059471829311636942e-02
-1.980000000000001203e-02,2.350580265076172848e-02,2.027157552551359793e-02,2.057709799171639903e-02,2.057709799171639903e-02
-1.950000000000001732e-02,2.370110564726085611e-02,2.026340830929636294e-02,2.055974265725477035e-02,2.055974265725477035e-02
-1.919999999999999485e-02,2.389342691862261087e-02,2.025536578340305510e-02,2.054265228973149032e-02,2.054265228973149032e-02
-1.890000000000000013e-02,2.408276646484695804e-02,2.024744794783367441e-02,2.052582688914655201e-02,2.052582688914655201e-02
-1.860000000000000542e-02,2.426912428593391152e-02,2.023965480258821392e-02,2.050926645549996236e-02,2.050926645549996236e-02
-1.830000000000001070e-02,2.445250038188347130e-02,2.023198634766668752e-02,2.049297098879171442e-02,2.049297098879171442e-02
-1.800000000000001599e-02,2.463289475269564432e-02,2.022444258306908826e-02,2.047694048902181513e-02,2.047694048902181513e-02
-1.770000000000002127e-02,2.481030739837042365e-02,2.021702350879541615e-02,2.046117495619026450e-02,2.046117495619026450e-02
-1.739999999999999880e-02,2.498473831890782315e-02,2.020972912484567119e-02,2.044567439029705558e-02,2.044567439029705558e-02
-1.710000000000000409e-02,2.515618751430782202e-02,2.020255943121985337e-02,2.043043879134218838e-02,2.043043879134218838e-02
-1.680000000000000937e-02,2.532465498457042719e-02,2.019551442791796270e-02,2.041546815932566983e-02,2.041546815932566983e-02
-1.650000000000001465e-02,2.549014072969564559e-02,2.018859411493999917e-02,2.040076249424749993e-02,2.040076249424749993e-02
-1.620000000000001994e-02,2.565264474968346337e-02,2.018179849228596279e-02,2.038632179610767176e-02,2.038632179610767176e-02
-1.589999999999999747e-02,2.581216704453391519e-02,2.017512755995585355e-02,2.037214606490619223e-02,2.037214606490619223e-02
-1.560000000000000275e-02,2.596870761424695251e-02,2.016858131794967146e-02,2.035823530064305442e-02,2.035823530064305442e-02
-1.530000000000000804e-02,2.612226645882260306e-02,2.016215976626741652e-02,2.034458950331826527e-02,2.034458950331826527e-02
-1.500000000000001332e-02,2.627284357826085992e-02,2.015586290490908872e-02,2.033120867293181783e-02,2.033120867293181783e-02
-1.470000000000001861e-02,2.642043897256173002e-02,2.014969073387468806e-02,2.031809280948371904e-02,2.031809280948371904e-02
-1.439999999999999614e-02,2.656505264172522029e-02,2.014364325316421456e-02,2.030524191297396197e-02,2.030524191297396197e-02
-1.410000000000000142e-02,2.670668458575130300e-02,2.013772046277766820e-02,2.029265598340255355e-02,2.029265598340255355e-02
-1.380000000000000671e-02,2.684533480463999894e-02,2.013192236271505592e-02,2.028033502076948685e-02,2.028033502076948685e-02
-1.350000000000001199e-02,2.698100329839130118e-02,2.012624895297636385e-02,2.026827902507476881e-02,2.026827902507476881e-02
-1.320000000000001728e-02,2.711369006700520973e-02,2.012070023356159892e-02,2.025648799631839941e-02,2.025648799631839941e-02
-1.289999999999999480e-02,2.724339511048173845e-02,2.011527620447076115e-02,2.024496193450037174e-02,2.024496193450037174e-02
-1.260000000000000009e-02,2.737011842882086654e-02,2.010997686570385051e-02,2.023370083962069271e-02,2.023370083962069271e-02
-1.230000000000000537e-02,2.749386002202260787e-02,2.010480221726087396e-02,2.022270471167935540e-02,2.022270471167935540e-02
-1.200000000000001066e-02,2.761461989008694856e-02,2.009975225914181762e-02,2.021197355067635981e-02,2.021197355067635981e-02
-1.170000000000001594e-02,2.773239803301390249e-02,2.009482699134668843e-02,2.020150735661171981e-02,2.020150735661171981e-02
-1.140000000000002123e-02,2.784719445080346967e-02,2.009002641387549332e-02,2.019130612948541459e-02,2.019130612948541459e-02
-1.109999999999999876e-02,2.795900914345565008e-02,2.008535052672821841e-02,2.018136986929746496e-02,2.018136986929746496e-02
-1.080000000000000404e-02,2.806784211097042986e-02,2.008079932990487065e-02,2.017169857604785010e-02,2.017169857604785010e-02
-1.050000000000000933e-02,2.817369335334782288e-02,2.007637282340545004e-02,2.016229224973659084e-02,2.016229224973659084e-02
-1.020000000000001461e-02,2.827656287058782220e-02,2.007207100722996351e-02,2.015315089036367330e-02,2.015315089036367330e-02
-9.900000000000019895e-03,2.837645066269042782e-02,2.006789388137839719e-02,2.014427449792909747e-02,2.014427449792909747e-02
-9.599999999999997424e-03,2.847335672965565362e-02,2.006384144585076496e-02,2.013566307243287029e-02,2.013566307243287029e-02
-9.300000000000002709e-03,2.856728107148347878e-02,2.005991370064705293e-02,2.012731661387499177e-02,2.012731661387499177e-02
-9.000000000000007994e-03,2.865822368817391025e-02,2.005611064576726804e-02,2.011923512225545496e-02,2.011923512225545496e-02
-8.700000000000013278e-03,2.874618457972695496e-02,2.005243228121141724e-02,2.011141859757425987e-02,2.011141859757425987e-02
-8.400000000000018563e-03,2.883116374614259902e-02,2.004887860697948665e-02,2.010386703983142037e-02,2.010386703983142037e-02
-8.099999999999996092e-03,2.891316118742087021e-02,2.004544962307149014e-02,2.009658044902691565e-02,2.009658044902691565e-02
-7.800000000000001377e-03,2.899217690356174076e-02,2.004214532948741384e-02,2.008955882516075958e-02,2.008955882516075958e-02
-7.500000000000006661e-03,2.906821089456521762e-02,2.003896572622727162e-02,2.008280216823295217e-02,2.008280216823295217e-02
-7.200000000000011946e-03,2.914126316043130077e-02,2.003591081329105655e-02,2.007631047824348647e-02,2.007631047824348647e-02
-6.900000000000017231e-03,2.921133370115999717e-02,2.003298059067876169e-02,2.007008375519236942e-02,2.007008375519236942e-02
-6.599999999999994760e-03,2.927842251675130680e-02,2.003017505839040091e-02,2.006412199907960103e-02,2.006412199907960103e-02
-6.300000000000000044e-03,2.934252960720521580e-02,2.002749421642596034e-02,2.005842520990517436e-02,2.005842520990517436e-02
-6.000000000000005329e-03,2.940365497252173804e-02,2.002493806478545385e-02,2.005299338766908940e-02,2.005299338766908940e-02
-5.700000000000010614e-03,2.946179861270086658e-02,2.002250660346887451e-02,2.004782653237135309e-02,2.004782653237135309e-02
-5.400000000000015898e-03,2.951696052774260143e-02,2.002019983247621537e-02,2.004292464401196544e-02,2.004292464401196544e-02
-5.100000000000021183e-03,2.956914071764694951e-02,2.001801775180749032e-02,2.003828772259091950e-02,2.003828772259091950e-02
-4.799999999999998712e-03,2.961833918241391084e-02,2.001596036146269242e-02,2.003391576810821528e-02,2.003391576810821528e-02
-4.500000000000003997e-03,2.966455592204347846e-02,2.001402766144181472e-02,2.002980878056385972e-02,2.002980878056385972e-02
-4.200000000000009281e-03,2.970779093653565239e-02,2.001221965174487111e-02,2.002596675995785280e-02,2.002596675995785280e-02
-3.900000000000014566e-03,2.974804422589043262e-02,2.001053633237185464e-02,2.002238970629018761e-02,2.002238970629018761e-02
-3.600000000000019851e-03,2.978531579010781916e-02,2.000897770332276532e-02,2.001907761956087106e-02,2.001907761956087106e-02
-3.299999999999997380e-03,2.981960562918782587e-02,2.000754376459759620e-02,2.001603049976989623e-02,2.001603049976989623e-02
-3.000000000000002665e-03,2.985091374313043194e-02,2.000623451619636117e-02,2.001324834691727006e-02,2.001324834691727006e-02
-2.700000000000007949e-03,2.987924013193565126e-02,2.000504995811905329e-02,2.001073116100299254e-02,2.001073116100299254e-02
-2.400000000000013234e-03,2.990458479560347688e-02,2.000399009036567255e-02,2.000847894202705674e-02,2.000847894202705674e-02
-2.100000000000018519e-03,2.992694773413390880e-02,2.000305491293621896e-02,2.000649168998946265e-02,2.000649168998946265e-02
-1.799999999999996048e-03,2.994632894752695396e-02,2.000224442583069251e-02,2.000476940489021721e-02,2.000476940489021721e-02
-1.500000000000001332e-03,2.996272843578260542e-02,2.000155862904908627e-02,2.000331208672931349e-02,2.000331208672931349e-02
-1.200000000000006617e-03,2.997614619890087012e-02,2.000099752259141411e-02,2.000211973550676536e-02,2.000211973550676536e-02
-9.000000000000119016e-04,2.998658223688174113e-02,2.000056110645766910e-02,2.000119235122255201e-02,2.000119235122255201e-02
-6.000000000000171863e-04,2.999403654972521843e-02,2.000024938064785124e-02,2.000052993387668732e-02,2.000052993387668732e-02
-3.000000000000224709e-04,2.999850913743130204e-02,2.000006234516196052e-02,2.000013248346917127e-02,2.000013248346917127e-02
0.000000000000000000e+00,2.999999999999999889e-02,1.999999999999999695e-02,1.999999999999999695e-02,1.999999999999999695e-02
2.999999999999947153e-04,2.999850913743130204e-02,2.000006234516196052e-02,2.000013248346917127e-02,2.000013248346917127e-02
5.999999999999894307e-04,2.999403654972521843e-02,2.000024938064785124e-02,2.000052993387668732e-02,2.000052993387668732e-02
8.999999999999841460e-04,2.998658223688174113e-02,2.000056110645766910e-02,2.000119235122255201e-02,2.000119235122255201e-02
1.199999999999978861e-03,2.997614619890087012e-02,2.000099752259141411e-02,2.000211973550676536e-02,2.000211973550676536e-02
1.500000000000001332e-03,2.996272843578260542e-02,2.000155862904908627e-02,2.000331208672931349e-02,2.000331208672931349e-02
1.799999999999996048e-03,2.994632894752695396e-02,2.000224442583069251e-02,2.000476940489021721e-02,2.000476940489021721e-02
2.099999999999990763e-03,2.992694773413391574e-02,2.000305491293621896e-02,2.000649168998946265e-02,2.000649168998946265e-02
2.399999999999985478e-03,2.990458479560347688e-02,2.000399009036567255e-02,2.000847894202704980e-02,2.000847894202704980e-02
2.699999999999980194e-03,2.987924013193565126e-02,2.000504995811905329e-02,2.001073116100299254e-02,2.001073116100299254e-02
3.000000000000002665e-03,2.985091374313043194e-02,2.000623451619636117e-02,2.001324834691727006e-02,2.001324834691727006e-02
3.299999999999997380e-03,2.981960562918782587e-02,2.000754376459759620e-02,2.001603049976989623e-02,2.001603049976989623e-02
3.599999999999992095e-03,2.978531579010782609e-02,2.000897770332276532e-02,2.001907761956087106e-02,2.001907761956087106e-02
3.899999999999986811e-03,2.974804422589043262e-02,2.001053633237185464e-02,2.002238970629018761e-02,2.002238970629018761e-02
4.199999999999981526e-03,2.970779093653565239e-02,2.001221965174487111e-02,2.002596675995785280e-02,2.002596675995785280e-02
4.500000000000003997e-03,2.966455592204347846e-02,2.001402766144181472e-02,2.002980878056385972e-02,2.002980878056385972e-02
4.799999999999998712e-03,2.961833918241391084e-02,2.001596036146269242e-02,2.003391576810821528e-02,2.003391576810821528e-02
5.099999999999993427e-03,2.956914071764695645e-02,2.001801775180749032e-02,2.003828772259091950e-02,2.003828772259091950e-02
5.399999999999988143e-03,2.951696052774260837e-02,2.002019983247621537e-02,2.004292464401196544e-02,2.004292464401196544e-02
5.699999999999982858e-03,2.946179861270087352e-02,2.002250660346887451e-02,2.004782653237135309e-02,2.004782653237135309e-02
5.999999999999977573e-03,2.940365497252174498e-02,2.002493806478545385e-02,2.005299338766908940e-02,2.005299338766908940e-02
6.300000000000000044e-03,2.934252960720521580e-02,2.002749421642596034e-02,2.005842520990517436e-02,2.005842520990517436e-02
6.599999999999994760e-03,2.927842251675130680e-02,2.003017505839040091e-02,2.006412199907960103e-02,2.006412199907960103e-02
6.899999999999989475e-03,2.921133370116000411e-02,2.003298059067876169e-02,2.007008375519236942e-02,2.007008375519236942e-02
7.199999999999984190e-03,2.914126316043130771e-02,2.003591081329104961e-02,2.007631047824348647e-02,2.007631047824348647e-02
7.499999999999978906e-03,2.906821089456522456e-02,2.003896572622727162e-02,2.008280216823295217e-02,2.008280216823295217e-02
7.800000000000001377e-03,2.899217690356174076e-02,2.004214532948741384e-02,2.008955882516075958e-02,2.008955882516075958e-02
8.099999999999996092e-03,2.891316118742087021e-02,2.004544962307149014e-02,2.009658044902691565e-02,2.009658044902691565e-02
8.399999999999990807e-03,2.883116374614261290e-02,2.004887860697948665e-02,2.010386703983141343e-02,2.010386703983141343e-02
8.699999999999985523e-03,2.874618457972696189e-02,2.005243228121141724e-02,2.011141859757425987e-02,2.011141859757425987e-02
8.999999999999980238e-03,2.865822368817391719e-02,2.005611064576726804e-02,2.011923512225545496e-02,2.011923512225545496e-02
9.300000000000002709e-03,2.856728107148347878e-02,2.005991370064705293e-02,2.012731661387499177e-02,2.012731661387499177e-02
9.599999999999997424e-03,2.847335672965565362e-02,2.006384144585076496e-02,2.013566307243287029e-02,2.013566307243287029e-02
9.899999999999992140e-03,2.837645066269043476e-02,2.006789388137839719e-02,2.014427449792909747e-02,2.014427449792909747e-02
1.019999999999998685e-02,2.827656287058782913e-02,2.007207100722996351e-02,2.015315089036367330e-02,2.015315089036367330e-02
1.049999999999998157e-02,2.817369335334782982e-02,2.007637282340545004e-02,2.016229224973659084e-02,2.016229224973659084e-02
1.079999999999997629e-02,2.806784211097044374e-02,2.008079932990487065e-02,2.017169857604785010e-02,2.017169857604785010e-02
1.109999999999999876e-02,2.795900914345565008e-02,2.008535052672821841e-02,2.018136986929746496e-02,2.018136986929746496e-02
1.139999999999999347e-02,2.784719445080347661e-02,2.009002641387548638e-02,2.019130612948541459e-02,2.019130612948541459e-02
1.169999999999998819e-02,2.773239803301391637e-02,2.009482699134668843e-02,2.020150735661171981e-02,2.020150735661171981e-02
1.199999999999998290e-02,2.761461989008696244e-02,2.009975225914181762e-02,2.021197355067635981e-02,2.021197355067635981e-02
1.229999999999997762e-02,2.749386002202261481e-02,2.010480221726087396e-02,2.022270471167935540e-02,2.022270471167935540e-02
1.260000000000000009e-02,2.737011842882086654e-02,2.010997686570385051e-02,2.023370083962069271e-02,2.023370083962069271e-02
1.289999999999999480e-02,2.724339511048173845e-02,2.011527620447076115e-02,2.024496193450037174e-02,2.024496193450037174e-02
1.319999999999998952e-02,2.711369006700522361e-02,2.012070023356159892e-02,2.025648799631839941e-02,2.025648799631839941e-02
1.349999999999998423e-02,2.698100329839130812e-02,2.012624895297636385e-02,2.026827902507476881e-02,2.026827902507476881e-02
1.379999999999997895e-02,2.684533480464000588e-02,2.013192236271505592e-02,2.028033502076948685e-02,2.028033502076948685e-02
1.410000000000000142e-02,2.670668458575130300e-02,2.013772046277766820e-02,2.029265598340255355e-02,2.029265598340255355e-02
1.439999999999999614e-02,2.656505264172522029e-02,2.014364325316421456e-02,2.030524191297396197e-02,2.030524191297396197e-02
1.469999999999999085e-02,2.642043897256174390e-02,2.014969073387468806e-02,2.031809280948371904e-02,2.031809280948371904e-02
1.499999999999998557e-02,2.627284357826087380e-02,2.015586290490908872e-02,2.033120867293181783e-02,2.033120867293181783e-02
1.529999999999998028e-02,2.612226645882261694e-02,2.016215976626741652e-02,2.034458950331825833e-02,2.034458950331825833e-02
1.560000000000000275e-02,2.596870761424695251e-02,2.016858131794967146e-02,2.035823530064305442e-02,2.035823530064305442e-02
1.589999999999999747e-02,2.581216704453391519e-02,2.017512755995585355e-02,2.037214606490619223e-02,2.037214606490619223e-02
1.619999999999999218e-02,2.565264474968348418e-02,2.018179849228596279e-02,2.038632179610767176e-02,2.038632179610767176e-02
1.649999999999998690e-02,2.549014072969565947e-02,2.018859411493999917e-02,2.040076249424749993e-02,2.040076249424749993e-02
1.679999999999998161e-02,2.532465498457044106e-02,2.019551442791796270e-02,2.041546815932566983e-02,2.041546815932566983e-02
1.709999999999997633e-02,2.515618751430783590e-02,2.020255943121985337e-02,2.043043879134218838e-02,2.043043879134218838e-02
1.739999999999999880e-02,2.498473831890782315e-02,2.020972912484567119e-02,2.044567439029705558e-02,2.044567439029705558e-02
1.769999999999999352e-02,2.481030739837043753e-02,2.021702350879541615e-02,2.046117495619026450e-02,2.046117495619026450e-02
1.799999999999998823e-02,2.463289475269565820e-02,2.022444258306908826e-02,2.047694048902181513e-02,2.047694048902181513e-02
1.829999999999998295e-02,2.445250038188348518e-02,2.023198634766668752e-02,2.049297098879171442e-02,2.049297098879171442e-02
1.859999999999997766e-02,2.426912428593392540e-02,2.023965480258821392e-02,2.050926645549996236e-02,2.050926645549996236e-02
1.890000000000000013e-02,2.408276646484695804e-02,2.024744794783367441e-02,2.052582688914655201e-02,2.052582688914655201e-02
1.919999999999999485e-02,2.389342691862261087e-02,2.025536578340305510e-02,2.054265228973149032e-02,2.054265228973149032e-02
1.949999999999998956e-02,2.370110564726087693e-02,2.026340830929636294e-02,2.055974265725477035e-02,2.055974265725477035e-02
1.979999999999998428e-02,2.350580265076174930e-02,2.027157552551359793e-02,2.057709799171639903e-02,2.057709799171639903e-02
2.009999999999997899e-02,2.330751792912523490e-02,2.027986743205476006e-02,2.059471829311636942e-02,2.059471829311636942e-02
2.040000000000000147e-02,2.310625148235130599e-02,2.028828402891985627e-02,2.061260356145468847e-02,2.061260356145468847e-02
2.069999999999999618e-02,2.290200331044000420e-02,2.029682531610887269e-02,2.063075379673135618e-02,2.063075379673134924e-02
2.099999999999999090e-02,2.269477341339130871e-02,2.030549129362181626e-02,2.064916899894635866e-02,2.064916899894635866e-02
2.129999999999998561e-02,2.248456179120522647e-02,2.031428196145868698e-02,2.066784916809971673e-02,2.066784916809971673e-02
2.159999999999998033e-02,2.227136844388175052e-02,2.032319731961949177e-02,2.068679430419141652e-02,2.068679430419141652e-02
2.190000000000000280e-02,2.205519337142086700e-02,2.033223736810421678e-02,2.070600440722146496e-02,2.070600440722146496e-02
2.219999999999999751e-02,2.183603657382261060e-02,2.034140210691286893e-02,2.072547947718985512e-02,2.072547947718985512e-02
2.249999999999999223e-02,2.161389805108696049e-02,2.035069153604545517e-02,2.074521951409658699e-02,2.074521951409658699e-02
2.279999999999998694e-02,2.138877780321392363e-02,2.036010565550196161e-02,2.076522451794166751e-02,2.076522451794166751e-02
2.309999999999998166e-02,2.116067583020349308e-02,2.036964446528239520e-02,2.078549448872509670e-02,2.078549448872509670e-02
2.339999999999997637e-02,2.092959213205566882e-02,2.037930796538676287e-02,2.080602942644686759e-02,2.080602942644686759e-02
2.369999999999999885e-02,2.069552670877043699e-02,2.038909615581505075e-02,2.082682933110698714e-02,2.082682933110698714e-02
2.399999999999999356e-02,2.045847956034783227e-02,2.039900903656727271e-02,2.084789420270545535e-02,2.084789420270545535e-02
2.429999999999998828e-02,2.021845068678783386e-02,2.040904660764341488e-02,2.086922404124225833e-02,2.086922404124225833e-02
2.459999999999998299e-02,1.997544008809044869e-02,2.041920886904349114e-02,2.089081884671741690e-02,2.089081884671741690e-02
2.489999999999997771e-02,1.972944776425566982e-02,2.042949582076748760e-02,2.091267861913091719e-02,2.091267861913091719e-02
2.520000000000000018e-02,1.948047371528347643e-02,2.043990746281541815e-02,2.093480335848275919e-02,2.093480335848275919e-02
2.549999999999999489e-02,1.922851794117391711e-02,2.045044379518726890e-02,2.095719306477294985e-02,2.095719306477294985e-02
2.579999999999998961e-02,1.897358044192696408e-02,2.046110481788305374e-02,2.097984773800148917e-02,2.097984773800148917e-02
2.609999999999998432e-02,1.871566121754262429e-02,2.047189053090275879e-02,2.100276737816837019e-02,2.100276737816837019e-02
2.639999999999997904e-02,1.845476026802088387e-02,2.048280093424639792e-02,2.102595198527359988e-02,2.102595198527359294e-02
2.670000000000000151e-02,1.819087759336173588e-02,2.049383602791396419e-02,2.104940155931717127e-02,2.104940155931717127e-02
2.699999999999999623e-02,1.792401319356522194e-02,2.050499581190545068e-02,2.107311610029909132e-02,2.107311610029909132e-02
2.729999999999999094e-02,1.765416706863131430e-02,2.051628028622087124e-02,2.109709560821935309e-02,2.109709560821935309e-02
2.759999999999998566e-02,1.738133921856001296e-02,2.052768945086021896e-02,2.112134008307796351e-02,2.112134008307796351e-02
2.789999999999998037e-02,1.710552964335132486e-02,2.053922330582348688e-02,2.114584952487491565e-02,2.114584952487491565e-02
2.819999999999997509e-02,1.682673834300524307e-02,2.055088185111068888e-02,2.117062393361021644e-02,2.117062393361021644e-02
2.849999999999999756e-02,1.654496531752173982e-02,2.056266508672181803e-02,2.119566330928385894e-02,2.119566330928385894e-02
2.879999999999999227e-02,1.626021056690087757e-02,2.057457301265687433e-02,2.122096765189585010e-02,2.122096765189585010e-02
2.909999999999998699e-02,1.597247409114262162e-02,2.058660562891585083e-02,2.124653696144618992e-02,2.124653696144618992e-02
2.939999999999998170e-02,1.568175589024697197e-02,2.059876293549876142e-02,2.127237123793487145e-02,2.127237123793486451e-02
2.969999999999997642e-02,1.538805596421393557e-02,2.061104493240559915e-02,2.129847048136189469e-02,2.129847048136189469e-02
2.999999999999999889e-02,1.509137431304347771e-02,2.062345161963636403e-02,2.132483469172726659e-02,2.132483469172726659e-02
3.029999999999999361e-02,1.479171093673566084e-02,2.063598299719105605e-02,2.135146386903098714e-02,2.135146386903098714e-02
3.059999999999998832e-02,1.448906583529044334e-02,2.064863906506966829e-02,2.137835801327304941e-02,2.137835801327304941e-02
3.089999999999998304e-02,1.418343900870784602e-02,2.066141982327221460e-02,2.140551712445346033e-02,2.140551712445346033e-02
3.119999999999997775e-02,1.387483045698784806e-02,2.067432527179868806e-02,2.143294120257221297e-02,2.143294120257221297e-02
3.150000000000000022e-02,1.356324018013042865e-02,2.068735541064908867e-02,2.146063024762931426e-02,2.146063024762931426e-02
3.179999999999999494e-02,1.324866817813565717e-02,2.070051023982341643e-02,2.148858425962475727e-02,2.148858425962475727e-02
3.209999999999998965e-02,1.293111445100349199e-02,2.071378975932167132e-02,2.151680323855854893e-02,2.151680323855854893e-02
3.239999999999998437e-02,1.261057899873393312e-02,2.072719396914385337e-02,2.154528718443068924e-02,2.154528718443068924e-02
3.269999999999997908e-02,1.228706182132698055e-02,2.074072286928996256e-02,2.157403609724116433e-02,2.157403609724116433e-02
3.300000000000000155e-02,1.196056291878260652e-02,2.075437645975999890e-02,2.160304997698999502e-02,2.160304997698999502e-02
3.329999999999999627e-02,1.163108229110088043e-02,2.076815474055396238e-02,2.163232882367716742e-02,2.163232882367716742e-02
3.359999999999999098e-02,1.129861993828174677e-02,2.078205771167185301e-02,2.166187263730268847e-02,2.166187263730268847e-02
3.389999999999998570e-02,1.096317586032523328e-02,2.079608537311367078e-02,2.169168141786655124e-02,2.169168141786655124e-02
3.419999999999998042e-02,1.062475005723132609e-02,2.081023772487941570e-02,2.172175516536875572e-02,2.172175516536875572e-02
3.449999999999997513e-02,1.028334252900002521e-02,2.082451476696908776e-02,2.175209387980931580e-02,2.175209387980930886e-02
3.479999999999999760e-02,9.938953275631309814e-03,2.083891649938268698e-02,2.178269756118821759e-02,2.178269756118821066e-02
3.509999999999999232e-02,9.591582297125228473e-03,2.085344292212021333e-02,2.181356620950546110e-02,2.181356620950546110e-02
3.539999999999998703e-02,9.241229593481753435e-03,2.086809403518167377e-02,2.184469982476105326e-02,2.184469982476104633e-02
3.569999999999998175e-02,8.887895164700884698e-03,2.088286983856705442e-02,2.187609840695498714e-02,2.187609840695498714e-02
3.599999999999997646e-02,8.531579010782636141e-03,2.089777033227636222e-02,2.190776195608726967e-02,2.190776195608726967e-02
3.629999999999999893e-02,8.172281131726959191e-03,2.091279551630959715e-02,2.193969047215789392e-02,2.193969047215789392e-02
3.659999999999999365e-02,7.810001527533916299e-03,2.092794539066675924e-02,2.197188395516686682e-02,2.197188395516686682e-02
3.689999999999998836e-02,7.444740198203486647e-03,2.094321995534785541e-02,2.200434240511418837e-02,2.200434240511418837e-02
3.719999999999998308e-02,7.076497143735677176e-03,2.095861921035287179e-02,2.203706582199985164e-02,2.203706582199985164e-02
3.749999999999997780e-02,6.705272364130460128e-03,2.097414315568181531e-02,2.207005420582385663e-02,2.207005420582385663e-02
3.780000000000000027e-02,6.331065859387821626e-03,2.098979179133469292e-02,2.210330755658621721e-02,2.210330755658621721e-02
3.809999999999999498e-02,5.953877629507831060e-03,2.100556511731149073e-02,2.213682587428691256e-02,2.213682587428691256e-02
3.839999999999998970e-02,5.573707674490446795e-03,2.102146313361221569e-02,2.217060915892595657e-02,2.217060915892595657e-02
3.869999999999998441e-02,5.190555994335675771e-03,2.103748584023686780e-02,2.220465741050334924e-02,2.220465741050334924e-02
3.899999999999997913e-02,4.804422589043511049e-03,2.105363323718545399e-02,2.223897062901908361e-02,2.223897062901908361e-02
3.929999999999997384e-02,4.415307458613945690e-03,2.106990532445796038e-02,2.227354881447316665e-02,2.227354881447316665e-02
3.959999999999999631e-02,4.023210603046965816e-03,2.108630210205440086e-02,2.230839196686559833e-02,2.230839196686559833e-02
3.989999999999999103e-02,3.628132022342620000e-03,2.110282356997476155e-02,2.234350008619636480e-02,2.234350008619636480e-02
4.019999999999998574e-02,3.230071716500887424e-03,2.111946972821904939e-02,2.237887317246548685e-02,2.237887317246548685e-02
4.049999999999998046e-02,2.829029685521761150e-03,2.113624057678727131e-02,2.241451122567295062e-02,2.241451122567295062e-02
4.079999999999997518e-02,2.425005929405255056e-03,2.115313611567941343e-02,2.245041424581875611e-02,2.245041424581875611e-02
4.109999999999999765e-02,2.018000448151306692e-03,2.117015634489548964e-02,2.248658223290291719e-02,2.248658223290291719e-02
4.139999999999999236e-02,1.608013241760006262e-03,2.118730126443548606e-02,2.252301518692541304e-02,2.252301518692541304e-02
4.169999999999998708e-02,1.195044310231322543e-03,2.120457087429941656e-02,2.255971310788625755e-02,2.255971310788625755e-02
4.199999999999998179e-02,7.790936535652451256e-04,2.122196517448726727e-02,2.259667599578545072e-02,2.259667599578545072e-02
4.229999999999997651e-02,3.601612717617705406e-04,2.123948416499905206e-02,2.263390385062298560e-02,2.263390385062298560e-02
4.259999999999999898e-02,-6.175283517912896758e-05,2.125712784583475706e-02,2.267139667239886913e-02,2.267139667239886913e-02
4.289999999999999369e-02,-4.866486672573805405e-04,2.127489621699439615e-02,2.270915446111309438e-02,2.270915446111309438e-02
4.319999999999998841e-02,-9.145262244730258117e-04,2.129278927847796238e-02,2.274717721676566828e-02,2.274717721676566828e-02
4.349999999999998312e-02,-1.345385506826057842e-03,2.131080703028544882e-02,2.278546493935658390e-02,2.278546493935658390e-02
4.379999999999997784e-02,-1.779226514316487040e-03,2.132894947241686934e-02,2.282401762888584817e-02,2.282401762888584817e-02
4.410000000000000031e-02,-2.216049246944344631e-03,2.134721660487221701e-02,2.286283528535346110e-02,2.286283528535346110e-02
4.439999999999999503e-02,-2.655853704709561225e-03,2.136560842765148488e-02,2.290191790875941574e-02,2.290191790875941574e-02
4.469999999999998974e-02,-3.098639887612157640e-03,2.138412494075468684e-02,2.294126549910371210e-02,2.294126549910371210e-02
4.499999999999998446e-02,-3.544407795652147752e-03,2.140276614418181594e-02,2.298087805638635711e-02,2.298087805638635711e-02
4.529999999999997917e-02,-3.993157428829531563e-03,2.142153203793286526e-02,2.302075558060735078e-02,2.302075558060735078e-02
4.559999999999997389e-02,-4.444888787144309072e-03,2.144042262200784865e-02,2.306089807176668616e-02,2.306089807176667922e-02
4.589999999999999636e-02,-4.899601870596514974e-03,2.145943789640675919e-02,2.310130552986437019e-02,2.310130552986437019e-02
4.619999999999999107e-02,-5.357296679186072941e-03,2.147857786112959688e-02,2.314197795490039594e-02,2.314197795490039594e-02
4.649999999999998579e-02,-5.817973212913024605e-03,2.149784251617636172e-02,2.318291534687477035e-02,2.318291534687476341e-02
4.679999999999998050e-02,-6.281631471777363029e-03,2.151723186154704676e-02,2.322411770578748647e-02,2.322411770578748647e-02
4.709999999999997522e-02,-6.748271455779081274e-03,2.153674589724166588e-02,2.326558503163854430e-02,2.326558503163854430e-02
4.739999999999999769e-02,-7.217893164918255666e-03,2.155638462326021215e-02,2.330731732442795773e-02,2.330731732442795773e-02
4.769999999999999241e-02,-7.690496599194775185e-03,2.157614803960268557e-02,2.334931458415571287e-02,2.334931458415571287e-02
4.799999999999998712e-02,-8.166081758608674523e-03,2.159603614626908613e-02,2.339157681082180973e-02,2.339157681082180973e-02
4.829999999999998184e-02,-8.644648643159967560e-03,2.161604894325941384e-02,2.343410400442625524e-02,2.343410400442625524e-02
4.859999999999997655e-02,-9.126197252848654295e-03,2.163618643057366869e-02,2.347689616496904941e-02,2.347689616496904247e-02
4.889999999999999902e-02,-9.610727587674776362e-03,2.165644860821185069e-02,2.351995329245018529e-02,2.351995329245018529e-02
4.919999999999999374e-02,-1.009823964763825049e-02,2.167683547617395984e-02,2.356327538686966983e-02,2.356327538686966983e-02
4.949999999999998845e-02,-1.058873343273911138e-02,2.169734703445999613e-02,2.360686244822749608e-02,2.360686244822749608e-02
4.979999999999998317e-02,-1.108220894297736597e-02,2.171798328306995957e-02,2.365071447652366404e-02,2.365071447652366404e-02
5.009999999999997788e-02,-1.157866617835300038e-02,2.173874422200385015e-02,2.369483147175818066e-02,2.369483147175818066e-02
5.040000000000000036e-02,-1.207810513886609094e-02,2.175962985126166788e-02,2.373921343393105288e-02,2.373921343393104594e-02
5.069999999999999507e-02,-1.258052582451651275e-02,2.178064017084341275e-02,2.378386036304225987e-02,2.378386036304225987e-02
5.099999999999998979e-02,-1.308592823530433519e-02,2.180177518074908477e-02,2.382877225909181551e-02,2.382877225909180857e-02
5.129999999999998450e-02,-1.359431237122953745e-02,2.182303488097868394e-02,2.387394912207971287e-02,2.387394912207971287e-02
5.159999999999997922e-02,-1.410567823229214035e-02,2.184441927153221025e-02,2.391939095200595888e-02,2.391939095200595194e-02
5.189999999999997393e-02,-1.462002581849213001e-02,2.186592835240967064e-02,2.396509774887054661e-02,2.396509774887054661e-02
5.219999999999999640e-02,-1.513735512982956194e-02,2.188756212361105125e-02,2.401106951267348993e-02,2.401106951267348300e-02
5.249999999999999112e-02,-1.565766616630433206e-02,2.190932058513635899e-02,2.405730624341476803e-02,2.405730624341476803e-02
5.279999999999998583e-02,-1.618095892791649587e-02,2.193120373698559389e-02,2.410380794109439478e-02,2.410380794109439478e-02
5.309999999999998055e-02,-1.670723341466605338e-02,2.195321157915875593e-02,2.415057460571237019e-02,2.415057460571236325e-02
5.339999999999997526e-02,-1.723648962655299766e-02,2.197534411165585205e-02,2.419760623726868037e-02,2.419760623726868037e-02
5.369999999999999774e-02,-1.776872756357739114e-02,2.199760133447686838e-02,2.424490283576335309e-02,2.424490283576334615e-02
5.399999999999999245e-02,-1.830394722573911587e-02,2.201998324762181186e-02,2.429246440119636058e-02,2.429246440119636058e-02
5.429999999999998717e-02,-1.884214861303823429e-02,2.204248985109068942e-02,2.434029093356770979e-02,2.434029093356770979e-02
5.459999999999998188e-02,-1.938333172547474642e-02,2.206512114488348719e-02,2.438838243287741459e-02,2.438838243287740765e-02
5.489999999999997660e-02,-1.992749656304865224e-02,2.208787712900021211e-02,2.443673889912545416e-02,2.443673889912545416e-02
5.519999999999999907e-02,-2.047464312575999340e-02,2.211075780344087111e-02,2.448536033231184933e-02,2.448536033231184933e-02
5.549999999999999378e-02,-2.102477141360867968e-02,2.213376316820545031e-02,2.453424673243658621e-02,2.453424673243658621e-02
5.579999999999998850e-02,-2.157788142659475272e-02,2.215689322329395666e-02,2.458339809949966481e-02,2.458339809949966481e-02
5.609999999999998321e-02,-2.213397316471822640e-02,2.218014796870639710e-02,2.463281443350109207e-02,2.463281443350109207e-02
5.639999999999997793e-02,-2.269304662797908684e-02,2.220352740444275774e-02,2.468249573444086797e-02,2.468249573444086103e-02
5.669999999999997264e-02,-2.325510181637734097e-02,2.222703153050304553e-02,2.473244200231898560e-02,2.473244200231897866e-02
5.699999999999999512e-02,-2.382013872991302350e-02,2.225066034688726740e-02,2.478265323713545187e-02,2.478265323713544493e-02
5.729999999999998983e-02,-2.438815736858607197e-02,2.227441385359541642e-02,2.483312943889025987e-02,2.483312943889025987e-02
5.759999999999998455e-02,-2.495915773239649332e-02,2.229829205062748565e-02,2.488387060758340957e-02,2.488387060758340957e-02
5.789999999999997926e-02,-2.553313982134430837e-02,2.232229493798348896e-02,2.493487674321490793e-02,2.493487674321490793e-02
5.819999999999997398e-02,-2.611010363542951712e-02,2.234642251566341248e-02,2.498614784578475495e-02,2.498614784578475495e-02
5.849999999999999645e-02,-2.669004917465216120e-02,2.237067478366727008e-02,2.503768391529295062e-02,2.503768391529295062e-02
5.879999999999999116e-02,-2.727297643901215735e-02,2.239505174199504789e-02,2.508948495173948801e-02,2.508948495173948107e-02
5.909999999999998588e-02,-2.785888542850954025e-02,2.241955339064675978e-02,2.514155095512436711e-02,2.514155095512436711e-02
5.939999999999998059e-02,-2.844777614314430991e-02,2.244417972962239188e-02,2.519388192544759486e-02,2.519388192544758792e-02
5.969999999999997531e-02,-2.903964858291647327e-02,2.246893075892195807e-02,2.524647786270916433e-02,2.524647786270916433e-02
5.999999999999999778e-02,-2.963450274782608584e-02,2.249380647854545140e-02,2.529933876690908939e-02,2.529933876690908245e-02
6.029999999999999249e-02,-3.023233863787302966e-02,2.251880688849287188e-02,2.535246463804734923e-02,2.535246463804734923e-02
6.059999999999998721e-02,-3.083315625305736718e-02,2.254393198876421256e-02,2.540585547612395773e-02,2.540585547612395773e-02
6.089999999999998193e-02,-3.143695559337908452e-02,2.256918177935948733e-02,2.545951128113891487e-02,2.545951128113890793e-02
6.119999999999997664e-02,-3.204373665883820943e-02,2.259455626027868230e-02,2.551343205309221374e-02,2.551343205309220680e-02
6.149999999999999911e-02,-3.265349944943478355e-02,2.262005543152181830e-02,2.556761779198386125e-02,2.556761779198386125e-02
6.179999999999999383e-02,-3.326624396516868198e-02,2.264567929308886757e-02,2.562206849781385049e-02,2.562206849781385049e-02
6.209999999999998854e-02,-3.388197020603997411e-02,2.267142784497985092e-02,2.567678417058218837e-02,2.567678417058218143e-02
6.239999999999998326e-02,-3.450067817204865994e-02,2.269730108719476142e-02,2.573176481028886797e-02,2.573176481028886103e-02
6.269999999999997797e-02,-3.512236786319473947e-02,2.272329901973359212e-02,2.578701041693388929e-02,2.578701041693388929e-02
6.299999999999997269e-02,-3.574703927947821269e-02,2.274942164259635691e-02,2.584252099051726620e-02,2.584252099051725926e-02
6.329999999999999516e-02,-3.637469242089910737e-02,2.277566895578304884e-02,2.589829653103898482e-02,2.589829653103898482e-02
6.359999999999998987e-02,-3.700532728745736799e-02,2.280204095929366792e-02,2.595433703849905210e-02,2.595433703849904516e-02
6.389999999999998459e-02,-3.763894387915300843e-02,2.282853765312821415e-02,2.601064251289745416e-02,2.601064251289745416e-02
6.419999999999997931e-02,-3.827554219598604257e-02,2.285515903728668752e-02,2.606721295423421181e-02,2.606721295423420487e-02
6.449999999999997402e-02,-3.891512223795647041e-02,2.288190511176908803e-02,2.612404836250931117e-02,2.612404836250930423e-02
6.479999999999999649e-02,-3.955768400506433358e-02,2.290877587657541570e-02,2.618114873772275919e-02,2.618114873772275225e-02
6.509999999999999121e-02,-4.020322749730953493e-02,2.293577133170567051e-02,2.623851407987454892e-02,2.623851407987454892e-02
6.539999999999998592e-02,-4.085175271469212999e-02,2.296289147715985246e-02,2.629614438896468731e-02,2.629614438896468037e-02
6.569999999999998064e-02,-4.150325965721213262e-02,2.299013631293796156e-02,2.635403966499316741e-02,2.635403966499316047e-02
6.599999999999997535e-02,-4.215774832486951507e-02,2.301750583903999781e-02,2.641219990795998923e-02,2.641219990795998923e-02
6.629999999999999782e-02,-4.281521871766434673e-02,2.304500005546596120e-02,2.647062511786516664e-02,2.647062511786516664e-02
6.659999999999999254e-02,-4.347567083559648882e-02,2.307261896221585173e-02,2.652931529470868577e-02,2.652931529470868577e-02
6.689999999999998725e-02,-4.413910467866605236e-02,2.310036255928966942e-02,2.658827043849054661e-02,2.658827043849054661e-02
6.719999999999998197e-02,-4.480552024687300960e-02,2.312823084668741425e-02,2.664749054921075611e-02,2.664749054921075611e-02
6.749999999999997669e-02,-4.547491754021733279e-02,2.315622382440908622e-02,2.670697562686930732e-02,2.670697562686930732e-02
6.779999999999997140e-02,-4.614729655869906355e-02,2.318434149245468534e-02,2.676672567146620718e-02,2.676672567146620718e-02
6.809999999999999387e-02,-4.682265730231824352e-02,2.321258385082421161e-02,2.682674068300145570e-02,2.682674068300145570e-02
6.839999999999998859e-02,-4.750099977107474780e-02,2.324095089951767196e-02,2.688702066147504594e-02,2.688702066147504594e-02
6.869999999999998330e-02,-4.818232396496865966e-02,2.326944263853505251e-02,2.694756560688698482e-02,2.694756560688698482e-02
6.899999999999997802e-02,-4.886662988399993746e-02,2.329805906787636022e-02,2.700837551923726543e-02,2.700837551923725849e-02
6.929999999999997273e-02,-4.955391752816863671e-02,2.332680018754159507e-02,2.706945039852589469e-02,2.706945039852588775e-02
6.959999999999999520e-02,-5.024418689747477129e-02,2.335566599753075706e-02,2.713079024475287260e-02,2.713079024475286566e-02
6.989999999999998992e-02,-5.093743799191824406e-02,2.338465649784385314e-02,2.719239505791818529e-02,2.719239505791818529e-02
7.019999999999998463e-02,-5.163367081149909665e-02,2.341377168848086943e-02,2.725426483802184663e-02,2.725426483802184663e-02
7.050000000000000711e-02,-5.233288535621739845e-02,2.344301156944181286e-02,2.731639958506385663e-02,2.731639958506385663e-02
7.079999999999997407e-02,-5.303508162607298293e-02,2.347237614072668344e-02,2.737879929904420834e-02,2.737879929904420834e-02
7.109999999999999654e-02,-5.374025962106607213e-02,2.350186540233548810e-02,2.744146397996291564e-02,2.744146397996290870e-02
7.139999999999996350e-02,-5.444841934119644400e-02,2.353147935426821297e-02,2.750439362781995078e-02,2.750439362781995078e-02
7.169999999999998597e-02,-5.515956078646430671e-02,2.356121799652486498e-02,2.756758824261534846e-02,2.756758824261534846e-02
7.200000000000000844e-02,-5.587368395686957701e-02,2.359108132910545108e-02,2.763104782434908785e-02,2.763104782434908785e-02
7.229999999999997540e-02,-5.659078885241211609e-02,2.362106935200995739e-02,2.769477237302116202e-02,2.769477237302116202e-02
7.259999999999999787e-02,-5.731087547309215990e-02,2.365118206523839778e-02,2.775876188863159871e-02,2.775876188863159177e-02
7.289999999999996483e-02,-5.803394381890948639e-02,2.368141946879075838e-02,2.782301637118036325e-02,2.782301637118035631e-02
7.319999999999998730e-02,-5.875999388986431760e-02,2.371178156266705306e-02,2.788753582066748338e-02,2.788753582066748338e-02
7.350000000000000977e-02,-5.948902568595654250e-02,2.374226834686726795e-02,2.795232023709295216e-02,2.795232023709295216e-02
7.379999999999997673e-02,-6.022103920718603620e-02,2.377287982139140998e-02,2.801736962045675572e-02,2.801736962045674878e-02
7.409999999999999920e-02,-6.095603445355303462e-02,2.380361598623948610e-02,2.808268397075891487e-02,2.808268397075890793e-02
7.439999999999996616e-02,-6.169401142505730185e-02,2.383447684141148243e-02,2.814826328799940880e-02,2.814826328799940186e-02
7.469999999999998863e-02,-6.243497012169910154e-02,2.386546238690741284e-02,2.821410757217825832e-02,2.821410757217825832e-02
7.500000000000001110e-02,-6.317891054347828106e-02,2.389657262272727040e-02,2.828021682329544956e-02,2.828021682329544956e-02
7.529999999999997806e-02,-6.392583269039471550e-02,2.392780754887104816e-02,2.834659104135098251e-02,2.834659104135097557e-02
7.560000000000000053e-02,-6.467573656244869629e-02,2.395916716533876001e-02,2.841323022634487105e-02,2.841323022634486412e-02
7.589999999999996749e-02,-6.542862215963990424e-02,2.399065147213039206e-02,2.848013437827708744e-02,2.848013437827708744e-02
7.619999999999998996e-02,-6.618448948196867243e-02,2.402226046924595820e-02,2.854730349714766635e-02,2.854730349714765941e-02
7.649999999999995692e-02,-6.694333852943466778e-02,2.405399415668544455e-02,2.861473758295658004e-02,2.861473758295657310e-02
7.679999999999997939e-02,-6.770516930203819561e-02,2.408585253444886498e-02,2.868243663570384933e-02,2.868243663570384239e-02
7.710000000000000187e-02,-6.846998179977914489e-02,2.411783560253621256e-02,2.875040065538946032e-02,2.875040065538946032e-02
7.739999999999996882e-02,-6.923777602265729358e-02,2.414994336094748728e-02,2.881862964201340610e-02,2.881862964201340610e-02
7.769999999999999130e-02,-7.000855197067303026e-02,2.418217580968268915e-02,2.888712359557571441e-02,2.888712359557570747e-02
7.799999999999995826e-02,-7.078230964382596635e-02,2.421453294874181122e-02,2.895588251607635055e-02,2.895588251607634361e-02
7.829999999999998073e-02,-7.155904904211647655e-02,2.424701477812486738e-02,2.902490640351534229e-02,2.902490640351534229e-02
7.860000000000000320e-02,-7.233877016554435269e-02,2.427962129783185069e-02,2.909419525789268962e-02,2.909419525789268268e-02
7.889999999999997016e-02,-7.312147301410946987e-02,2.431235250786275420e-02,2.916374907920836479e-02,2.916374907920835785e-02
7.919999999999999263e-02,-7.390715758781213340e-02,2.434520840821759874e-02,2.923356786746238861e-02,2.923356786746239555e-02
7.949999999999995959e-02,-7.469582388665205186e-02,2.437818899889635654e-02,2.930365162265476109e-02,2.930365162265475415e-02
7.979999999999998206e-02,-7.548747191062951667e-02,2.441129427989904843e-02,2.937400034478548222e-02,2.937400034478548222e-02
8.010000000000000453e-02,-7.628210165974434742e-02,2.444452425122566747e-02,2.944461403385455200e-02,2.944461403385455200e-02
8.039999999999997149e-02,-7.707971313399643309e-02,2.447787891287621365e-02,2.951549268986194963e-02,2.951549268986194963e-02
8.069999999999999396e-02,-7.788030633338606512e-02,2.451135826485068697e-02,2.958663631280770978e-02,2.958663631280770978e-02
8.099999999999996092e-02,-7.868388125791293819e-02,2.454496230714908050e-02,2.965804490269180471e-02,2.965804490269180471e-02
8.129999999999998339e-02,-7.949043790757734373e-02,2.457869103977141506e-02,2.972971845951425524e-02,2.972971845951425524e-02
8.160000000000000586e-02,-8.029997628237914298e-02,2.461254446271766982e-02,2.980165698327504747e-02,2.980165698327504747e-02
8.189999999999997282e-02,-8.111249638231818326e-02,2.464652257598785173e-02,2.987386047397418143e-02,2.987386047397417449e-02
8.219999999999999529e-02,-8.192799820739476990e-02,2.468062537958196079e-02,2.994632893161166404e-02,2.994632893161166404e-02
8.249999999999996225e-02,-8.274648175760858371e-02,2.471485287349999005e-02,3.001906235618748836e-02,3.001906235618748142e-02
8.279999999999998472e-02,-8.356794703295995774e-02,2.474920505774196033e-02,3.009206074770166134e-02,3.009206074770166134e-02
8.310000000000000719e-02,-8.439239403344871160e-02,2.478368193230785083e-02,3.016532410615418991e-02,3.016532410615418297e-02
8.339999999999997415e-02,-8.521982275907470650e-02,2.481828349719766846e-02,3.023885243154504632e-02,3.023885243154503938e-02
8.369999999999999662e-02,-8.605023320983824775e-02,2.485300975241141325e-02,3.031264572387425832e-02,3.031264572387425138e-02
8.399999999999996358e-02,-8.688362538573901617e-02,2.488786069794908518e-02,3.038670398314180510e-02,3.038670398314179816e-02
8.429999999999998606e-02,-8.771999928677734482e-02,2.492283633381068425e-02,3.046102720934771441e-02,3.046102720934770747e-02
8.460000000000000853e-02,-8.855935491295306716e-02,2.495793665999621741e-02,3.053561540249196543e-02,3.053561540249195849e-02
8.489999999999997549e-02,-8.940169226426600280e-02,2.499316167650566384e-02,3.061046856257454429e-02,3.061046856257453735e-02
8.519999999999999796e-02,-9.024701134071651254e-02,2.502851138333905129e-02,3.068558668959548569e-02,3.068558668959548569e-02
8.549999999999996492e-02,-9.109531214230424945e-02,2.506398578049635201e-02,3.076096978355476186e-02,3.076096978355475492e-02
8.579999999999998739e-02,-9.194659466902951883e-02,2.509958486797759375e-02,3.083661784445239362e-02,3.083661784445238668e-02
8.610000000000000986e-02,-9.280085892089218191e-02,2.513530864578276264e-02,3.091253087228836710e-02,3.091253087228836710e-02
8.639999999999997682e-02,-9.365810489789209992e-02,2.517115711391185173e-02,3.098870886706268230e-02,3.098870886706268230e-02
8.669999999999999929e-02,-9.451833260002956427e-02,2.520713027236486797e-02,3.106515182877535308e-02,3.106515182877534614e-02
8.699999999999996625e-02,-9.538154202730422804e-02,2.524322812114181136e-02,3.114185975742635171e-02,3.114185975742634477e-02
8.729999999999998872e-02,-9.624773317971649367e-02,2.527945066024268883e-02,3.121883265301570592e-02,3.121883265301570592e-02
8.759999999999995568e-02,-9.711690605726594483e-02,2.531579788966747957e-02,3.129607051554340186e-02,3.129607051554339492e-02
8.789999999999997815e-02,-9.798906065995297010e-02,2.535226980941621133e-02,3.137357334500945338e-02,3.137357334500944644e-02
8.820000000000000062e-02,-9.886419698777737519e-02,2.538886641948887024e-02,3.145134114141384662e-02,3.145134114141384662e-02
8.849999999999996758e-02,-9.974231504073902133e-02,2.542558771988544936e-02,3.152937390475658158e-02,3.152937390475657464e-02
8.879999999999999005e-02,-1.006234148188382416e-01,2.546243371060596256e-02,3.160767163503766519e-02,3.160767163503766519e-02
8.909999999999995701e-02,-1.015074963220746473e-01,2.549940439165038902e-02,3.168623433225708358e-02,3.168623433225708358e-02
8.939999999999997948e-02,-1.023945595504486272e-01,2.553649976301875651e-02,3.176506199641486450e-02,3.176506199641485756e-02
8.970000000000000195e-02,-1.032846045039600147e-01,2.557371982471105115e-02,3.184415462751098713e-02,3.184415462751098019e-02
8.999999999999996891e-02,-1.041776311826085877e-01,2.561106457672726600e-02,3.192351222554543760e-02,3.192351222554543760e-02
9.029999999999999138e-02,-1.050736395863947625e-01,2.564853401906741492e-02,3.200313479051825755e-02,3.200313479051825061e-02
9.059999999999995834e-02,-1.059726297153181229e-01,2.568612815173148406e-02,3.208302232242940533e-02,3.208302232242939839e-02
9.089999999999998082e-02,-1.068746015693790852e-01,2.572384697471948728e-02,3.216317482127890870e-02,3.216317482127890870e-02
9.120000000000000329e-02,-1.077795551485773995e-01,2.576169048803141765e-02,3.224359228706676073e-02,3.224359228706675379e-02
9.149999999999997025e-02,-1.086874904529129271e-01,2.579965869166726822e-02,3.232427471979294059e-02,3.232427471979294059e-02
9.179999999999999272e-02,-1.095984074823860566e-01,2.583775158562705287e-02,3.240522211945748993e-02,3.240522211945748299e-02
9.209999999999995968e-02,-1.105123062369963993e-01,2.587596916991075774e-02,3.248643448606036016e-02,3.248643448606035322e-02
9.239999999999998215e-02,-1.114291867167442884e-01,2.591431144451839669e-02,3.256791181960159293e-02,3.256791181960158599e-02
9.270000000000000462e-02,-1.123490489216295851e-01,2.595277840944996278e-02,3.264965412008116741e-02,3.264965412008116741e-02
9.299999999999997158e-02,-1.132718928516520951e-01,2.599137006470544908e-02,3.273166138749907667e-02,3.273166138749907667e-02
9.329999999999999405e-02,-1.141977185068121514e-01,2.603008641028486947e-02,3.281393362185534845e-02,3.281393362185534152e-02
9.359999999999996101e-02,-1.151265258871094488e-01,2.606892744618821006e-02,3.289647082314994808e-02,3.289647082314994114e-02
9.389999999999998348e-02,-1.160583149925442925e-01,2.610789317241548474e-02,3.297927299138291024e-02,3.297927299138290330e-02
9.420000000000000595e-02,-1.169930858231165161e-01,2.614698358896668656e-02,3.306234012655421411e-02,3.306234012655421411e-02
9.449999999999997291e-02,-1.179308383788260084e-01,2.618619869584181553e-02,3.314567222866385277e-02,3.314567222866384583e-02
9.479999999999999538e-02,-1.188715726596730193e-01,2.622553849304087165e-02,3.322926929771184701e-02,3.322926929771184701e-02
9.509999999999996234e-02,-1.198152886656572436e-01,2.626500298056384797e-02,3.331313133369817603e-02,3.331313133369816909e-02
9.539999999999998481e-02,-1.207619863967790974e-01,2.630459215841075837e-02,3.339725833662286758e-02,3.339725833662286064e-02
9.570000000000000728e-02,-1.217116658530382756e-01,2.634430602658159593e-02,3.348165030648590085e-02,3.348165030648589391e-02
9.599999999999997424e-02,-1.226643270344346948e-01,2.638414458507635368e-02,3.356630724328726195e-02,3.356630724328726195e-02
9.629999999999999671e-02,-1.236199699409686603e-01,2.642410783389505247e-02,3.365122914702698559e-02,3.365122914702698559e-02
9.659999999999996367e-02,-1.245785945726398669e-01,2.646419577303766452e-02,3.373641601770503706e-02,3.373641601770503706e-02
9.689999999999998614e-02,-1.255402009294486476e-01,2.650440840250421065e-02,3.382186785532145107e-02,3.382186785532145107e-02
9.720000000000000862e-02,-1.265047890113948081e-01,2.654474572229469087e-02,3.390758465987622067e-02,3.390758465987621373e-02
9.749999999999997558e-02,-1.274723588184781820e-01,2.658520773240908436e-02,3.399356643136931116e-02,3.399356643136929729e-02
9.779999999999999805e-02,-1.284429103506991021e-01,2.662579443284741193e-02,3.407981316980075726e-02,3.407981316980075032e-02
9.809999999999996501e-02,-1.294164436080572633e-01,2.666650582360966665e-02,3.416632487517053812e-02,3.416632487517053812e-02
9.839999999999998748e-02,-1.303929585905529986e-01,2.670734190469584851e-02,3.425310154747868846e-02,3.425310154747867458e-02
9.870000000000000995e-02,-1.313724552981861415e-01,2.674830267610596446e-02,3.434014318672517357e-02,3.434014318672516664e-02
9.899999999999997691e-02,-1.323549337309564422e-01,2.678938813783999368e-02,3.442744979290998653e-02,3.442744979290998653e-02
9.929999999999999938e-02,-1.333403938888643170e-01,2.683059828989795698e-02,3.451502136603316895e-02,3.451502136603316201e-02
9.959999999999996634e-02,-1.343288357719094606e-01,2.687193313227984742e-02,3.460285790609467921e-02,3.460285790609467227e-02
9.989999999999998881e-02,-1.353202593800921227e-01,2.691339266498566501e-02,3.469095941309455200e-02,3.469095941309453812e-02
1.001999999999999558e-01,-1.363146647134119982e-01,2.695497688801540975e-02,3.477932588703274569e-02,3.477932588703274569e-02
1.004999999999999782e-01,-1.373120517718695033e-01,2.699668580136908164e-02,3.486795732790930885e-02,3.486795732790930191e-02
1.008000000000000007e-01,-1.383124205554643604e-01,2.703851940504668760e-02,3.495685373572421373e-02,3.495685373572420679e-02
1.010999999999999677e-01,-1.393157710641963754e-01,2.708047769904820684e-02,3.504601511047745338e-02,3.504601511047743950e-02
1.013999999999999901e-01,-1.403221032980660476e-01,2.712256068337366710e-02,3.513544145216904863e-02,3.513544145216904169e-02
1.016999999999999571e-01,-1.413314172570729055e-01,2.716476835802304757e-02,3.522513276079897171e-02,3.522513276079896477e-02
1.019999999999999796e-01,-1.423437129412173374e-01,2.720710072299635518e-02,3.531508903636726426e-02,3.531508903636725732e-02
1.023000000000000020e-01,-1.433589903504991214e-01,2.724955777829359688e-02,3.540531027887389853e-02,3.540531027887389159e-02
1.025999999999999690e-01,-1.443772494849181465e-01,2.729213952391475878e-02,3.549579648831886064e-02,3.549579648831884676e-02
1.028999999999999915e-01,-1.453984903444747456e-01,2.733484595985984783e-02,3.558654766470218528e-02,3.558654766470217140e-02
1.031999999999999584e-01,-1.464227129291685581e-01,2.737767708612886403e-02,3.567756380802383082e-02,3.567756380802383082e-02
1.034999999999999809e-01,-1.474499172389999169e-01,2.742063290272181431e-02,3.576884491828385276e-02,3.576884491828385276e-02
1.038000000000000034e-01,-1.484801032739687110e-01,2.746371340963869173e-02,3.586039099548220949e-02,3.586039099548220949e-02
1.040999999999999703e-01,-1.495132710340746629e-01,2.750691860687948243e-02,3.595220203961890792e-02,3.595220203961890099e-02
1.043999999999999928e-01,-1.505494205193182444e-01,2.755024849444421414e-02,3.604427805069395502e-02,3.604427805069395502e-02
1.046999999999999598e-01,-1.515885517296989837e-01,2.759370307233286607e-02,3.613661902870734383e-02,3.613661902870732995e-02
1.049999999999999822e-01,-1.526306646652173249e-01,2.763728234054544514e-02,3.622922497365908129e-02,3.622922497365907435e-02
1.053000000000000047e-01,-1.536757593258730459e-01,2.768098629908196523e-02,3.632209588554917434e-02,3.632209588554916740e-02
1.055999999999999717e-01,-1.547238357116659802e-01,2.772481494794239165e-02,3.641523176437758830e-02,3.641523176437758136e-02
1.058999999999999941e-01,-1.557748938225964885e-01,2.776876828712675910e-02,3.650863261014437172e-02,3.650863261014436478e-02
1.061999999999999611e-01,-1.568289336586642102e-01,2.781284631663504675e-02,3.660229842284947605e-02,3.660229842284946911e-02
1.064999999999999836e-01,-1.578859552198694782e-01,2.785704903646726849e-02,3.669622920249294290e-02,3.669622920249294290e-02
1.068000000000000060e-01,-1.589459585062121816e-01,2.790137644662341737e-02,3.679042494907475841e-02,3.679042494907475841e-02
1.070999999999999730e-01,-1.600089435176920427e-01,2.794582854710348646e-02,3.688488566259490870e-02,3.688488566259490176e-02
1.073999999999999955e-01,-1.610749102543095612e-01,2.799040533790748964e-02,3.697961134305341457e-02,3.697961134305340763e-02
1.076999999999999624e-01,-1.621438587160641820e-01,2.803510681903540608e-02,3.707460199045024135e-02,3.707460199045024135e-02
1.079999999999999849e-01,-1.632157889029564601e-01,2.807993299048727048e-02,3.716985760478544454e-02,3.716985760478543760e-02
1.083000000000000074e-01,-1.642907008149861181e-01,2.812488385226304816e-02,3.726537818605898944e-02,3.726537818605898250e-02
1.085999999999999743e-01,-1.653685944521529338e-01,2.816995940436275297e-02,3.736116373427085524e-02,3.736116373427085524e-02
1.088999999999999968e-01,-1.664494698144573792e-01,2.821515964678639882e-02,3.745721424942109051e-02,3.745721424942109051e-02
1.091999999999999638e-01,-1.675333269018989824e-01,2.826048457953395793e-02,3.755352973150965362e-02,3.755352973150964668e-02
1.094999999999999862e-01,-1.686201657144781874e-01,2.830593420260545112e-02,3.765011018053657926e-02,3.765011018053657926e-02
1.098000000000000087e-01,-1.697099862521948277e-01,2.835150851600087146e-02,3.774695559650185356e-02,3.774695559650185356e-02
1.100999999999999757e-01,-1.708027885150485703e-01,2.839720751972021201e-02,3.784406597940544875e-02,3.784406597940544875e-02
1.103999999999999981e-01,-1.718985725030399703e-01,2.844303121376348664e-02,3.794144132924741342e-02,3.794144132924740648e-02
1.106999999999999651e-01,-1.729973382161685835e-01,2.848897959813068148e-02,3.803908164602769898e-02,3.803908164602769898e-02
1.109999999999999876e-01,-1.740990856544347154e-01,2.853505267282181040e-02,3.813698692974635401e-02,3.813698692974635401e-02
1.112999999999999545e-01,-1.752038148178380605e-01,2.858125043783685953e-02,3.823515718040334382e-02,3.823515718040332995e-02
1.115999999999999770e-01,-1.763115257063790076e-01,2.862757289317584969e-02,3.833359239799868229e-02,3.833359239799866841e-02
1.118999999999999995e-01,-1.774222183200573899e-01,2.867402003883876005e-02,3.843229258253236941e-02,3.843229258253236941e-02
1.121999999999999664e-01,-1.785358926588729023e-01,2.872059187482559062e-02,3.853125773400438436e-02,3.853125773400437742e-02
1.124999999999999889e-01,-1.796525487228260443e-01,2.876728840113635527e-02,3.863048785241476185e-02,3.863048785241476185e-02
1.127999999999999559e-01,-1.807721865119163440e-01,2.881410961777104013e-02,3.872998293776346718e-02,3.872998293776346718e-02
1.130999999999999783e-01,-1.818948060261442456e-01,2.886105552472966601e-02,3.882974299005054197e-02,3.882974299005053503e-02
1.134000000000000008e-01,-1.830204072655095549e-01,2.890812612201221904e-02,3.892976800927595848e-02,3.892976800927595155e-02
1.136999999999999678e-01,-1.841489902300120496e-01,2.895532140961868534e-02,3.903005799543970283e-02,3.903005799543969589e-02
1.139999999999999902e-01,-1.852805549196520907e-01,2.900264138754908572e-02,3.913061294854181665e-02,3.913061294854180278e-02
1.142999999999999572e-01,-1.864151013344294006e-01,2.905008605580340630e-02,3.923143286858223749e-02,3.923143286858223749e-02
1.145999999999999797e-01,-1.875526294743442846e-01,2.909765541438166792e-02,3.933251775556104862e-02,3.933251775556103474e-02
1.149000000000000021e-01,-1.886931393393964929e-01,2.914534946328384973e-02,3.943386760947818065e-02,3.943386760947818065e-02
1.151999999999999691e-01,-1.898366309295859700e-01,2.919316820250995176e-02,3.953548243033366133e-02,3.953548243033364745e-02
1.154999999999999916e-01,-1.909831042449129934e-01,2.924111163205999481e-02,3.963736221812749067e-02,3.963736221812749067e-02
1.157999999999999585e-01,-1.921325592853772302e-01,2.928917975193395112e-02,3.973950697285965478e-02,3.973950697285964784e-02
1.160999999999999810e-01,-1.932849960509790133e-01,2.933737256213184846e-02,3.984191669453018142e-02,3.984191669453016754e-02
1.164000000000000035e-01,-1.944404145417182594e-01,2.938569006265367295e-02,3.994459138313905672e-02,3.994459138313904284e-02
1.166999999999999704e-01,-1.955988147575946356e-01,2.943413225349941070e-02,4.004753103868625291e-02,4.004753103868623904e-02
1.169999999999999929e-01,-1.967601966986086415e-01,2.948269913466908948e-02,4.015073566117181164e-02,4.015073566117179776e-02
1.172999999999999599e-01,-1.979245603647598051e-01,2.953139070616268153e-02,4.025420525059569821e-02,4.025420525059569127e-02
1.175999999999999823e-01,-1.990919057560486261e-01,2.958020696798021459e-02,4.035793980695794730e-02,4.035793980695794730e-02
1.179000000000000048e-01,-2.002622328724747991e-01,2.962914792012167481e-02,4.046193933025855199e-02,4.046193933025853812e-02
1.181999999999999718e-01,-2.014355417140381577e-01,2.967821356258704829e-02,4.056620382049747758e-02,4.056620382049746371e-02
1.184999999999999942e-01,-2.026118322807391181e-01,2.972740389537636280e-02,4.067073327767476570e-02,4.067073327767475877e-02
1.187999999999999612e-01,-2.037911045725772363e-01,2.977671891848959057e-02,4.077552770179038166e-02,4.077552770179037472e-02
1.190999999999999837e-01,-2.049733585895529564e-01,2.982615863192675937e-02,4.088058709284436015e-02,4.088058709284436015e-02
1.194000000000000061e-01,-2.061585943316660841e-01,2.987572303568785531e-02,4.098591145083669424e-02,4.098591145083668036e-02
1.196999999999999731e-01,-2.073468117989163972e-01,2.992541212977286452e-02,4.109150077576733534e-02,4.109150077576733534e-02
1.199999999999999956e-01,-2.085380109913043400e-01,2.997522591418181476e-02,4.119735506763635285e-02,4.119735506763634592e-02
1.202999999999999625e-01,-2.097321919088294129e-01,3.002516438891467826e-02,4.130347432644370514e-02,4.130347432644369127e-02
1.205999999999999850e-01,-2.109293545514921153e-01,3.007522755397148279e-02,4.140985855218940609e-02,4.140985855218940609e-02
1.209000000000000075e-01,-2.121294989192921976e-01,3.012541540935221446e-02,4.151650774487345569e-02,4.151650774487345569e-02
1.211999999999999744e-01,-2.133326250122294654e-01,3.017572795505686634e-02,4.162342190449584006e-02,4.162342190449582618e-02
1.214999999999999969e-01,-2.145387328303043073e-01,3.022616519108545230e-02,4.173060103105658697e-02,4.173060103105658003e-02
1.217999999999999639e-01,-2.157478223735163347e-01,3.027672711743795153e-02,4.183804512455565477e-02,4.183804512455564090e-02
1.220999999999999863e-01,-2.169598936418660196e-01,3.032741373411439872e-02,4.194575418499308511e-02,4.194575418499307817e-02
1.223999999999999533e-01,-2.181749466353528344e-01,3.037822504111475225e-02,4.205372821236885023e-02,4.205372821236885023e-02
1.226999999999999758e-01,-2.193929813539772788e-01,3.042916103843904679e-02,4.216196720668297787e-02,4.216196720668297093e-02
1.229999999999999982e-01,-2.206139977977391309e-01,3.048022172608726849e-02,4.227047116793544029e-02,4.227047116793544029e-02
1.232999999999999652e-01,-2.218379959666380852e-01,3.053140710405941038e-02,4.237924009612625137e-02,4.237924009612623749e-02
1.235999999999999877e-01,-2.230649758606747246e-01,3.058271717235548637e-02,4.248827399125541110e-02,4.248827399125540416e-02
1.238999999999999546e-01,-2.242949374798484941e-01,3.063415193097548256e-02,4.259757285332289173e-02,4.259757285332289173e-02
1.241999999999999771e-01,-2.255278808241598931e-01,3.068571137991941283e-02,4.270713668232874877e-02,4.270713668232873489e-02
1.244999999999999996e-01,-2.267638058936086443e-01,3.073739551918727025e-02,4.281696547827295446e-02,4.281696547827294058e-02
1.247999999999999665e-01,-2.280027126881946364e-01,3.078920434877904788e-02,4.292705924115547411e-02,4.292705924115546717e-02
1.250999999999999890e-01,-2.292446012079182582e-01,3.084113786869475959e-02,4.303741797097635630e-02,4.303741797097635630e-02
1.253999999999999559e-01,-2.304894714527789545e-01,3.089319607893439151e-02,4.314804166773558020e-02,4.314804166773556632e-02
1.256999999999999784e-01,-2.317373234227772805e-01,3.094537897949795752e-02,4.325893033143316663e-02,4.325893033143315275e-02
1.260000000000000009e-01,-2.329881571179130695e-01,3.099768657038545067e-02,4.337008396206908784e-02,4.337008396206908090e-02
1.262999999999999678e-01,-2.342419725381859330e-01,3.105011885159686402e-02,4.348150255964332994e-02,4.348150255964332994e-02
1.265999999999999903e-01,-2.354987696835964261e-01,3.110267582313221146e-02,4.359318612415595540e-02,4.359318612415594846e-02
1.268999999999999573e-01,-2.367585485541441603e-01,3.115535748499147911e-02,4.370513465560690175e-02,4.370513465560688787e-02
1.271999999999999797e-01,-2.380213091498294686e-01,3.120816383717468084e-02,4.381734815399620370e-02,4.381734815399618982e-02
1.275000000000000022e-01,-2.392870514706521290e-01,3.126109487968181666e-02,4.392982661932385430e-02,4.392982661932384736e-02
1.277999999999999692e-01,-2.405557755166120304e-01,3.131415061251286575e-02,4.404257005158983967e-02,4.404257005158983274e-02
1.280999999999999917e-01,-2.418274812877095059e-01,3.136733103566784892e-02,4.415557845079418758e-02,4.415557845079417371e-02
1.283999999999999586e-01,-2.431021687839441670e-01,3.142063614914675229e-02,4.426885181693684945e-02,4.426885181693684251e-02
1.286999999999999811e-01,-2.443798380053164021e-01,3.147406595294959669e-02,4.438239015001788773e-02,4.438239015001787385e-02
1.290000000000000036e-01,-2.456604889518260448e-01,3.152762044707636130e-02,4.449619345003726772e-02,4.449619345003726079e-02
1.292999999999999705e-01,-2.469441216234729286e-01,3.158129963152704611e-02,4.461026171699496862e-02,4.461026171699496168e-02
1.295999999999999930e-01,-2.482307360202573310e-01,3.163510350630167195e-02,4.472459495089104592e-02,4.472459495089103204e-02
1.298999999999999599e-01,-2.495203321421789189e-01,3.168903207140020412e-02,4.483919315172544412e-02,4.483919315172543024e-02
1.301999999999999824e-01,-2.508129099892381086e-01,3.174308532682268424e-02,4.495405631949820485e-02,4.495405631949819791e-02
1.305000000000000049e-01,-2.521084695614347337e-01,3.179726327256909152e-02,4.506918445420931424e-02,4.506918445420930730e-02
1.307999999999999718e-01,-2.534070108587684889e-01,3.185156590863940512e-02,4.518457755585874452e-02,4.518457755585873759e-02
1.310999999999999943e-01,-2.547085338812399291e-01,3.190599323503366669e-02,4.530023562444655122e-02,4.530023562444653734e-02
1.313999999999999613e-01,-2.560130386288484994e-01,3.196054525175184152e-02,4.541615865997267187e-02,4.541615865997266493e-02
1.316999999999999837e-01,-2.573205251015946438e-01,3.201522195879395738e-02,4.553234666243715506e-02,4.553234666243714812e-02
1.320000000000000062e-01,-2.586309932994782512e-01,3.207002335616000038e-02,4.564879963183999384e-02,4.564879963183998690e-02
1.322999999999999732e-01,-2.599444432224989887e-01,3.212494944384995665e-02,4.576551756818115352e-02,4.576551756818115352e-02
1.325999999999999956e-01,-2.612608748706574113e-01,3.218000022186385395e-02,4.588250047146068267e-02,4.588250047146067573e-02
1.328999999999999626e-01,-2.625802882439528529e-01,3.223517569020165757e-02,4.599974834167853271e-02,4.599974834167852578e-02
1.331999999999999851e-01,-2.639026833423859797e-01,3.229047584886341610e-02,4.611726117883475223e-02,4.611726117883474529e-02
1.334999999999999520e-01,-2.652280601659563475e-01,3.234590069784908095e-02,4.623503898292929265e-02,4.623503898292927877e-02
1.337999999999999745e-01,-2.665564187146641784e-01,3.240145023715867989e-02,4.635308175396220254e-02,4.635308175396219560e-02
1.340999999999999970e-01,-2.678877589885095833e-01,3.245712446679221291e-02,4.647138949193345414e-02,4.647138949193344720e-02
1.343999999999999639e-01,-2.692220809874920073e-01,3.251292338674966614e-02,4.658996219684303358e-02,4.658996219684303358e-02
1.346999999999999864e-01,-2.705593847116121164e-01,3.256884699703104652e-02,4.670879986869098249e-02,4.670879986869096862e-02
1.349999999999999534e-01,-2.718996701608693556e-01,3.262489529763635404e-02,4.682790250747725230e-02,4.682790250747723843e-02
1.352999999999999758e-01,-2.732429373352642799e-01,3.268106828856558871e-02,4.694727011320188464e-02,4.694727011320187771e-02
1.355999999999999983e-01,-2.745891862347964452e-01,3.273736596981875746e-02,4.706690268586486564e-02,4.706690268586485176e-02
1.358999999999999653e-01,-2.759384168594659625e-01,3.279378834139584642e-02,4.718680022546616754e-02,4.718680022546616060e-02
1.361999999999999877e-01,-2.772906292092729430e-01,3.285033540329686946e-02,4.730696273200583890e-02,4.730696273200583196e-02
1.364999999999999547e-01,-2.786458232842171645e-01,3.290700715552180577e-02,4.742739020548384504e-02,4.742739020548382423e-02
1.367999999999999772e-01,-2.800039990842989601e-01,3.296380359807068311e-02,4.754808264590020678e-02,4.754808264590019290e-02
1.370999999999999996e-01,-2.813651566095182188e-01,3.302072473094348759e-02,4.766904005325491717e-02,4.766904005325489635e-02
1.373999999999999666e-01,-2.827292958598746075e-01,3.307777055414020534e-02,4.779026242754794845e-02,4.779026242754793458e-02
1.376999999999999891e-01,-2.840964168353685704e-01,3.313494106766087105e-02,4.791174976877934227e-02,4.791174976877933533e-02
1.379999999999999560e-01,-2.854665195359997742e-01,3.319223627150544309e-02,4.803350207694907087e-02,4.803350207694905699e-02
1.382999999999999785e-01,-2.868396039617685522e-01,3.324965616567395615e-02,4.815551935205716200e-02,4.815551935205714812e-02
1.386000000000000010e-01,-2.882156701126747933e-01,3.330720075016639636e-02,4.827780159410359484e-02,4.827780159410358790e-02
1.388999999999999679e-01,-2.895947179887180534e-01,3.336487002498275678e-02,4.840034880308836246e-02,4.840034880308834164e-02
1.391999999999999904e-01,-2.909767475898991096e-01,3.342266399012305128e-02,4.852316097901148567e-02,4.852316097901147179e-02
1.394999999999999574e-01,-2.923617589162171848e-01,3.348058264558725905e-02,4.864623812187292978e-02,4.864623812187292284e-02
1.397999999999999798e-01,-2.937497519676729452e-01,3.353862599137540784e-02,4.876958023167275030e-02,4.876958023167274336e-02
1.401000000000000023e-01,-2.951407267442660576e-01,3.359679402748749072e-02,4.889318730841091948e-02,4.889318730841090560e-02
1.403999999999999693e-01,-2.965346832459964110e-01,3.365508675392347993e-02,4.901705935208739567e-02,4.901705935208738873e-02
1.406999999999999917e-01,-2.979316214728642276e-01,3.371350417068341015e-02,4.914119636270225522e-02,4.914119636270224828e-02
1.409999999999999587e-01,-2.993315414248692852e-01,3.377204627776726059e-02,4.926559834025543566e-02,4.926559834025542178e-02
1.412999999999999812e-01,-3.007344431020120279e-01,3.383071307517504511e-02,4.939026528474697864e-02,4.939026528474696476e-02
1.416000000000000036e-01,-3.021403265042921227e-01,3.388950456290676372e-02,4.951519719617687026e-02,4.951519719617685639e-02
1.418999999999999706e-01,-3.035491916317094585e-01,3.394842074096238865e-02,4.964039407454508279e-02,4.964039407454507585e-02
1.421999999999999931e-01,-3.049610384842642574e-01,3.400746160934196155e-02,4.976585591985167173e-02,4.976585591985165785e-02
1.424999999999999600e-01,-3.063758670619562974e-01,3.406662716804544078e-02,4.989158273209656769e-02,4.989158273209656075e-02
1.427999999999999825e-01,-3.077936773647860225e-01,3.412591741707286103e-02,5.001757451127984005e-02,5.001757451127983312e-02
1.431000000000000050e-01,-3.092144693927529886e-01,3.418533235642421536e-02,5.014383125740145414e-02,5.014383125740144720e-02
1.433999999999999719e-01,-3.106382431458571958e-01,3.424487198609948296e-02,5.027035297046140300e-02,5.027035297046138912e-02
1.436999999999999944e-01,-3.120649986240990881e-01,3.430453630609868465e-02,5.039713965045971439e-02,5.039713965045970051e-02
1.439999999999999614e-01,-3.134947358274781104e-01,3.436432531642180654e-02,5.052419129739634668e-02,5.052419129739633974e-02
1.442999999999999838e-01,-3.149274547559947068e-01,3.442423901706886252e-02,5.065150791127134150e-02,5.065150791127132762e-02
1.445999999999999508e-01,-3.163631554096484333e-01,3.448427740803983871e-02,5.077908949208466416e-02,5.077908949208465028e-02
1.448999999999999733e-01,-3.178018377884398449e-01,3.454444048933475592e-02,5.090693603983635629e-02,5.090693603983634241e-02
1.451999999999999957e-01,-3.192435018923686085e-01,3.460472826095359333e-02,5.103504755452639707e-02,5.103504755452638320e-02
1.454999999999999627e-01,-3.206881477214345022e-01,3.466514072289635096e-02,5.116342403615475182e-02,5.116342403615473794e-02
1.457999999999999852e-01,-3.221357752756381920e-01,3.472567787516304960e-02,5.129206548472148297e-02,5.129206548472146215e-02
1.460999999999999521e-01,-3.235863845549789009e-01,3.478633971775366152e-02,5.142097190022652115e-02,5.142097190022652115e-02
1.463999999999999746e-01,-3.250399755594572948e-01,3.484712625066820751e-02,5.155014328266994267e-02,5.155014328266993573e-02
1.466999999999999971e-01,-3.264965482890730408e-01,3.490803747390668760e-02,5.167957963205169897e-02,5.167957963205169897e-02
1.469999999999999640e-01,-3.279561027438259169e-01,3.496907338746908095e-02,5.180928094837179004e-02,5.180928094837178310e-02
1.472999999999999865e-01,-3.294186389237164780e-01,3.503023399135541532e-02,5.193924723163025753e-02,5.193924723163024365e-02
1.475999999999999535e-01,-3.308841568287441692e-01,3.509151928556566297e-02,5.206947848182702510e-02,5.206947848182701816e-02
1.478999999999999759e-01,-3.323526564589094345e-01,3.515292927009985163e-02,5.219997469896217601e-02,5.219997469896216213e-02
1.481999999999999984e-01,-3.338241378142121629e-01,3.521446394495796051e-02,5.233073588303566170e-02,5.233073588303564783e-02
1.484999999999999654e-01,-3.352986008946520213e-01,3.527612331013998959e-02,5.246176203404748217e-02,5.246176203404746136e-02
1.487999999999999878e-01,-3.367760457002294538e-01,3.533790736564595275e-02,5.259305315199765823e-02,5.259305315199764436e-02
1.490999999999999548e-01,-3.382564722309441274e-01,3.539981611147584306e-02,5.272460923688616213e-02,5.272460923688616213e-02
1.493999999999999773e-01,-3.397398804867963751e-01,3.546184954762966052e-02,5.285643028871304244e-02,5.285643028871302856e-02
1.496999999999999997e-01,-3.412262704677860858e-01,3.552400767410741206e-02,5.298851630747825753e-02,5.298851630747825753e-02
1.499999999999999667e-01,-3.427156421739128156e-01,3.558629049090907687e-02,5.312086729318180739e-02,5.312086729318177963e-02
1.502999999999999892e-01,-3.442079956051773415e-01,3.564869799803468270e-02,5.325348324582370590e-02,5.325348324582369203e-02
1.505999999999999561e-01,-3.457033307615788864e-01,3.571123019548420180e-02,5.338636416540393920e-02,5.338636416540392532e-02
1.508999999999999786e-01,-3.472016476431181164e-01,3.577388708325766192e-02,5.351951005192254890e-02,5.351951005192253502e-02
1.512000000000000011e-01,-3.487029462497948096e-01,3.583666866135504919e-02,5.365292090537949338e-02,5.365292090537946562e-02
1.514999999999999680e-01,-3.502072265816085217e-01,3.589957492977634973e-02,5.378659672577475875e-02,5.378659672577474488e-02
1.517999999999999905e-01,-3.517144886385599190e-01,3.596260588852159129e-02,5.392053751310838666e-02,5.392053751310837278e-02
1.520999999999999575e-01,-3.532247324206484462e-01,3.602576153759075306e-02,5.405474326738036323e-02,5.405474326738033547e-02
1.523999999999999799e-01,-3.547379579278746586e-01,3.608904187698384197e-02,5.418921398859067456e-02,5.418921398859066069e-02
1.527000000000000024e-01,-3.562541651602382231e-01,3.615244690670087191e-02,5.432394967673934844e-02,5.432394967673934844e-02
1.529999999999999694e-01,-3.577733541177390286e-01,3.621597662674181511e-02,5.445895033182634321e-02,5.445895033182634321e-02
1.532999999999999918e-01,-3.592955248003772972e-01,3.627963103710668546e-02,5.459421595385170051e-02,5.459421595385170051e-02
1.535999999999999588e-01,-3.608206772081528069e-01,3.634341013779547602e-02,5.472974654281540646e-02,5.472974654281537871e-02
1.538999999999999813e-01,-3.623488113410660016e-01,3.640731392880821454e-02,5.486554209871744719e-02,5.486554209871743332e-02
1.542000000000000037e-01,-3.638799271991165485e-01,3.647134241014487327e-02,5.500160262155785046e-02,5.500160262155785046e-02
1.544999999999999707e-01,-3.654140247823042253e-01,3.653549558180544526e-02,5.513792811133657462e-02,5.513792811133656074e-02
1.547999999999999932e-01,-3.669511040906294763e-01,3.659977344378995828e-02,5.527451856805366132e-02,5.527451856805366132e-02
1.550999999999999601e-01,-3.684911651240919683e-01,3.666417599609838457e-02,5.541137399170906891e-02,5.541137399170906891e-02
1.553999999999999826e-01,-3.700342078826921455e-01,3.672870323873075882e-02,5.554849438230286679e-02,5.554849438230283903e-02
1.556999999999999496e-01,-3.715802323664292306e-01,3.679335517168704633e-02,5.568587973983497169e-02,5.568587973983495781e-02
1.559999999999999720e-01,-3.731292385753041119e-01,3.685813179496726794e-02,5.582353006430543912e-02,5.582353006430541137e-02
1.562999999999999945e-01,-3.746812265093164562e-01,3.692303310857140974e-02,5.596144535571424133e-02,5.596144535571424133e-02
1.565999999999999615e-01,-3.762361961684659306e-01,3.698805911249947870e-02,5.609962561406139220e-02,5.609962561406137832e-02
1.568999999999999839e-01,-3.777941475527529791e-01,3.705320980675148174e-02,5.623807083934690559e-02,5.623807083934687784e-02
1.571999999999999509e-01,-3.793550806621771576e-01,3.711848519132740498e-02,5.637678103157072601e-02,5.637678103157072601e-02
1.574999999999999734e-01,-3.809189954967390213e-01,3.718388526622726231e-02,5.651575619073293671e-02,5.651575619073290896e-02
1.577999999999999958e-01,-3.824858920564381259e-01,3.724941003145105373e-02,5.665499631683348220e-02,5.665499631683346832e-02
1.580999999999999628e-01,-3.840557703412745827e-01,3.731505948699875147e-02,5.679450140987234857e-02,5.679450140987233470e-02
1.583999999999999853e-01,-3.856286303512485025e-01,3.738083363287039024e-02,5.693427146984957748e-02,5.693427146984959136e-02
1.586999999999999522e-01,-3.872044720863597744e-01,3.744673246906594921e-02,5.707430649676514117e-02,5.707430649676512729e-02
1.589999999999999747e-01,-3.887832955466085094e-01,3.751275599558544921e-02,5.721460649061908127e-02,5.721460649061905351e-02
1.592999999999999972e-01,-3.903651007319947075e-01,3.757890421242886941e-02,5.735517145141134226e-02,5.735517145141132839e-02
1.595999999999999641e-01,-3.919498876425180356e-01,3.764517711959620982e-02,5.749600137914193804e-02,5.749600137914193804e-02
1.598999999999999866e-01,-3.935376562781790488e-01,3.771157471708748432e-02,5.763709627381089634e-02,5.763709627381089634e-02
1.601999999999999535e-01,-3.951284066389770810e-01,3.777809700490267902e-02,5.777845613541818942e-02,5.777845613541816167e-02
1.604999999999999760e-01,-3.967221387249127984e-01,3.784474398304180781e-02,5.792008096396383116e-02,5.792008096396384503e-02
1.607999999999999985e-01,-3.983188525359860899e-01,3.791151565150487068e-02,5.806197075944784930e-02,5.806197075944783542e-02
1.610999999999999654e-01,-3.999185480721962893e-01,3.797841201029184682e-02,5.820412552187016059e-02,5.820412552187016059e-02
1.613999999999999879e-01,-4.015212253335442849e-01,3.804543305940275705e-02,5.834654525123084828e-02,5.834654525123084828e-02
1.616999999999999549e-01,-4.031268843200292995e-01,3.811257879883758054e-02,5.848922994752987076e-02,5.848922994752985688e-02
1.619999999999999774e-01,-4.047355250316521103e-01,3.817984922859635893e-02,5.863217961076725576e-02,5.863217961076722801e-02
1.622999999999999998e-01,-4.063471474684121620e-01,3.824724434867905060e-02,5.877539424094298942e-02,5.877539424094297554e-02
1.625999999999999668e-01,-4.079617516303093439e-01,3.831476415908566246e-02,5.891887383805703010e-02,5.891887383805703010e-02
1.628999999999999893e-01,-4.095793375173443218e-01,3.838240865981621536e-02,5.906261840210944719e-02,5.906261840210943331e-02
1.631999999999999562e-01,-4.111999051295163188e-01,3.845017785087067458e-02,5.920662793310019906e-02,5.920662793310017130e-02
1.634999999999999787e-01,-4.128234544668258899e-01,3.851807173224908176e-02,5.935090243102928570e-02,5.935090243102928570e-02
1.638000000000000012e-01,-4.144499855292730350e-01,3.858609030395141609e-02,5.949544189589676263e-02,5.949544189589673487e-02
1.640999999999999681e-01,-4.160794983168571992e-01,3.865423356597766369e-02,5.964024632770251882e-02,5.964024632770251882e-02
1.643999999999999906e-01,-4.177119928295790485e-01,3.872250151832785231e-02,5.978531572644667919e-02,5.978531572644666531e-02
1.646999999999999575e-01,-4.193474690674379168e-01,3.879089416100194726e-02,5.993065009212913269e-02,5.993065009212913269e-02
1.649999999999999800e-01,-4.209859270304346923e-01,3.885941149399999017e-02,6.007624942474999036e-02,6.007624942474996260e-02
1.653000000000000025e-01,-4.226273667185687088e-01,3.892805351732196023e-02,6.022211372430916893e-02,6.022211372430914117e-02
1.655999999999999694e-01,-4.242717881318398554e-01,3.899682023096784356e-02,6.036824299080666839e-02,6.036824299080665451e-02
1.658999999999999919e-01,-4.259191912702486871e-01,3.906571163493766791e-02,6.051463722424254427e-02,6.051463722424253039e-02
1.661999999999999589e-01,-4.275695761337945378e-01,3.913472772923140552e-02,6.066129642461674104e-02,6.066129642461671329e-02
1.664999999999999813e-01,-4.292229427224780736e-01,3.920386851384908417e-02,6.080822059192931422e-02,6.080822059192928647e-02
1.668000000000000038e-01,-4.308792910362990725e-01,3.927313398879068995e-02,6.095540972618020831e-02,6.095540972618019443e-02
1.670999999999999708e-01,-4.325386210752572014e-01,3.934252415405620901e-02,6.110286382736943717e-02,6.110286382736942329e-02
1.673999999999999932e-01,-4.342009328393530154e-01,3.941203900964566909e-02,6.125058289549704243e-02,6.125058289549701468e-02
1.676999999999999602e-01,-4.358662263285858485e-01,3.948167855555904243e-02,6.139856693056295472e-02,6.139856693056295472e-02
1.679999999999999827e-01,-4.375345015429564777e-01,3.955144279179635680e-02,6.154681593256727118e-02,6.154681593256725730e-02
1.682999999999999496e-01,-4.392057584824641259e-01,3.962133171835758444e-02,6.169532990150986690e-02,6.169532990150985302e-02
1.685999999999999721e-01,-4.408799971471093482e-01,3.969134533524275310e-02,6.184410883739085291e-02,6.184410883739083903e-02
1.688999999999999946e-01,-4.425572175368921446e-01,3.976148364245184891e-02,6.199315274021017369e-02,6.199315274021017369e-02
1.691999999999999615e-01,-4.442374196518118490e-01,3.983174663998486492e-02,6.214246160996784313e-02,6.214246160996781537e-02
1.694999999999999840e-01,-4.459206034918694606e-01,3.990213432784180808e-02,6.229203544666384734e-02,6.229203544666381959e-02
1.697999999999999510e-01,-4.476067690570639801e-01,3.997264670602267839e-02,6.244187425029818633e-02,6.244187425029817246e-02
1.700999999999999734e-01,-4.492959163473964068e-01,4.004328377452748278e-02,6.259197802087092255e-02,6.259197802087089479e-02
1.703999999999999959e-01,-4.509880453628660746e-01,4.011404553335621431e-02,6.274234675838195885e-02,6.274234675838194497e-02
1.706999999999999629e-01,-4.526831561034727613e-01,4.018493198250885912e-02,6.289298046283134380e-02,6.289298046283131605e-02
1.709999999999999853e-01,-4.543812485692172443e-01,4.025594312198544494e-02,6.304387913421907741e-02,6.304387913421906353e-02
1.712999999999999523e-01,-4.560823227600988572e-01,4.032707895178595098e-02,6.319504277254514579e-02,6.319504277254513191e-02
1.715999999999999748e-01,-4.577863786761180442e-01,4.039833947191038416e-02,6.334647137780959059e-02,6.334647137780956283e-02
1.718999999999999972e-01,-4.594934163172746944e-01,4.046972468235875836e-02,6.349816495001238403e-02,6.349816495001235628e-02
1.721999999999999642e-01,-4.612034356835684745e-01,4.054123458313104583e-02,6.365012348915348450e-02,6.365012348915345675e-02
1.724999999999999867e-01,-4.629164367749998288e-01,4.061286917422726045e-02,6.380234699523294750e-02,6.380234699523291975e-02
1.727999999999999536e-01,-4.646324195915684241e-01,4.068462845564740221e-02,6.395483546825074528e-02,6.395483546825073140e-02
1.730999999999999761e-01,-4.663513841332745935e-01,4.075651242739148500e-02,6.410758890820690559e-02,6.410758890820689171e-02
1.733999999999999986e-01,-4.680733304001182260e-01,4.082852108945948799e-02,6.426060731510142843e-02,6.426060731510140067e-02
1.736999999999999655e-01,-4.697982583920988775e-01,4.090065444185140425e-02,6.441389068893423053e-02,6.441389068893423053e-02
1.739999999999999880e-01,-4.715261681092173252e-01,4.097291248456726848e-02,6.456743902970545068e-02,6.456743902970545068e-02
1.742999999999999550e-01,-4.732570595514727918e-01,4.104529521760703903e-02,6.472125233741497785e-02,6.472125233741496397e-02
1.745999999999999774e-01,-4.749909327188659436e-01,4.111780264097075754e-02,6.487533061206285367e-02,6.487533061206283980e-02
1.748999999999999999e-01,-4.767277876113964474e-01,4.119043475465839627e-02,6.502967385364911979e-02,6.502967385364907815e-02
1.751999999999999669e-01,-4.784676242290640813e-01,4.126319155866995519e-02,6.518428206217365128e-02,6.518428206217363741e-02
1.754999999999999893e-01,-4.802104425718694003e-01,4.133607305300544821e-02,6.533915523763658695e-02,6.533915523763657307e-02
1.757999999999999563e-01,-4.819562426398118493e-01,4.140907923766485449e-02,6.549429338003782963e-02,6.549429338003780188e-02
1.760999999999999788e-01,-4.837050244328919835e-01,4.148221011264820873e-02,6.564969648937744873e-02,6.564969648937744873e-02
1.764000000000000012e-01,-4.854567879511094697e-01,4.155546567795549012e-02,6.580536456565540260e-02,6.580536456565540260e-02
1.766999999999999682e-01,-4.872115331944640859e-01,4.162884593358668478e-02,6.596129760887170512e-02,6.596129760887169124e-02
1.769999999999999907e-01,-4.889692601629563873e-01,4.170235087954180658e-02,6.611749561902637018e-02,6.611749561902634242e-02
1.772999999999999576e-01,-4.907299688565857076e-01,4.177598051582085553e-02,6.627395859611932838e-02,6.627395859611931450e-02
1.775999999999999801e-01,-4.924936592753529352e-01,4.184973484242384550e-02,6.643068654015067687e-02,6.643068654015067687e-02
1.779000000000000026e-01,-4.942603314192574038e-01,4.192361385935076262e-02,6.658767945112036013e-02,6.658767945112036013e-02
1.781999999999999695e-01,-4.960299852882988914e-01,4.199761756660159301e-02,6.674493732902839205e-02,6.674493732902837817e-02
1.784999999999999920e-01,-4.978026208824780641e-01,4.207174596417635054e-02,6.690246017387475874e-02,6.690246017387475874e-02
1.787999999999999590e-01,-4.995782382017944778e-01,4.214599905207504216e-02,6.706024798565947409e-02,6.706024798565944633e-02
1.790999999999999814e-01,-5.013568372462484657e-01,4.222037683029766092e-02,6.721830076438255197e-02,6.721830076438252422e-02
1.793999999999999484e-01,-5.031384180158395836e-01,4.229487929884419989e-02,6.737661851004392299e-02,6.737661851004390912e-02
1.796999999999999709e-01,-5.049229805105684976e-01,4.236950645771467988e-02,6.753520122264371206e-02,6.753520122264368430e-02
1.799999999999999933e-01,-5.067105247304346527e-01,4.244425830690908702e-02,6.769404890218180815e-02,6.769404890218179427e-02
