path_A^-1,kx_A^-1,ky_A^-1,E_v_eV,E_c1_eV,E_v_local,E_c1_local
0.000000000000000000e+00,1.183274069148698038e+00,0.000000000000000000e+00,-2.316347359610095324e+01,6.261930598980930407e-01,0.000000000000000000e+00,0.000000000000000000e+00
3.380783054710565991e-03,1.179893286093987470e+00,0.000000000000000000e+00,-2.303112879574442573e+01,6.227399862883225001e-01,0.000000000000000000e+00,0.000000000000000000e+00
6.761566109421131981e-03,1.176512503039276902e+00,0.000000000000000000e+00,-2.289916266434456560e+01,6.193086861435604940e-01,0.000000000000000000e+00,0.000000000000000000e+00
1.014234916413169797e-02,1.173131719984566335e+00,0.000000000000000000e+00,-2.276757520190138351e+01,6.158991594638071332e-01,0.000000000000000000e+00,0.000000000000000000e+00
1.352313221884226396e-02,1.169750936929855767e+00,0.000000000000000000e+00,-2.263636640841486880e+01,6.125114062490623068e-01,0.000000000000000000e+00,0.000000000000000000e+00
1.690391527355282822e-02,1.166370153875145199e+00,0.000000000000000000e+00,-2.250553628388502503e+01,6.091454264993262369e-01,0.000000000000000000e+00,0.000000000000000000e+00
2.028469832826339594e-02,1.162989370820434631e+00,0.000000000000000000e+00,-2.237508482831185574e+01,6.058012202145985903e-01,0.000000000000000000e+00,0.000000000000000000e+00
2.366548138297396020e-02,1.159608587765724064e+00,0.000000000000000000e+00,-2.224501204169535384e+01,6.024787873948795891e-01,0.000000000000000000e+00,0.000000000000000000e+00
2.704626443768452793e-02,1.156227804711013496e+00,0.000000000000000000e+00,-2.211531792403551933e+01,5.991781280401691223e-01,0.000000000000000000e+00,0.000000000000000000e+00
3.042704749239509218e-02,1.152847021656302928e+00,0.000000000000000000e+00,-2.198600247533236285e+01,5.958992421504673009e-01,0.000000000000000000e+00,0.000000000000000000e+00
3.380783054710565644e-02,1.149466238601592361e+00,0.000000000000000000e+00,-2.185706569558587375e+01,5.926421297257740139e-01,0.000000000000000000e+00,0.000000000000000000e+00
3.718861360181622416e-02,1.146085455546881793e+00,0.000000000000000000e+00,-2.172850758479606270e+01,5.894067907660892613e-01,0.000000000000000000e+00,0.000000000000000000e+00
4.056939665652679189e-02,1.142704672492171225e+00,0.000000000000000000e+00,-2.160032814296291548e+01,5.861932252714132652e-01,0.000000000000000000e+00,0.000000000000000000e+00
4.395017971123735961e-02,1.139323889437460657e+00,0.000000000000000000e+00,-2.147252737008644274e+01,5.830014332417456924e-01,0.000000000000000000e+00,0.000000000000000000e+00
4.733096276594792040e-02,1.135943106382750090e+00,0.000000000000000000e+00,-2.134510526616663739e+01,5.798314146770867650e-01,0.000000000000000000e+00,0.000000000000000000e+00
5.071174582065848813e-02,1.132562323328039522e+00,0.000000000000000000e+00,-2.121806183120349942e+01,5.766831695774363720e-01,0.000000000000000000e+00,0.000000000000000000e+00
5.409252887536905585e-02,1.129181540273328954e+00,0.000000000000000000e+00,-2.109139706519703950e+01,5.735566979427946244e-01,0.000000000000000000e+00,0.000000000000000000e+00
5.747331193007961664e-02,1.125800757218618386e+00,0.000000000000000000e+00,-2.096511096814725406e+01,5.704519997731615222e-01,0.000000000000000000e+00,0.000000000000000000e+00
6.085409498479018436e-02,1.122419974163907819e+00,0.000000000000000000e+00,-2.083920354005413245e+01,5.673690750685369544e-01,0.000000000000000000e+00,0.000000000000000000e+00
6.423487803950074515e-02,1.119039191109197251e+00,0.000000000000000000e+00,-2.071367478091768533e+01,5.643079238289209210e-01,0.000000000000000000e+00,0.000000000000000000e+00
6.761566109421131288e-02,1.115658408054486683e+00,0.000000000000000000e+00,-2.058852469073790914e+01,5.612685460543135330e-01,0.000000000000000000e+00,0.000000000000000000e+00
7.099644414892188060e-02,1.112277624999776116e+00,0.000000000000000000e+00,-2.046375326951479678e+01,5.582509417447146793e-01,0.000000000000000000e+00,0.000000000000000000e+00
7.437722720363244833e-02,1.108896841945065548e+00,0.000000000000000000e+00,-2.033936051724836602e+01,5.552551109001244711e-01,0.000000000000000000e+00,0.000000000000000000e+00
7.775801025834301605e-02,1.105516058890354980e+00,0.000000000000000000e+00,-2.021534643393859909e+01,5.522810535205427973e-01,0.000000000000000000e+00,0.000000000000000000e+00
8.113879331305358378e-02,1.102135275835644412e+00,0.000000000000000000e+00,-2.009171101958550665e+01,5.493287696059696579e-01,0.000000000000000000e+00,0.000000000000000000e+00
8.451957636776413763e-02,1.098754492780933845e+00,0.000000000000000000e+00,-1.996845427418908514e+01,5.463982591564051638e-01,0.000000000000000000e+00,0.000000000000000000e+00
8.790035942247471923e-02,1.095373709726223277e+00,0.000000000000000000e+00,-1.984557619774933457e+01,5.434895221718492042e-01,0.000000000000000000e+00,0.000000000000000000e+00
9.128114247718527308e-02,1.091992926671512709e+00,0.000000000000000000e+00,-1.972307679026625493e+01,5.406025586523020010e-01,0.000000000000000000e+00,0.000000000000000000e+00
9.466192553189584080e-02,1.088612143616802141e+00,0.000000000000000000e+00,-1.960095605173984268e+01,5.377373685977632212e-01,0.000000000000000000e+00,0.000000000000000000e+00
9.804270858660640853e-02,1.085231360562091574e+00,0.000000000000000000e+00,-1.947921398217010136e+01,5.348939520082329757e-01,0.000000000000000000e+00,0.000000000000000000e+00
1.014234916413169763e-01,1.081850577507381006e+00,0.000000000000000000e+00,-1.935785058155703808e+01,5.320723088837113757e-01,0.000000000000000000e+00,0.000000000000000000e+00
1.048042746960275301e-01,1.078469794452670438e+00,0.000000000000000000e+00,-1.923686584990064219e+01,5.292724392241984210e-01,0.000000000000000000e+00,0.000000000000000000e+00
1.081850577507381117e-01,1.075089011397959871e+00,0.000000000000000000e+00,-1.911625978720092078e+01,5.264943430296942228e-01,0.000000000000000000e+00,0.000000000000000000e+00
1.115658408054486794e-01,1.071708228343249303e+00,0.000000000000000000e+00,-1.899603239345786676e+01,5.237380203001983370e-01,0.000000000000000000e+00,0.000000000000000000e+00
1.149466238601592333e-01,1.068327445288538735e+00,0.000000000000000000e+00,-1.887618366867148012e+01,5.210034710357109855e-01,0.000000000000000000e+00,0.000000000000000000e+00
1.183274069148698149e-01,1.064946662233828167e+00,0.000000000000000000e+00,-1.875671361284177152e+01,5.182906952362323905e-01,0.000000000000000000e+00,0.000000000000000000e+00
1.217081899695803687e-01,1.061565879179117600e+00,0.000000000000000000e+00,-1.863762222596873031e+01,5.155996929017622188e-01,0.000000000000000000e+00,0.000000000000000000e+00
1.250889730242909503e-01,1.058185096124407032e+00,0.000000000000000000e+00,-1.851890950805236002e+01,5.129304640323009146e-01,0.000000000000000000e+00,0.000000000000000000e+00
1.284697560790014903e-01,1.054804313069696464e+00,0.000000000000000000e+00,-1.840057545909265713e+01,5.102830086278479227e-01,0.000000000000000000e+00,0.000000000000000000e+00
1.318505391337120580e-01,1.051423530014985896e+00,0.000000000000000000e+00,-1.828262007908962872e+01,5.076573266884035762e-01,0.000000000000000000e+00,0.000000000000000000e+00
1.352313221884226258e-01,1.048042746960275329e+00,0.000000000000000000e+00,-1.816504336804327480e+01,5.050534182139677641e-01,0.000000000000000000e+00,0.000000000000000000e+00
1.386121052431331935e-01,1.044661963905564761e+00,0.000000000000000000e+00,-1.804784532595359181e+01,5.024712832045407085e-01,0.000000000000000000e+00,0.000000000000000000e+00
1.419928882978437612e-01,1.041281180850854193e+00,0.000000000000000000e+00,-1.793102595282057266e+01,4.999109216601221872e-01,0.000000000000000000e+00,0.000000000000000000e+00
1.453736713525543289e-01,1.037900397796143626e+00,0.000000000000000000e+00,-1.781458524864423154e+01,4.973723335807122004e-01,0.000000000000000000e+00,0.000000000000000000e+00
1.487544544072648967e-01,1.034519614741433058e+00,0.000000000000000000e+00,-1.769852321342455781e+01,4.948555189663107479e-01,0.000000000000000000e+00,0.000000000000000000e+00
1.521352374619754366e-01,1.031138831686722490e+00,0.000000000000000000e+00,-1.758283984716155501e+01,4.923604778169179408e-01,0.000000000000000000e+00,0.000000000000000000e+00
1.555160205166860321e-01,1.027758048632011922e+00,0.000000000000000000e+00,-1.746753514985523026e+01,4.898872101325337791e-01,0.000000000000000000e+00,0.000000000000000000e+00
1.588968035713965998e-01,1.024377265577301355e+00,0.000000000000000000e+00,-1.735260912150556933e+01,4.874357159131581518e-01,0.000000000000000000e+00,0.000000000000000000e+00
1.622775866261071676e-01,1.020996482522590787e+00,0.000000000000000000e+00,-1.723806176211257934e+01,4.850059951587910589e-01,0.000000000000000000e+00,0.000000000000000000e+00
1.656583696808177353e-01,1.017615699467880219e+00,0.000000000000000000e+00,-1.712389307167626029e+01,4.825980478694326115e-01,0.000000000000000000e+00,0.000000000000000000e+00
1.690391527355282753e-01,1.014234916413169874e+00,0.000000000000000000e+00,-1.701010305019662283e+01,4.802118740450829204e-01,0.000000000000000000e+00,0.000000000000000000e+00
1.724199357902388430e-01,1.010854133358459084e+00,0.000000000000000000e+00,-1.689669169767364210e+01,4.778474736857415417e-01,0.000000000000000000e+00,0.000000000000000000e+00
1.758007188449494385e-01,1.007473350303748516e+00,0.000000000000000000e+00,-1.678365901410733585e+01,4.755048467914088084e-01,0.000000000000000000e+00,0.000000000000000000e+00
1.791815018996600062e-01,1.004092567249037948e+00,0.000000000000000000e+00,-1.667100499949770054e+01,4.731839933620846095e-01,0.000000000000000000e+00,0.000000000000000000e+00
1.825622849543705462e-01,1.000711784194327603e+00,0.000000000000000000e+00,-1.655872965384474682e+01,4.708849133977691670e-01,0.000000000000000000e+00,0.000000000000000000e+00
1.859430680090811139e-01,9.973310011396169239e-01,0.000000000000000000e+00,-1.644683297714845338e+01,4.686076068984622589e-01,0.000000000000000000e+00,0.000000000000000000e+00
1.893238510637916816e-01,9.939502180849063562e-01,0.000000000000000000e+00,-1.633531496940883088e+01,4.663520738641637742e-01,0.000000000000000000e+00,0.000000000000000000e+00
1.927046341185022771e-01,9.905694350301957884e-01,0.000000000000000000e+00,-1.622417563062588286e+01,4.641183142948740459e-01,0.000000000000000000e+00,0.000000000000000000e+00
1.960854171732128171e-01,9.871886519754852207e-01,0.000000000000000000e+00,-1.611341496079960578e+01,4.619063281905927409e-01,0.000000000000000000e+00,0.000000000000000000e+00
1.994662002279233848e-01,9.838078689207746530e-01,0.000000000000000000e+00,-1.600303295992999608e+01,4.597161155513201924e-01,0.000000000000000000e+00,0.000000000000000000e+00
2.028469832826339525e-01,9.804270858660640853e-01,0.000000000000000000e+00,-1.589302962801705910e+01,4.575476763770560673e-01,0.000000000000000000e+00,0.000000000000000000e+00
2.062277663373445202e-01,9.770463028113535175e-01,0.000000000000000000e+00,-1.578340496506079305e+01,4.554010106678006986e-01,0.000000000000000000e+00,0.000000000000000000e+00
2.096085493920550602e-01,9.736655197566429498e-01,0.000000000000000000e+00,-1.567415897106119971e+01,4.532761184235538643e-01,0.000000000000000000e+00,0.000000000000000000e+00
2.129893324467656279e-01,9.702847367019323821e-01,0.000000000000000000e+00,-1.556529164601827731e+01,4.511729996443155644e-01,0.000000000000000000e+00,0.000000000000000000e+00
2.163701155014762234e-01,9.669039536472218144e-01,0.000000000000000000e+00,-1.545680298993202406e+01,4.490916543300857988e-01,0.000000000000000000e+00,0.000000000000000000e+00
2.197508985561867911e-01,9.635231705925112466e-01,0.000000000000000000e+00,-1.534869300280244353e+01,4.470320824808646787e-01,0.000000000000000000e+00,0.000000000000000000e+00
2.231316816108973589e-01,9.601423875378006789e-01,0.000000000000000000e+00,-1.524096168462953571e+01,4.449942840966522040e-01,0.000000000000000000e+00,0.000000000000000000e+00
2.265124646656078988e-01,9.567616044830901112e-01,0.000000000000000000e+00,-1.513360903541329705e+01,4.429782591774482636e-01,0.000000000000000000e+00,0.000000000000000000e+00
2.298932477203184666e-01,9.533808214283795435e-01,0.000000000000000000e+00,-1.502663505515372933e+01,4.409840077232528577e-01,0.000000000000000000e+00,0.000000000000000000e+00
2.332740307750290343e-01,9.500000383736689757e-01,0.000000000000000000e+00,-1.492003974385083076e+01,4.390115297340660971e-01,0.000000000000000000e+00,0.000000000000000000e+00
2.366548138297396298e-01,9.466192553189584080e-01,0.000000000000000000e+00,-1.481382310150460668e+01,4.370608252098879820e-01,0.000000000000000000e+00,0.000000000000000000e+00
2.400355968844501697e-01,9.432384722642478403e-01,0.000000000000000000e+00,-1.470798512811504999e+01,4.351318941507182902e-01,0.000000000000000000e+00,0.000000000000000000e+00
2.434163799391607375e-01,9.398576892095372726e-01,0.000000000000000000e+00,-1.460252582368216778e+01,4.332247365565573549e-01,0.000000000000000000e+00,0.000000000000000000e+00
2.467971629938713052e-01,9.364769061548267048e-01,0.000000000000000000e+00,-1.449744518820595474e+01,4.313393524274048429e-01,0.000000000000000000e+00,0.000000000000000000e+00
2.501779460485819007e-01,9.330961231001161371e-01,0.000000000000000000e+00,-1.439274322168641440e+01,4.294757417632609764e-01,0.000000000000000000e+00,0.000000000000000000e+00
2.535587291032924129e-01,9.297153400454056804e-01,0.000000000000000000e+00,-1.428841992412354678e+01,4.276339045641258663e-01,0.000000000000000000e+00,0.000000000000000000e+00
2.569395121580029806e-01,9.263345569906951127e-01,0.000000000000000000e+00,-1.418447529551734654e+01,4.258138408299991795e-01,0.000000000000000000e+00,0.000000000000000000e+00
2.603202952127135483e-01,9.229537739359845450e-01,0.000000000000000000e+00,-1.408090933586781901e+01,4.240155505608810271e-01,0.000000000000000000e+00,0.000000000000000000e+00
2.637010782674241161e-01,9.195729908812739772e-01,0.000000000000000000e+00,-1.397772204517496242e+01,4.222390337567715202e-01,0.000000000000000000e+00,0.000000000000000000e+00
2.670818613221346838e-01,9.161922078265634095e-01,0.000000000000000000e+00,-1.387491342343877321e+01,4.204842904176705476e-01,0.000000000000000000e+00,0.000000000000000000e+00
2.704626443768452515e-01,9.128114247718528418e-01,0.000000000000000000e+00,-1.377248347065925849e+01,4.187513205435782204e-01,0.000000000000000000e+00,0.000000000000000000e+00
2.738434274315558192e-01,9.094306417171422741e-01,0.000000000000000000e+00,-1.367043218683641470e+01,4.170401241344945387e-01,0.000000000000000000e+00,0.000000000000000000e+00
2.772242104862663870e-01,9.060498586624317063e-01,0.000000000000000000e+00,-1.356875957197024185e+01,4.153507011904192803e-01,0.000000000000000000e+00,0.000000000000000000e+00
2.806049935409769547e-01,9.026690756077211386e-01,0.000000000000000000e+00,-1.346746562606073994e+01,4.136830517113527783e-01,0.000000000000000000e+00,0.000000000000000000e+00
2.839857765956875224e-01,8.992882925530105709e-01,0.000000000000000000e+00,-1.336655034910790896e+01,4.120371756972946997e-01,0.000000000000000000e+00,0.000000000000000000e+00
2.873665596503980901e-01,8.959075094983000032e-01,0.000000000000000000e+00,-1.326601374111174714e+01,4.104130731482452665e-01,0.000000000000000000e+00,0.000000000000000000e+00
2.907473427051086579e-01,8.925267264435894354e-01,0.000000000000000000e+00,-1.316585580207225981e+01,4.088107440642043677e-01,0.000000000000000000e+00,0.000000000000000000e+00
2.941281257598192256e-01,8.891459433888788677e-01,0.000000000000000000e+00,-1.306607653198944163e+01,4.072301884451721143e-01,0.000000000000000000e+00,0.000000000000000000e+00
2.975089088145297933e-01,8.857651603341683000e-01,0.000000000000000000e+00,-1.296667593086329617e+01,4.056714062911485064e-01,0.000000000000000000e+00,0.000000000000000000e+00
3.008896918692403610e-01,8.823843772794577323e-01,0.000000000000000000e+00,-1.286765399869381810e+01,4.041343976021334328e-01,0.000000000000000000e+00,0.000000000000000000e+00
3.042704749239508732e-01,8.790035942247471645e-01,0.000000000000000000e+00,-1.276901073548101628e+01,4.026191623781268936e-01,0.000000000000000000e+00,0.000000000000000000e+00
3.076512579786614965e-01,8.756228111700365968e-01,0.000000000000000000e+00,-1.267074614122488008e+01,4.011257006191289998e-01,0.000000000000000000e+00,0.000000000000000000e+00
3.110320410333720642e-01,8.722420281153260291e-01,0.000000000000000000e+00,-1.257286021592541658e+01,3.996540123251396404e-01,0.000000000000000000e+00,0.000000000000000000e+00
3.144128240880826319e-01,8.688612450606154614e-01,0.000000000000000000e+00,-1.247535295958262402e+01,3.982040974961589264e-01,0.000000000000000000e+00,0.000000000000000000e+00
3.177936071427931997e-01,8.654804620059048936e-01,0.000000000000000000e+00,-1.237822437219650595e+01,3.967759561321868578e-01,0.000000000000000000e+00,0.000000000000000000e+00
3.211743901975037119e-01,8.620996789511943259e-01,0.000000000000000000e+00,-1.228147445376705527e+01,3.953695882332232125e-01,0.000000000000000000e+00,0.000000000000000000e+00
3.245551732522143351e-01,8.587188958964837582e-01,0.000000000000000000e+00,-1.218510320429427551e+01,3.939849937992682127e-01,0.000000000000000000e+00,0.000000000000000000e+00
3.279359563069249028e-01,8.553381128417731905e-01,0.000000000000000000e+00,-1.208911062377816847e+01,3.926221728303217473e-01,0.000000000000000000e+00,0.000000000000000000e+00
3.313167393616354706e-01,8.519573297870626227e-01,0.000000000000000000e+00,-1.199349671221873059e+01,3.912811253263839273e-01,0.000000000000000000e+00,0.000000000000000000e+00
3.346975224163460383e-01,8.485765467323520550e-01,0.000000000000000000e+00,-1.189826146961596542e+01,3.899618512874547527e-01,0.000000000000000000e+00,0.000000000000000000e+00
3.380783054710565505e-01,8.451957636776414873e-01,0.000000000000000000e+00,-1.180340489596987297e+01,3.886643507135341125e-01,0.000000000000000000e+00,0.000000000000000000e+00
3.414590885257671737e-01,8.418149806229309196e-01,0.000000000000000000e+00,-1.170892699128044967e+01,3.873886236046220066e-01,0.000000000000000000e+00,0.000000000000000000e+00
3.448398715804776860e-01,8.384341975682203518e-01,0.000000000000000000e+00,-1.161482775554769553e+01,3.861346699607185462e-01,0.000000000000000000e+00,0.000000000000000000e+00
3.482206546351882537e-01,8.350534145135097841e-01,0.000000000000000000e+00,-1.152110718877161410e+01,3.849024897818236202e-01,0.000000000000000000e+00,0.000000000000000000e+00
3.516014376898988769e-01,8.316726314587992164e-01,0.000000000000000000e+00,-1.142776529095220361e+01,3.836920830679373395e-01,0.000000000000000000e+00,0.000000000000000000e+00
3.549822207446093891e-01,8.282918484040886486e-01,0.000000000000000000e+00,-1.133480206208946228e+01,3.825034498190595933e-01,0.000000000000000000e+00,0.000000000000000000e+00
3.583630037993200124e-01,8.249110653493780809e-01,0.000000000000000000e+00,-1.124221750218339544e+01,3.813365900351903814e-01,0.000000000000000000e+00,0.000000000000000000e+00
3.617437868540305246e-01,8.215302822946675132e-01,0.000000000000000000e+00,-1.115001161123399775e+01,3.801915037163299260e-01,0.000000000000000000e+00,0.000000000000000000e+00
3.651245699087410923e-01,8.181494992399569455e-01,0.000000000000000000e+00,-1.105818438924127278e+01,3.790681908624778940e-01,0.000000000000000000e+00,0.000000000000000000e+00
3.685053529634517155e-01,8.147687161852463777e-01,0.000000000000000000e+00,-1.096673583620521875e+01,3.779666514736345073e-01,0.000000000000000000e+00,0.000000000000000000e+00
3.718861360181622278e-01,8.113879331305358100e-01,0.000000000000000000e+00,-1.087566595212583387e+01,3.768868855497996551e-01,0.000000000000000000e+00,0.000000000000000000e+00
3.752669190728727955e-01,8.080071500758252423e-01,0.000000000000000000e+00,-1.078497473700312170e+01,3.758288930909734482e-01,0.000000000000000000e+00,0.000000000000000000e+00
3.786477021275833632e-01,8.046263670211146746e-01,0.000000000000000000e+00,-1.069466219083707692e+01,3.747926740971557757e-01,0.000000000000000000e+00,0.000000000000000000e+00
3.820284851822939309e-01,8.012455839664041068e-01,0.000000000000000000e+00,-1.060472831362770840e+01,3.737782285683468597e-01,0.000000000000000000e+00,0.000000000000000000e+00
3.854092682370045542e-01,7.978648009116935391e-01,0.000000000000000000e+00,-1.051517310537500549e+01,3.727855565045462560e-01,0.000000000000000000e+00,0.000000000000000000e+00
3.887900512917150664e-01,7.944840178569829714e-01,0.000000000000000000e+00,-1.042599656607897884e+01,3.718146579057544088e-01,0.000000000000000000e+00,0.000000000000000000e+00
3.921708343464256341e-01,7.911032348022724037e-01,0.000000000000000000e+00,-1.033719869573961958e+01,3.708655327719710959e-01,0.000000000000000000e+00,0.000000000000000000e+00
3.955516174011362018e-01,7.877224517475618359e-01,0.000000000000000000e+00,-1.024877949435693303e+01,3.699381811031964284e-01,0.000000000000000000e+00,0.000000000000000000e+00
3.989324004558467696e-01,7.843416686928512682e-01,0.000000000000000000e+00,-1.016073896193091919e+01,3.690326028994302954e-01,0.000000000000000000e+00,0.000000000000000000e+00
4.023131835105573373e-01,7.809608856381407005e-01,0.000000000000000000e+00,-1.007307709846157273e+01,3.681487981606728077e-01,0.000000000000000000e+00,0.000000000000000000e+00
4.056939665652679050e-01,7.775801025834301328e-01,0.000000000000000000e+00,-9.985793903948898986e+00,3.672867668869238544e-01,0.000000000000000000e+00,0.000000000000000000e+00
4.090747496199784172e-01,7.741993195287195650e-01,0.000000000000000000e+00,-9.898889378392894400e+00,3.664465090781834355e-01,0.000000000000000000e+00,0.000000000000000000e+00
4.124555326746890405e-01,7.708185364740089973e-01,0.000000000000000000e+00,-9.812363521793564303e+00,3.656280247344515510e-01,0.000000000000000000e+00,0.000000000000000000e+00
4.158363157293996082e-01,7.674377534192984296e-01,0.000000000000000000e+00,-9.726216334150903364e+00,3.648313138557284230e-01,0.000000000000000000e+00,0.000000000000000000e+00
4.192170987841101204e-01,7.640569703645878619e-01,0.000000000000000000e+00,-9.640447815464913361e+00,3.640563764420137183e-01,0.000000000000000000e+00,0.000000000000000000e+00
4.225978818388207436e-01,7.606761873098772941e-01,0.000000000000000000e+00,-9.555057965735594294e+00,3.633032124933076590e-01,0.000000000000000000e+00,0.000000000000000000e+00
4.259786648935312559e-01,7.572954042551667264e-01,0.000000000000000000e+00,-9.470046784962946163e+00,3.625718220096102451e-01,0.000000000000000000e+00,0.000000000000000000e+00
4.293594479482418791e-01,7.539146212004561587e-01,0.000000000000000000e+00,-9.385414273146970743e+00,3.618622049909213656e-01,0.000000000000000000e+00,0.000000000000000000e+00
4.327402310029524468e-01,7.505338381457455910e-01,0.000000000000000000e+00,-9.301160430287664482e+00,3.611743614372411315e-01,0.000000000000000000e+00,0.000000000000000000e+00
4.361210140576629590e-01,7.471530550910350232e-01,0.000000000000000000e+00,-9.217285256385030934e+00,3.605082913485694318e-01,0.000000000000000000e+00,0.000000000000000000e+00
4.395017971123735823e-01,7.437722720363244555e-01,0.000000000000000000e+00,-9.133788751439068321e+00,3.598639947249062665e-01,0.000000000000000000e+00,0.000000000000000000e+00
4.428825801670840945e-01,7.403914889816138878e-01,0.000000000000000000e+00,-9.050670915449774867e+00,3.592414715662517466e-01,0.000000000000000000e+00,0.000000000000000000e+00
4.462633632217947177e-01,7.370107059269033201e-01,0.000000000000000000e+00,-8.967931748417152349e+00,3.586407218726058721e-01,0.000000000000000000e+00,0.000000000000000000e+00
4.496441462765052854e-01,7.336299228721927523e-01,0.000000000000000000e+00,-8.885571250341202543e+00,3.580617456439684210e-01,0.000000000000000000e+00,0.000000000000000000e+00
4.530249293312157977e-01,7.302491398174821846e-01,0.000000000000000000e+00,-8.803589421221923672e+00,3.575045428803397263e-01,0.000000000000000000e+00,0.000000000000000000e+00
4.564057123859264209e-01,7.268683567627716169e-01,0.000000000000000000e+00,-8.721986261059315737e+00,3.569691135817194549e-01,0.000000000000000000e+00,0.000000000000000000e+00
4.597864954406369331e-01,7.234875737080610492e-01,0.000000000000000000e+00,-8.640761769853378738e+00,3.564554577481078290e-01,0.000000000000000000e+00,0.000000000000000000e+00
4.631672784953475008e-01,7.201067906533504814e-01,0.000000000000000000e+00,-8.559915947604110897e+00,3.559635753795048485e-01,0.000000000000000000e+00,0.000000000000000000e+00
4.665480615500580686e-01,7.167260075986399137e-01,0.000000000000000000e+00,-8.479448794311515769e+00,3.554934664759104024e-01,0.000000000000000000e+00,0.000000000000000000e+00
4.699288446047686363e-01,7.133452245439293460e-01,0.000000000000000000e+00,-8.399360309975593353e+00,3.550451310373246017e-01,0.000000000000000000e+00,0.000000000000000000e+00
4.733096276594792595e-01,7.099644414892187783e-01,0.000000000000000000e+00,-8.319650494596338319e+00,3.546185690637472243e-01,0.000000000000000000e+00,0.000000000000000000e+00
4.766904107141897717e-01,7.065836584345082105e-01,0.000000000000000000e+00,-8.240319348173757774e+00,3.542137805551786034e-01,0.000000000000000000e+00,0.000000000000000000e+00
4.800711937689003395e-01,7.032028753797976428e-01,0.000000000000000000e+00,-8.161366870707846388e+00,3.538307655116185169e-01,0.000000000000000000e+00,0.000000000000000000e+00
4.834519768236109072e-01,6.998220923250870751e-01,0.000000000000000000e+00,-8.082793062198605938e+00,3.534695239330669647e-01,0.000000000000000000e+00,0.000000000000000000e+00
4.868327598783214749e-01,6.964413092703765074e-01,0.000000000000000000e+00,-8.004597922646038199e+00,3.531300558195240580e-01,0.000000000000000000e+00,0.000000000000000000e+00
4.902135429330320981e-01,6.930605262156659396e-01,0.000000000000000000e+00,-7.926781452050140508e+00,3.528123611709896856e-01,0.000000000000000000e+00,0.000000000000000000e+00
4.935943259877426104e-01,6.896797431609553719e-01,0.000000000000000000e+00,-7.849343650410914641e+00,3.525164399874638477e-01,0.000000000000000000e+00,0.000000000000000000e+00
4.969751090424531781e-01,6.862989601062448042e-01,0.000000000000000000e+00,-7.772284517728358821e+00,3.522422922689467661e-01,0.000000000000000000e+00,0.000000000000000000e+00
5.003558920971638013e-01,6.829181770515342365e-01,0.000000000000000000e+00,-7.695604054002473937e+00,3.519899180154382190e-01,0.000000000000000000e+00,0.000000000000000000e+00
5.037366751518742580e-01,6.795373939968237798e-01,0.000000000000000000e+00,-7.619302259233262653e+00,3.517593172269382062e-01,0.000000000000000000e+00,0.000000000000000000e+00
5.071174582065848258e-01,6.761566109421132120e-01,0.000000000000000000e+00,-7.543379133420719640e+00,3.515504899034467279e-01,0.000000000000000000e+00,0.000000000000000000e+00
5.104982412612955045e-01,6.727758278874025333e-01,0.000000000000000000e+00,-7.467834676564845786e+00,3.513634360449638949e-01,0.000000000000000000e+00,0.000000000000000000e+00
5.138790243160059612e-01,6.693950448326920766e-01,0.000000000000000000e+00,-7.392668888665647309e+00,3.511981556514895964e-01,0.000000000000000000e+00,0.000000000000000000e+00
5.172598073707166400e-01,6.660142617779813978e-01,0.000000000000000000e+00,-7.317881769723114438e+00,3.510546487230239432e-01,0.000000000000000000e+00,0.000000000000000000e+00
5.206405904254270967e-01,6.626334787232709411e-01,0.000000000000000000e+00,-7.243473319737258720e+00,3.509329152595668244e-01,0.000000000000000000e+00,0.000000000000000000e+00
5.240213734801376644e-01,6.592526956685603734e-01,0.000000000000000000e+00,-7.169443538708072161e+00,3.508329552611183511e-01,0.000000000000000000e+00,0.000000000000000000e+00
5.274021565348482321e-01,6.558719126138498057e-01,0.000000000000000000e+00,-7.095792426635554762e+00,3.507547687276785231e-01,0.000000000000000000e+00,0.000000000000000000e+00
5.307829395895587998e-01,6.524911295591392379e-01,0.000000000000000000e+00,-7.022519983519709186e+00,3.506983556592471185e-01,0.000000000000000000e+00,0.000000000000000000e+00
5.341637226442693676e-01,6.491103465044286702e-01,0.000000000000000000e+00,-6.949626209360535434e+00,3.506637160558243593e-01,0.000000000000000000e+00,0.000000000000000000e+00
5.375445056989799353e-01,6.457295634497181025e-01,0.000000000000000000e+00,-6.877111104158031729e+00,3.506508499174102456e-01,0.000000000000000000e+00,0.000000000000000000e+00
5.409252887536905030e-01,6.423487803950075348e-01,0.000000000000000000e+00,-6.804974667912199848e+00,3.506597572440046662e-01,0.000000000000000000e+00,0.000000000000000000e+00
5.443060718084010707e-01,6.389679973402969670e-01,0.000000000000000000e+00,-6.733216900623038015e+00,3.506904380356076212e-01,0.000000000000000000e+00,0.000000000000000000e+00
5.476868548631116385e-01,6.355872142855863993e-01,0.000000000000000000e+00,-6.661837802290547117e+00,3.507428922922192216e-01,0.000000000000000000e+00,0.000000000000000000e+00
5.510676379178222062e-01,6.322064312308758316e-01,0.000000000000000000e+00,-6.590837372914728931e+00,3.508171200138393564e-01,0.000000000000000000e+00,0.000000000000000000e+00
5.544484209725327739e-01,6.288256481761652639e-01,0.000000000000000000e+00,-6.520215612495579904e+00,3.509131212004681366e-01,0.000000000000000000e+00,0.000000000000000000e+00
5.578292040272433416e-01,6.254448651214546961e-01,0.000000000000000000e+00,-6.449972521033102701e+00,3.510308958521054512e-01,0.000000000000000000e+00,0.000000000000000000e+00
5.612099870819539094e-01,6.220640820667441284e-01,0.000000000000000000e+00,-6.380108098527296434e+00,3.511704439687515222e-01,0.000000000000000000e+00,0.000000000000000000e+00
5.645907701366644771e-01,6.186832990120335607e-01,0.000000000000000000e+00,-6.310622344978161102e+00,3.513317655504059056e-01,0.000000000000000000e+00,0.000000000000000000e+00
5.679715531913750448e-01,6.153025159573229930e-01,0.000000000000000000e+00,-6.241515260385697594e+00,3.515148605970690454e-01,0.000000000000000000e+00,0.000000000000000000e+00
5.713523362460856125e-01,6.119217329026124252e-01,0.000000000000000000e+00,-6.172786844749904134e+00,3.517197291087407196e-01,0.000000000000000000e+00,0.000000000000000000e+00
5.747331193007961803e-01,6.085409498479018575e-01,0.000000000000000000e+00,-6.104437098070782497e+00,3.519463710854210392e-01,0.000000000000000000e+00,0.000000000000000000e+00
5.781139023555067480e-01,6.051601667931912898e-01,0.000000000000000000e+00,-6.036466020348330908e+00,3.521947865271098932e-01,0.000000000000000000e+00,0.000000000000000000e+00
5.814946854102173157e-01,6.017793837384807221e-01,0.000000000000000000e+00,-5.968873611582552030e+00,3.524649754338072816e-01,0.000000000000000000e+00,0.000000000000000000e+00
5.848754684649278834e-01,5.983986006837701543e-01,0.000000000000000000e+00,-5.901659871773443200e+00,3.527569378055133154e-01,0.000000000000000000e+00,0.000000000000000000e+00
5.882562515196384512e-01,5.950178176290595866e-01,0.000000000000000000e+00,-5.834824800921004417e+00,3.530706736422278835e-01,0.000000000000000000e+00,0.000000000000000000e+00
5.916370345743490189e-01,5.916370345743490189e-01,0.000000000000000000e+00,-5.768368399025238347e+00,3.534061829439510971e-01,0.000000000000000000e+00,0.000000000000000000e+00
5.950178176290595866e-01,5.882562515196384512e-01,0.000000000000000000e+00,-5.702290666086141435e+00,3.537634657106828451e-01,0.000000000000000000e+00,0.000000000000000000e+00
5.983986006837701543e-01,5.848754684649278834e-01,0.000000000000000000e+00,-5.636591602103717236e+00,3.541425219424231274e-01,0.000000000000000000e+00,0.000000000000000000e+00
6.017793837384807221e-01,5.814946854102173157e-01,0.000000000000000000e+00,-5.571271207077963972e+00,3.545433516391721662e-01,0.000000000000000000e+00,0.000000000000000000e+00
6.051601667931912898e-01,5.781139023555067480e-01,0.000000000000000000e+00,-5.506329481008879867e+00,3.549659548009296284e-01,0.000000000000000000e+00,0.000000000000000000e+00
6.085409498479017465e-01,5.747331193007962913e-01,0.000000000000000000e+00,-5.441766423896472027e+00,3.554103314276958470e-01,0.000000000000000000e+00,0.000000000000000000e+00
6.119217329026124252e-01,5.713523362460856125e-01,0.000000000000000000e+00,-5.377582035740728905e+00,3.558764815194704889e-01,0.000000000000000000e+00,0.000000000000000000e+00
6.153025159573229930e-01,5.679715531913750448e-01,0.000000000000000000e+00,-5.313776316541659384e+00,3.563644050762537763e-01,0.000000000000000000e+00,0.000000000000000000e+00
6.186832990120335607e-01,5.645907701366644771e-01,0.000000000000000000e+00,-5.250349266299259909e+00,3.568741020980455980e-01,0.000000000000000000e+00,0.000000000000000000e+00
6.220640820667441284e-01,5.612099870819539094e-01,0.000000000000000000e+00,-5.187300885013533147e+00,3.574055725848460652e-01,0.000000000000000000e+00,0.000000000000000000e+00
6.254448651214546961e-01,5.578292040272433416e-01,0.000000000000000000e+00,-5.124631172684477320e+00,3.579588165366551777e-01,0.000000000000000000e+00,0.000000000000000000e+00
6.288256481761652639e-01,5.544484209725327739e-01,0.000000000000000000e+00,-5.062340129312091541e+00,3.585338339534728247e-01,0.000000000000000000e+00,0.000000000000000000e+00
6.322064312308757206e-01,5.510676379178223172e-01,0.000000000000000000e+00,-5.000427754896378474e+00,3.591306248352988950e-01,0.000000000000000000e+00,0.000000000000000000e+00
6.355872142855863993e-01,5.476868548631116385e-01,0.000000000000000000e+00,-4.938894049437333678e+00,3.597491891821337218e-01,0.000000000000000000e+00,0.000000000000000000e+00
6.389679973402969670e-01,5.443060718084010707e-01,0.000000000000000000e+00,-4.877739012934960705e+00,3.603895269939771939e-01,0.000000000000000000e+00,0.000000000000000000e+00
6.423487803950074237e-01,5.409252887536906140e-01,0.000000000000000000e+00,-4.816962645389262221e+00,3.610516382708290894e-01,0.000000000000000000e+00,0.000000000000000000e+00
6.457295634497181025e-01,5.375445056989799353e-01,0.000000000000000000e+00,-4.756564946800230231e+00,3.617355230126896304e-01,0.000000000000000000e+00,0.000000000000000000e+00
6.491103465044286702e-01,5.341637226442693676e-01,0.000000000000000000e+00,-4.696545917167870066e+00,3.624411812195587057e-01,0.000000000000000000e+00,0.000000000000000000e+00
6.524911295591391269e-01,5.307829395895589109e-01,0.000000000000000000e+00,-4.636905556492184388e+00,3.631686128914364264e-01,0.000000000000000000e+00,0.000000000000000000e+00
6.558719126138498057e-01,5.274021565348482321e-01,0.000000000000000000e+00,-4.577643864773164317e+00,3.639178180283226816e-01,0.000000000000000000e+00,0.000000000000000000e+00
6.592526956685603734e-01,5.240213734801376644e-01,0.000000000000000000e+00,-4.518760842010818735e+00,3.646887966302175821e-01,0.000000000000000000e+00,0.000000000000000000e+00
6.626334787232709411e-01,5.206405904254270967e-01,0.000000000000000000e+00,-4.460256488205143199e+00,3.654815486971211280e-01,0.000000000000000000e+00,0.000000000000000000e+00
6.660142617779813978e-01,5.172598073707166400e-01,0.000000000000000000e+00,-4.402130803356141264e+00,3.662960742290332083e-01,0.000000000000000000e+00,0.000000000000000000e+00
6.693950448326920766e-01,5.138790243160059612e-01,0.000000000000000000e+00,-4.344383787463807600e+00,3.671323732259537120e-01,0.000000000000000000e+00,0.000000000000000000e+00
6.727758278874026443e-01,5.104982412612953935e-01,0.000000000000000000e+00,-4.287015440528144872e+00,3.679904456878829722e-01,0.000000000000000000e+00,0.000000000000000000e+00
6.761566109421131010e-01,5.071174582065849368e-01,0.000000000000000000e+00,-4.230025762549155743e+00,3.688702916148208777e-01,0.000000000000000000e+00,0.000000000000000000e+00
6.795373939968237798e-01,5.037366751518742580e-01,0.000000000000000000e+00,-4.173414753526833998e+00,3.697719110067672066e-01,0.000000000000000000e+00,0.000000000000000000e+00
6.829181770515343475e-01,5.003558920971636903e-01,0.000000000000000000e+00,-4.117182413461184964e+00,3.706953038637221809e-01,0.000000000000000000e+00,0.000000000000000000e+00
6.862989601062448042e-01,4.969751090424532336e-01,0.000000000000000000e+00,-4.061328742352208643e+00,3.716404701856856896e-01,0.000000000000000000e+00,0.000000000000000000e+00
6.896797431609553719e-01,4.935943259877426659e-01,0.000000000000000000e+00,-4.005853740199901480e+00,3.726074099726578437e-01,0.000000000000000000e+00,0.000000000000000000e+00
6.930605262156660507e-01,4.902135429330319871e-01,0.000000000000000000e+00,-3.950757407004263477e+00,3.735961232246387542e-01,0.000000000000000000e+00,0.000000000000000000e+00
6.964413092703765074e-01,4.868327598783215304e-01,0.000000000000000000e+00,-3.896039742765300851e+00,3.746066099416278661e-01,0.000000000000000000e+00,0.000000000000000000e+00
6.998220923250870751e-01,4.834519768236109627e-01,0.000000000000000000e+00,-3.841700747483006939e+00,3.756388701236257344e-01,0.000000000000000000e+00,0.000000000000000000e+00
7.032028753797977538e-01,4.800711937689002839e-01,0.000000000000000000e+00,-3.787740421157382631e+00,3.766929037706323591e-01,0.000000000000000000e+00,0.000000000000000000e+00
7.065836584345083216e-01,4.766904107141897162e-01,0.000000000000000000e+00,-3.734158763788431035e+00,3.777687108826474072e-01,0.000000000000000000e+00,0.000000000000000000e+00
7.099644414892187783e-01,4.733096276594792595e-01,0.000000000000000000e+00,-3.680955775376152594e+00,3.788662914596709896e-01,0.000000000000000000e+00,0.000000000000000000e+00
7.133452245439294570e-01,4.699288446047685808e-01,0.000000000000000000e+00,-3.628131455920541093e+00,3.799856455017032175e-01,0.000000000000000000e+00,0.000000000000000000e+00
7.167260075986400247e-01,4.665480615500580130e-01,0.000000000000000000e+00,-3.575685805421602748e+00,3.811267730087440908e-01,0.000000000000000000e+00,0.000000000000000000e+00
7.201067906533504814e-01,4.631672784953475563e-01,0.000000000000000000e+00,-3.523618823879336670e+00,3.822896739807934985e-01,0.000000000000000000e+00,0.000000000000000000e+00
7.234875737080610492e-01,4.597864954406369886e-01,0.000000000000000000e+00,-3.471930511293740640e+00,3.834743484178515516e-01,0.000000000000000000e+00,0.000000000000000000e+00
7.268683567627717279e-01,4.564057123859263099e-01,0.000000000000000000e+00,-3.420620867664813325e+00,3.846807963199180280e-01,0.000000000000000000e+00,0.000000000000000000e+00
7.302491398174821846e-01,4.530249293312158532e-01,0.000000000000000000e+00,-3.369689892992560498e+00,3.859090176869931499e-01,0.000000000000000000e+00,0.000000000000000000e+00
7.336299228721927523e-01,4.496441462765052854e-01,0.000000000000000000e+00,-3.319137587276977275e+00,3.871590125190769172e-01,0.000000000000000000e+00,0.000000000000000000e+00
7.370107059269034311e-01,4.462633632217946067e-01,0.000000000000000000e+00,-3.268963950518063655e+00,3.884307808161692188e-01,0.000000000000000000e+00,0.000000000000000000e+00
7.403914889816138878e-01,4.428825801670841500e-01,0.000000000000000000e+00,-3.219168982715824079e+00,3.897243225782701659e-01,0.000000000000000000e+00,0.000000000000000000e+00
7.437722720363244555e-01,4.395017971123735823e-01,0.000000000000000000e+00,-3.169752683870254106e+00,3.910396378053796473e-01,0.000000000000000000e+00,0.000000000000000000e+00
7.471530550910350232e-01,4.361210140576630145e-01,0.000000000000000000e+00,-3.120715053981354181e+00,3.923767264974976632e-01,0.000000000000000000e+00,0.000000000000000000e+00
7.505338381457455910e-01,4.327402310029524468e-01,0.000000000000000000e+00,-3.072056093049126524e+00,3.937355886546244355e-01,0.000000000000000000e+00,0.000000000000000000e+00
7.539146212004561587e-01,4.293594479482418791e-01,0.000000000000000000e+00,-3.023775801073568914e+00,3.951162242767596311e-01,0.000000000000000000e+00,0.000000000000000000e+00
7.572954042551667264e-01,4.259786648935313114e-01,0.000000000000000000e+00,-2.975874178054682684e+00,3.965186333639034721e-01,0.000000000000000000e+00,0.000000000000000000e+00
7.606761873098774052e-01,4.225978818388206326e-01,0.000000000000000000e+00,-2.928351223992466501e+00,3.979428159160558476e-01,0.000000000000000000e+00,0.000000000000000000e+00
7.640569703645878619e-01,4.192170987841101759e-01,0.000000000000000000e+00,-2.881206938886923918e+00,3.993887719332168684e-01,0.000000000000000000e+00,0.000000000000000000e+00
7.674377534192984296e-01,4.158363157293996082e-01,0.000000000000000000e+00,-2.834441322738050939e+00,4.008565014153864237e-01,0.000000000000000000e+00,0.000000000000000000e+00
7.708185364740091083e-01,4.124555326746889294e-01,0.000000000000000000e+00,-2.788054375545848007e+00,4.023460043625647353e-01,0.000000000000000000e+00,0.000000000000000000e+00
7.741993195287195650e-01,4.090747496199784727e-01,0.000000000000000000e+00,-2.742046097310318231e+00,4.038572807747514704e-01,0.000000000000000000e+00,0.000000000000000000e+00
7.775801025834301328e-01,4.056939665652679050e-01,0.000000000000000000e+00,-2.696416488031458503e+00,4.053903306519467398e-01,0.000000000000000000e+00,0.000000000000000000e+00
7.809608856381407005e-01,4.023131835105573373e-01,0.000000000000000000e+00,-2.651165547709269266e+00,4.069451539941506546e-01,0.000000000000000000e+00,0.000000000000000000e+00
7.843416686928512682e-01,3.989324004558467696e-01,0.000000000000000000e+00,-2.606293276343751408e+00,4.085217508013631038e-01,0.000000000000000000e+00,0.000000000000000000e+00
7.877224517475618359e-01,3.955516174011362018e-01,0.000000000000000000e+00,-2.561799673934904931e+00,4.101201210735843095e-01,0.000000000000000000e+00,0.000000000000000000e+00
7.911032348022724037e-01,3.921708343464256341e-01,0.000000000000000000e+00,-2.517684740482729833e+00,4.117402648108139385e-01,0.000000000000000000e+00,0.000000000000000000e+00
7.944840178569828604e-01,3.887900512917151774e-01,0.000000000000000000e+00,-2.473948475987225670e+00,4.133821820130521019e-01,0.000000000000000000e+00,0.000000000000000000e+00
7.978648009116935391e-01,3.854092682370044987e-01,0.000000000000000000e+00,-2.430590880448391111e+00,4.150458726802991327e-01,0.000000000000000000e+00,0.000000000000000000e+00
8.012455839664041068e-01,3.820284851822939309e-01,0.000000000000000000e+00,-2.387611953866228376e+00,4.167313368125545869e-01,0.000000000000000000e+00,0.000000000000000000e+00
8.046263670211146746e-01,3.786477021275833632e-01,0.000000000000000000e+00,-2.345011696240736576e+00,4.184385744098184645e-01,0.000000000000000000e+00,0.000000000000000000e+00
8.080071500758252423e-01,3.752669190728727955e-01,0.000000000000000000e+00,-2.302790107571916156e+00,4.201675854720910985e-01,0.000000000000000000e+00,0.000000000000000000e+00
8.113879331305358100e-01,3.718861360181622278e-01,0.000000000000000000e+00,-2.260947187859767116e+00,4.219183699993723780e-01,0.000000000000000000e+00,0.000000000000000000e+00
8.147687161852463777e-01,3.685053529634516600e-01,0.000000000000000000e+00,-2.219482937104288123e+00,4.236909279916620807e-01,0.000000000000000000e+00,0.000000000000000000e+00
8.181494992399568345e-01,3.651245699087412033e-01,0.000000000000000000e+00,-2.178397355305482286e+00,4.254852594489604289e-01,0.000000000000000000e+00,0.000000000000000000e+00
8.215302822946675132e-01,3.617437868540305246e-01,0.000000000000000000e+00,-2.137690442463344720e+00,4.273013643712674225e-01,0.000000000000000000e+00,0.000000000000000000e+00
8.249110653493780809e-01,3.583630037993199569e-01,0.000000000000000000e+00,-2.097362198577878978e+00,4.291392427585828395e-01,0.000000000000000000e+00,0.000000000000000000e+00
8.282918484040885376e-01,3.549822207446095002e-01,0.000000000000000000e+00,-2.057412623649086392e+00,4.309988946109070129e-01,0.000000000000000000e+00,0.000000000000000000e+00
8.316726314587992164e-01,3.516014376898988214e-01,0.000000000000000000e+00,-2.017841717676961633e+00,4.328803199282397207e-01,0.000000000000000000e+00,0.000000000000000000e+00
8.350534145135097841e-01,3.482206546351882537e-01,0.000000000000000000e+00,-1.978649480661509363e+00,4.347835187105809629e-01,0.000000000000000000e+00,0.000000000000000000e+00
8.384341975682202408e-01,3.448398715804777970e-01,0.000000000000000000e+00,-1.939835912602729806e+00,4.367084909579308505e-01,0.000000000000000000e+00,0.000000000000000000e+00
8.418149806229309196e-01,3.414590885257671182e-01,0.000000000000000000e+00,-1.901401013500618298e+00,4.386552366702891614e-01,0.000000000000000000e+00,0.000000000000000000e+00
8.451957636776414873e-01,3.380783054710565505e-01,0.000000000000000000e+00,-1.863344783355179279e+00,4.406237558476563398e-01,0.000000000000000000e+00,0.000000000000000000e+00
8.485765467323520550e-01,3.346975224163459828e-01,0.000000000000000000e+00,-1.825667222166410975e+00,4.426140484900319416e-01,0.000000000000000000e+00,0.000000000000000000e+00
8.519573297870625117e-01,3.313167393616355261e-01,0.000000000000000000e+00,-1.788368329934315160e+00,4.446261145974160778e-01,0.000000000000000000e+00,0.000000000000000000e+00
8.553381128417731905e-01,3.279359563069248473e-01,0.000000000000000000e+00,-1.751448106658887838e+00,4.466599541698088593e-01,0.000000000000000000e+00,0.000000000000000000e+00
8.587188958964837582e-01,3.245551732522142796e-01,0.000000000000000000e+00,-1.714906552340132784e+00,4.487155672072102863e-01,0.000000000000000000e+00,0.000000000000000000e+00
8.620996789511942149e-01,3.211743901975038229e-01,0.000000000000000000e+00,-1.678743666978050220e+00,4.507929537096201367e-01,0.000000000000000000e+00,0.000000000000000000e+00
8.654804620059048936e-01,3.177936071427931441e-01,0.000000000000000000e+00,-1.642959450572636149e+00,4.528921136770388545e-01,0.000000000000000000e+00,0.000000000000000000e+00
8.688612450606154614e-01,3.144128240880825764e-01,0.000000000000000000e+00,-1.607553903123894123e+00,4.550130471094659956e-01,0.000000000000000000e+00,0.000000000000000000e+00
8.722420281153259181e-01,3.110320410333721197e-01,0.000000000000000000e+00,-1.572527024631824366e+00,4.571557540069014491e-01,0.000000000000000000e+00,0.000000000000000000e+00
8.756228111700364858e-01,3.076512579786615520e-01,0.000000000000000000e+00,-1.537878815096424878e+00,4.593202343693457701e-01,0.000000000000000000e+00,0.000000000000000000e+00
8.790035942247471645e-01,3.042704749239508732e-01,0.000000000000000000e+00,-1.503609274517694994e+00,4.615064881967988475e-01,0.000000000000000000e+00,0.000000000000000000e+00
8.823843772794576212e-01,3.008896918692404165e-01,0.000000000000000000e+00,-1.469718402895638487e+00,4.637145154892603482e-01,0.000000000000000000e+00,0.000000000000000000e+00
8.857651603341681890e-01,2.975089088145298488e-01,0.000000000000000000e+00,-1.436206200230251806e+00,4.659443162467302724e-01,0.000000000000000000e+00,0.000000000000000000e+00
8.891459433888788677e-01,2.941281257598191701e-01,0.000000000000000000e+00,-1.403072666521534950e+00,4.681958904692089529e-01,0.000000000000000000e+00,0.000000000000000000e+00
8.925267264435894354e-01,2.907473427051086023e-01,0.000000000000000000e+00,-1.370317801769490140e+00,4.704692381566961679e-01,0.000000000000000000e+00,0.000000000000000000e+00
8.959075094982998921e-01,2.873665596503981456e-01,0.000000000000000000e+00,-1.337941605974117820e+00,4.727643593091919172e-01,0.000000000000000000e+00,0.000000000000000000e+00
8.992882925530105709e-01,2.839857765956874669e-01,0.000000000000000000e+00,-1.305944079135413993e+00,4.750812539266963119e-01,0.000000000000000000e+00,0.000000000000000000e+00
9.026690756077211386e-01,2.806049935409768992e-01,0.000000000000000000e+00,-1.274325221253382656e+00,4.774199220092092411e-01,0.000000000000000000e+00,0.000000000000000000e+00
9.060498586624315953e-01,2.772242104862664425e-01,0.000000000000000000e+00,-1.243085032328023143e+00,4.797803635567308156e-01,0.000000000000000000e+00,0.000000000000000000e+00
9.094306417171421630e-01,2.738434274315558747e-01,0.000000000000000000e+00,-1.212223512359333677e+00,4.821625785692609245e-01,0.000000000000000000e+00,0.000000000000000000e+00
9.128114247718528418e-01,2.704626443768451960e-01,0.000000000000000000e+00,-1.181740661347314258e+00,4.845665670467995678e-01,0.000000000000000000e+00,0.000000000000000000e+00
9.161922078265632985e-01,2.670818613221347393e-01,0.000000000000000000e+00,-1.151636479291967774e+00,4.869923289893469676e-01,0.000000000000000000e+00,0.000000000000000000e+00
9.195729908812738662e-01,2.637010782674241716e-01,0.000000000000000000e+00,-1.121910966193291337e+00,4.894398643969027907e-01,0.000000000000000000e+00,0.000000000000000000e+00
9.229537739359845450e-01,2.603202952127134928e-01,0.000000000000000000e+00,-1.092564122051285391e+00,4.919091732694674812e-01,0.000000000000000000e+00,0.000000000000000000e+00
9.263345569906950017e-01,2.569395121580030361e-01,0.000000000000000000e+00,-1.063595946865952158e+00,4.944002556070403731e-01,0.000000000000000000e+00,0.000000000000000000e+00
9.297153400454055694e-01,2.535587291032924684e-01,0.000000000000000000e+00,-1.035006440637288749e+00,4.969131114096220214e-01,0.000000000000000000e+00,0.000000000000000000e+00
9.330961231001161371e-01,2.501779460485819007e-01,0.000000000000000000e+00,-1.006795603365296499e+00,4.994477406772123151e-01,0.000000000000000000e+00,0.000000000000000000e+00
9.364769061548268159e-01,2.467971629938712219e-01,0.000000000000000000e+00,-9.789634350499742954e-01,5.020041434098112543e-01,0.000000000000000000e+00,0.000000000000000000e+00
9.398576892095372726e-01,2.434163799391607652e-01,0.000000000000000000e+00,-9.515099356913252482e-01,5.045823196074185057e-01,0.000000000000000000e+00,0.000000000000000000e+00
9.432384722642478403e-01,2.400355968844501975e-01,0.000000000000000000e+00,-9.244351052893462484e-01,5.071822692700344026e-01,0.000000000000000000e+00,0.000000000000000000e+00
9.466192553189585190e-01,2.366548138297395187e-01,0.000000000000000000e+00,-8.977389438440372960e-01,5.098039923976591670e-01,0.000000000000000000e+00,0.000000000000000000e+00
9.500000383736689757e-01,2.332740307750290620e-01,0.000000000000000000e+00,-8.714214513554010555e-01,5.124474889902921326e-01,0.000000000000000000e+00,0.000000000000000000e+00
9.533808214283795435e-01,2.298932477203184943e-01,0.000000000000000000e+00,-8.454826278234353065e-01,5.151127590479340768e-01,0.000000000000000000e+00,0.000000000000000000e+00
9.567616044830902222e-01,2.265124646656078156e-01,0.000000000000000000e+00,-8.199224732481393829e-01,5.177998025705843332e-01,0.000000000000000000e+00,0.000000000000000000e+00
9.601423875378006789e-01,2.231316816108973589e-01,0.000000000000000000e+00,-7.947409876295163933e-01,5.205086195582433461e-01,0.000000000000000000e+00,0.000000000000000000e+00
9.635231705925112466e-01,2.197508985561867911e-01,0.000000000000000000e+00,-7.699381709675636731e-01,5.232392100109107824e-01,0.000000000000000000e+00,0.000000000000000000e+00
9.669039536472218144e-01,2.163701155014762234e-01,0.000000000000000000e+00,-7.455140232622816665e-01,5.259915739285868641e-01,0.000000000000000000e+00,0.000000000000000000e+00
9.702847367019323821e-01,2.129893324467656557e-01,0.000000000000000000e+00,-7.214685445136708175e-01,5.287657113112714802e-01,0.000000000000000000e+00,0.000000000000000000e+00
9.736655197566429498e-01,2.096085493920550880e-01,0.000000000000000000e+00,-6.978017347217311261e-01,5.315616221589647417e-01,0.000000000000000000e+00,0.000000000000000000e+00
9.770463028113535175e-01,2.062277663373445202e-01,0.000000000000000000e+00,-6.745135938864623704e-01,5.343793064716665375e-01,0.000000000000000000e+00,0.000000000000000000e+00
9.804270858660641963e-01,2.028469832826338415e-01,0.000000000000000000e+00,-6.516041220078638840e-01,5.372187642493769788e-01,0.000000000000000000e+00,0.000000000000000000e+00
9.838078689207746530e-01,1.994662002279233848e-01,0.000000000000000000e+00,-6.290733190859378876e-01,5.400799954920959545e-01,0.000000000000000000e+00,0.000000000000000000e+00
9.871886519754852207e-01,1.960854171732128171e-01,0.000000000000000000e+00,-6.069211851206826047e-01,5.429630001998235755e-01,0.000000000000000000e+00,0.000000000000000000e+00
9.905694350301957884e-01,1.927046341185022493e-01,0.000000000000000000e+00,-5.851477201120978133e-01,5.458677783725596200e-01,0.000000000000000000e+00,0.000000000000000000e+00
9.939502180849063562e-01,1.893238510637916816e-01,0.000000000000000000e+00,-5.637529240601841796e-01,5.487943300103045319e-01,0.000000000000000000e+00,0.000000000000000000e+00
9.973310011396169239e-01,1.859430680090811139e-01,0.000000000000000000e+00,-5.427367969649419255e-01,5.517426551130578671e-01,0.000000000000000000e+00,0.000000000000000000e+00
1.000711784194327603e+00,1.825622849543704351e-01,0.000000000000000000e+00,-5.220993388263697188e-01,5.547127536808199588e-01,0.000000000000000000e+00,0.000000000000000000e+00
1.004092567249037948e+00,1.791815018996600894e-01,0.000000000000000000e+00,-5.018405496444704461e-01,5.577046257135902518e-01,1.000000000000000000e+00,0.000000000000000000e+00
1.007473350303748516e+00,1.758007188449495217e-01,0.000000000000000000e+00,-4.819604294192411098e-01,5.607182712113693013e-01,1.000000000000000000e+00,0.000000000000000000e+00
1.010854133358459306e+00,1.724199357902387320e-01,0.000000000000000000e+00,-4.624589781506814878e-01,5.637536901741571072e-01,1.000000000000000000e+00,0.000000000000000000e+00
1.014234916413169652e+00,1.690391527355283863e-01,0.000000000000000000e+00,-4.433361958387953550e-01,5.668108826019530033e-01,1.000000000000000000e+00,0.000000000000000000e+00
1.017615699467880219e+00,1.656583696808178185e-01,0.000000000000000000e+00,-4.245920824835791585e-01,5.698898484947579890e-01,1.000000000000000000e+00,0.000000000000000000e+00
1.020996482522591009e+00,1.622775866261070288e-01,0.000000000000000000e+00,-4.062266380850326764e-01,5.729905878525716201e-01,1.000000000000000000e+00,0.000000000000000000e+00
1.024377265577301355e+00,1.588968035713966831e-01,0.000000000000000000e+00,-3.882398626431595723e-01,5.761131006753933415e-01,1.000000000000000000e+00,0.000000000000000000e+00
1.027758048632011922e+00,1.555160205166861154e-01,0.000000000000000000e+00,-3.706317561579564046e-01,5.792573869632239303e-01,1.000000000000000000e+00,0.000000000000000000e+00
1.031138831686722490e+00,1.521352374619755476e-01,0.000000000000000000e+00,-3.534023186294242835e-01,5.824234467160631645e-01,1.000000000000000000e+00,0.000000000000000000e+00
1.034519614741433280e+00,1.487544544072647579e-01,0.000000000000000000e+00,-3.365515500575619878e-01,5.856112799339111552e-01,1.000000000000000000e+00,0.000000000000000000e+00
1.037900397796143626e+00,1.453736713525544122e-01,0.000000000000000000e+00,-3.200794504423730702e-01,5.888208866167671252e-01,1.000000000000000000e+00,0.000000000000000000e+00
1.041281180850854193e+00,1.419928882978438445e-01,0.000000000000000000e+00,-3.039860197838539779e-01,5.920522667646321846e-01,1.000000000000000000e+00,0.000000000000000000e+00
1.044661963905564983e+00,1.386121052431330547e-01,0.000000000000000000e+00,-2.882712580820050441e-01,5.953054203775060005e-01,1.000000000000000000e+00,0.000000000000000000e+00
1.048042746960275329e+00,1.352313221884227090e-01,0.000000000000000000e+00,-2.729351653368290442e-01,5.985803474553876846e-01,1.000000000000000000e+00,0.000000000000000000e+00
1.051423530014985896e+00,1.318505391337121413e-01,0.000000000000000000e+00,-2.579777415483230918e-01,6.018770479982787913e-01,1.000000000000000000e+00,0.000000000000000000e+00
1.054804313069696464e+00,1.284697560790015736e-01,0.000000000000000000e+00,-2.433989867164882692e-01,6.051955220061780993e-01,1.000000000000000000e+00,0.000000000000000000e+00
1.058185096124407032e+00,1.250889730242910058e-01,0.000000000000000000e+00,-2.291989008413243545e-01,6.085357694790859417e-01,1.000000000000000000e+00,0.000000000000000000e+00
1.061565879179117600e+00,1.217081899695804381e-01,0.000000000000000000e+00,-2.153774839228315419e-01,6.118977904170023185e-01,1.000000000000000000e+00,0.000000000000000000e+00
1.064946662233828167e+00,1.183274069148698704e-01,0.000000000000000000e+00,-2.019347359610097203e-01,6.152815848199273407e-01,1.000000000000000000e+00,0.000000000000000000e+00
1.068327445288538735e+00,1.149466238601593027e-01,0.000000000000000000e+00,-1.888706569558590009e-01,6.186871526878608973e-01,1.000000000000000000e+00,0.000000000000000000e+00
1.071708228343249303e+00,1.115658408054487349e-01,0.000000000000000000e+00,-1.761852469073792726e-01,6.221144940208029883e-01,1.000000000000000000e+00,0.000000000000000000e+00
1.075089011397959871e+00,1.081850577507381672e-01,0.000000000000000000e+00,-1.638785058155706187e-01,6.255636088187538357e-01,1.000000000000000000e+00,0.000000000000000000e+00
1.078469794452670660e+00,1.048042746960273774e-01,0.000000000000000000e+00,-1.519504336804321787e-01,6.290344970817134396e-01,1.000000000000000000e+00,0.000000000000000000e+00
1.081850577507381006e+00,1.014234916413170318e-01,0.000000000000000000e+00,-1.404010305019663396e-01,6.325271588096811337e-01,1.000000000000000000e+00,0.000000000000000000e+00
1.085231360562091574e+00,9.804270858660646404e-02,0.000000000000000000e+00,-1.292302962801707700e-01,6.360415940026576953e-01,1.000000000000000000e+00,0.000000000000000000e+00
1.088612143616802141e+00,9.466192553189589631e-02,0.000000000000000000e+00,-1.184382310150462192e-01,6.395778026606427913e-01,1.000000000000000000e+00,0.000000000000000000e+00
1.091992926671512709e+00,9.128114247718532859e-02,0.000000000000000000e+00,-1.080248347065927150e-01,6.431357847836364217e-01,1.000000000000000000e+00,0.000000000000000000e+00
1.095373709726223277e+00,8.790035942247476086e-02,0.000000000000000000e+00,-9.799010735481028522e-02,6.467155403716388085e-01,1.000000000000000000e+00,0.000000000000000000e+00
1.098754492780933845e+00,8.451957636776419314e-02,0.000000000000000000e+00,-8.833404895969884651e-02,6.503170694246496186e-01,1.000000000000000000e+00,0.000000000000000000e+00
1.102135275835644412e+00,8.113879331305362541e-02,0.000000000000000000e+00,-7.905665952125845442e-02,6.539403719426690742e-01,1.000000000000000000e+00,0.000000000000000000e+00
1.105516058890354980e+00,7.775801025834305769e-02,0.000000000000000000e+00,-7.015793903948910892e-02,6.575854479256970642e-01,1.000000000000000000e+00,0.000000000000000000e+00
1.108896841945065548e+00,7.437722720363248996e-02,0.000000000000000000e+00,-6.163788751439079616e-02,6.612522973737336995e-01,1.000000000000000000e+00,0.000000000000000000e+00
1.112277624999776116e+00,7.099644414892192223e-02,0.000000000000000000e+00,-5.349650494596350225e-02,6.649409202867788693e-01,1.000000000000000000e+00,0.000000000000000000e+00
1.115658408054486683e+00,6.761566109421135451e-02,0.000000000000000000e+00,-4.573379133420726883e-02,6.686513166648326845e-01,1.000000000000000000e+00,0.000000000000000000e+00
1.119039191109197251e+00,6.423487803950078678e-02,0.000000000000000000e+00,-3.834974667912206814e-02,6.723834865078953671e-01,1.000000000000000000e+00,0.000000000000000000e+00
1.122419974163907819e+00,6.085409498479021906e-02,0.000000000000000000e+00,-3.134437098070788630e-02,6.761374298159662510e-01,1.000000000000000000e+00,0.000000000000000000e+00
1.125800757218618386e+00,5.747331193007965133e-02,0.000000000000000000e+00,-2.471766423896475107e-02,6.799131465890457804e-01,1.000000000000000000e+00,0.000000000000000000e+00
1.129181540273328954e+00,5.409252887536908361e-02,0.000000000000000000e+00,-1.846962645389265550e-02,6.837106368271338441e-01,1.000000000000000000e+00,0.000000000000000000e+00
1.132562323328039522e+00,5.071174582065851588e-02,0.000000000000000000e+00,-1.260025762549158573e-02,6.875299005302305533e-01,1.000000000000000000e+00,0.000000000000000000e+00
1.135943106382750090e+00,4.733096276594794816e-02,0.000000000000000000e+00,-7.109557753761555632e-03,6.913709376983359078e-01,1.000000000000000000e+00,0.000000000000000000e+00
1.139323889437460657e+00,4.395017971123738043e-02,0.000000000000000000e+00,-1.997526838702572138e-03,6.952337483314497968e-01,1.000000000000000000e+00,0.000000000000000000e+00
1.142704672492171225e+00,4.056939665652681271e-02,0.000000000000000000e+00,2.735835119685385564e-03,6.991183324295722201e-01,1.000000000000000000e+00,0.000000000000000000e+00
1.146085455546881793e+00,3.718861360181624498e-02,0.000000000000000000e+00,7.090528121402303596e-03,7.030246899927032889e-01,1.000000000000000000e+00,0.000000000000000000e+00
1.149466238601592361e+00,3.380783054710567725e-02,0.000000000000000000e+00,1.106655216644818196e-02,7.069528210208430030e-01,1.000000000000000000e+00,0.000000000000000000e+00
1.152847021656302928e+00,3.042704749239510953e-02,0.000000000000000000e+00,1.466390725482302759e-02,7.109027255139912516e-01,1.000000000000000000e+00,0.000000000000000000e+00
1.156227804711013496e+00,2.704626443768454180e-02,0.000000000000000000e+00,1.788259338652683356e-02,7.148744034721479235e-01,1.000000000000000000e+00,0.000000000000000000e+00
1.159608587765724064e+00,2.366548138297397408e-02,0.000000000000000000e+00,2.072261056155960679e-02,7.188678548953133518e-01,1.000000000000000000e+00,0.000000000000000000e+00
1.162989370820434631e+00,2.028469832826340635e-02,0.000000000000000000e+00,2.318395877992134729e-02,7.228830797834873145e-01,1.000000000000000000e+00,0.000000000000000000e+00
1.166370153875145199e+00,1.690391527355283863e-02,0.000000000000000000e+00,2.526663804161204119e-02,7.269200781366698116e-01,1.000000000000000000e+00,0.000000000000000000e+00
1.169750936929855767e+00,1.352313221884227090e-02,0.000000000000000000e+00,2.697064834663170929e-02,7.309788499548609542e-01,1.000000000000000000e+00,0.000000000000000000e+00
1.173131719984566335e+00,1.014234916413170318e-02,0.000000000000000000e+00,2.829598969498033773e-02,7.350593952380607421e-01,1.000000000000000000e+00,0.000000000000000000e+00
1.176512503039276902e+00,6.761566109421135451e-03,0.000000000000000000e+00,2.924266208665792649e-02,7.391617139862690644e-01,1.000000000000000000e+00,0.000000000000000000e+00
1.179893286093987470e+00,3.380783054710567725e-03,0.000000000000000000e+00,2.981066552166448252e-02,7.432858061994858101e-01,1.000000000000000000e+00,0.000000000000000000e+00
1.183274069148698038e+00,0.000000000000000000e+00,0.000000000000000000e+00,2.999999999999999889e-02,7.474316718777113122e-01,1.000000000000000000e+00,0.000000000000000000e+00
1.186201913158761334e+00,2.535587291032924059e-03,1.463922005031652925e-03,2.985799914124836335e-02,7.432808576847115267e-01,1.000000000000000000e+00,0.000000000000000000e+00
1.189129757168824630e+00,5.071174582065848119e-03,2.927844010063305850e-03,2.943199656499344286e-02,7.391419199271703766e-01,1.000000000000000000e+00,0.000000000000000000e+00
1.192057601178887927e+00,7.606761873098773045e-03,4.391766015094959209e-03,2.872199227123525128e-02,7.350148586050889721e-01,1.000000000000000000e+00,0.000000000000000000e+00
1.194985445188951223e+00,1.014234916413169624e-02,5.855688020126611701e-03,2.772798625997378169e-02,7.308996737184662029e-01,1.000000000000000000e+00,0.000000000000000000e+00
1.197913289199014519e+00,1.267793645516462030e-02,7.319610025158264192e-03,2.644997853120904102e-02,7.267963652673028463e-01,1.000000000000000000e+00,0.000000000000000000e+00
1.200841133209077816e+00,1.521352374619754609e-02,8.783532030189918419e-03,2.488796908494101540e-02,7.227049332515989022e-01,1.000000000000000000e+00,0.000000000000000000e+00
1.203768977219141112e+00,1.774911103723047015e-02,1.024745403522157004e-02,2.304195792116971175e-02,7.186253776713541486e-01,1.000000000000000000e+00,0.000000000000000000e+00
1.206696821229204408e+00,2.028469832826339248e-02,1.171137604025322340e-02,2.091194503989514397e-02,7.145576985265685854e-01,1.000000000000000000e+00,0.000000000000000000e+00
1.209624665239267705e+00,2.282028561929631827e-02,1.317529804528487676e-02,1.849793044111728429e-02,7.105018958172422128e-01,1.000000000000000000e+00,0.000000000000000000e+00
1.212552509249331001e+00,2.535587291032924059e-02,1.463922005031652838e-02,1.579991412483615354e-02,7.064579695433751416e-01,1.000000000000000000e+00,0.000000000000000000e+00
1.215480353259394297e+00,2.789146020136216986e-02,1.610314205534818174e-02,1.281789609105174477e-02,7.024259197049672609e-01,1.000000000000000000e+00,0.000000000000000000e+00
1.218408197269457816e+00,3.042704749239509218e-02,1.756706406037983684e-02,9.551876339764064916e-03,6.984057463020183487e-01,1.000000000000000000e+00,0.000000000000000000e+00
1.221336041279521112e+00,3.296263478342801451e-02,1.903098606541148846e-02,6.001854870973100109e-03,6.943974493345291821e-01,1.000000000000000000e+00,0.000000000000000000e+00
1.224263885289584408e+00,3.549822207446094030e-02,2.049490807044314009e-02,2.167831684678864224e-03,6.904010288024987618e-01,1.000000000000000000e+00,0.000000000000000000e+00
1.227191729299647704e+00,3.803380936549386609e-02,2.195883007547479518e-02,-1.950193219118656618e-03,6.864164847059279762e-01,1.000000000000000000e+00,0.000000000000000000e+00
1.230119573309711001e+00,4.056939665652678495e-02,2.342275208050644680e-02,-6.352219840419434660e-03,6.824438170448161589e-01,1.000000000000000000e+00,0.000000000000000000e+00
1.233047417319774297e+00,4.310498394755971074e-02,2.488667408553809843e-02,-1.103824817922351154e-02,6.784830258191637542e-01,1.000000000000000000e+00,0.000000000000000000e+00
1.235975261329837593e+00,4.564057123859263654e-02,2.635059609056975352e-02,-1.600827823553086643e-02,6.745341110289704289e-01,1.000000000000000000e+00,0.000000000000000000e+00
1.238903105339900890e+00,4.817615852962555539e-02,2.781451809560140515e-02,-2.126231000934147852e-02,6.705970726742362942e-01,1.000000000000000000e+00,0.000000000000000000e+00
1.241830949349964186e+00,5.071174582065848119e-02,2.927844010063305677e-02,-2.680034350065537557e-02,6.666719107549614609e-01,1.000000000000000000e+00,0.000000000000000000e+00
1.244758793360027482e+00,5.324733311169140698e-02,3.074236210566470839e-02,-3.262237870947255758e-02,6.627586252711459291e-01,1.000000000000000000e+00,0.000000000000000000e+00
1.247686637370090779e+00,5.578292040272433971e-02,3.220628411069636349e-02,-3.872841563579301760e-02,6.588572162227895879e-01,1.000000000000000000e+00,0.000000000000000000e+00
1.250614481380154075e+00,5.831850769375725163e-02,3.367020611572801858e-02,-4.511845427961674870e-02,6.549676836098923260e-01,1.000000000000000000e+00,0.000000000000000000e+00
1.253542325390217371e+00,6.085409498479018436e-02,3.513412812075967367e-02,-5.179249464094375088e-02,6.510900274324544768e-01,1.000000000000000000e+00,0.000000000000000000e+00
1.256470169400280668e+00,6.338968227582310322e-02,3.659805012579132183e-02,-5.875053671977402414e-02,6.472242476904758179e-01,1.000000000000000000e+00,0.000000000000000000e+00
1.259398013410343964e+00,6.592526956685602901e-02,3.806197213082297692e-02,-6.599258051610758236e-02,6.433703443839562386e-01,1.000000000000000000e+00,0.000000000000000000e+00
1.262325857420407260e+00,6.846085685788895481e-02,3.952589413585462508e-02,-7.351862602994443940e-02,6.395283175128961828e-01,1.000000000000000000e+00,0.000000000000000000e+00
1.265253701430470556e+00,7.099644414892188060e-02,4.098981614088628017e-02,-8.132867326128455365e-02,6.356981670772949844e-01,1.000000000000000000e+00,0.000000000000000000e+00
1.268181545440533853e+00,7.353203143995479252e-02,4.245373814591792833e-02,-8.942272221012791122e-02,6.318798930771533096e-01,1.000000000000000000e+00,0.000000000000000000e+00
1.271109389450597149e+00,7.606761873098773219e-02,4.391766015094959036e-02,-9.780077287647462314e-02,6.280734955124707142e-01,1.000000000000000000e+00,0.000000000000000000e+00
1.274037233460660445e+00,7.860320602202064411e-02,4.538158215598123851e-02,-1.064628252603245506e-01,6.242789743832475313e-01,1.000000000000000000e+00,0.000000000000000000e+00
1.276965077470723742e+00,8.113879331305356990e-02,4.684550416101289361e-02,-1.154088793616777353e-01,6.204963296894832059e-01,1.000000000000000000e+00,0.000000000000000000e+00
1.279892921480787038e+00,8.367438060408650957e-02,4.830942616604454870e-02,-1.246389351805343437e-01,6.167255614311784040e-01,1.000000000000000000e+00,0.000000000000000000e+00
1.282820765490850334e+00,8.620996789511942149e-02,4.977334817107619686e-02,-1.341529927168940428e-01,6.129666696083329036e-01,1.000000000000000000e+00,0.000000000000000000e+00
1.285748609500913631e+00,8.874555518615234728e-02,5.123727017610785195e-02,-1.439510519707571101e-01,6.092196542209463717e-01,1.000000000000000000e+00,0.000000000000000000e+00
1.288676453510977149e+00,9.128114247718527308e-02,5.270119218113950704e-02,-1.540331129421234624e-01,6.054845152690192522e-01,1.000000000000000000e+00,0.000000000000000000e+00
1.291604297521040445e+00,9.381672976821819887e-02,5.416511418617116214e-02,-1.643991756309930719e-01,6.017612527525513233e-01,1.000000000000000000e+00,0.000000000000000000e+00
1.294532141531103742e+00,9.635231705925111079e-02,5.562903619120281029e-02,-1.750492400373659108e-01,5.980498666715425848e-01,1.000000000000000000e+00,0.000000000000000000e+00
1.297459985541167038e+00,9.888790435028405046e-02,5.709295819623446538e-02,-1.859833061612420901e-01,5.943503570259930369e-01,1.000000000000000000e+00,0.000000000000000000e+00
1.300387829551230334e+00,1.014234916413169624e-01,5.855688020126611354e-02,-1.972013740026214990e-01,5.906627238159027904e-01,1.000000000000000000e+00,0.000000000000000000e+00
1.303315673561293631e+00,1.039590789323499020e-01,6.002080220629776863e-02,-2.087034435615042760e-01,5.869869670412717344e-01,1.000000000000000000e+00,0.000000000000000000e+00
1.306243517571356927e+00,1.064946662233828140e-01,6.148472421132941679e-02,-2.204895148378902270e-01,5.833230867020999799e-01,1.000000000000000000e+00,0.000000000000000000e+00
1.309171361581420223e+00,1.090302535144157398e-01,6.294864621636107882e-02,-2.325595878317795184e-01,5.796710827983873049e-01,1.000000000000000000e+00,0.000000000000000000e+00
1.312099205591483519e+00,1.115658408054486794e-01,6.441256822139272697e-02,-2.449136625431720671e-01,5.760309553301335983e-01,1.000000000000000000e+00,0.000000000000000000e+00
1.315027049601546816e+00,1.141014280964815775e-01,6.587649022642437513e-02,-2.575517389720678452e-01,5.724027042973395263e-01,1.000000000000000000e+00,0.000000000000000000e+00
1.317954893611610112e+00,1.166370153875145033e-01,6.734041223145603716e-02,-2.704738171184669637e-01,5.687863297000049778e-01,1.000000000000000000e+00,0.000000000000000000e+00
1.320882737621673408e+00,1.191726026785474429e-01,6.880433423648768532e-02,-2.836798969823693950e-01,5.651818315381289537e-01,1.000000000000000000e+00,0.000000000000000000e+00
1.323810581631736705e+00,1.217081899695803687e-01,7.026825624151934735e-02,-2.971699785637750280e-01,5.615892098117127862e-01,1.000000000000000000e+00,0.000000000000000000e+00
1.326738425641800001e+00,1.242437772606132945e-01,7.173217824655099550e-02,-3.109440618626839736e-01,5.580084645207553651e-01,1.000000000000000000e+00,0.000000000000000000e+00
1.329666269651863297e+00,1.267793645516462064e-01,7.319610025158264366e-02,-3.250021468790961210e-01,5.544395956652575785e-01,1.000000000000000000e+00,0.000000000000000000e+00
1.332594113661926594e+00,1.293149518426791322e-01,7.466002225661429181e-02,-3.393442336130115811e-01,5.508826032452186494e-01,1.000000000000000000e+00,0.000000000000000000e+00
1.335521957671989890e+00,1.318505391337120580e-01,7.612394426164595385e-02,-3.539703220644303538e-01,5.473374872606390218e-01,1.000000000000000000e+00,0.000000000000000000e+00
1.338449801682053186e+00,1.343861264247449838e-01,7.758786626667761588e-02,-3.688804122333525504e-01,5.438042477115188067e-01,1.000000000000000000e+00,0.000000000000000000e+00
1.341377645692116483e+00,1.369217137157779096e-01,7.905178827170925016e-02,-3.840745041197777265e-01,5.402828845978576711e-01,1.000000000000000000e+00,0.000000000000000000e+00
1.344305489702179779e+00,1.394573010068108354e-01,8.051571027674091219e-02,-3.995525977237063264e-01,5.367733979196558369e-01,1.000000000000000000e+00,0.000000000000000000e+00
1.347233333712243075e+00,1.419928882978437612e-01,8.197963228177256034e-02,-4.153146930451382390e-01,5.332757876769133043e-01,1.000000000000000000e+00,0.000000000000000000e+00
1.350161177722306594e+00,1.445284755888766870e-01,8.344355428680422238e-02,-4.313607900840734644e-01,5.297900538696298511e-01,1.000000000000000000e+00,0.000000000000000000e+00
1.353089021732369668e+00,1.470640628799095850e-01,8.490747629183585665e-02,-4.476908888405116693e-01,5.263161964978056995e-01,1.000000000000000000e+00,0.000000000000000000e+00
1.356016865742433186e+00,1.495996501709425108e-01,8.637139829686751868e-02,-4.643049893144534090e-01,5.228542155614407383e-01,1.000000000000000000e+00,0.000000000000000000e+00
1.358944709752496482e+00,1.521352374619754644e-01,8.783532030189918072e-02,-4.812030915058984615e-01,5.194041110605350786e-01,1.000000000000000000e+00,0.000000000000000000e+00
1.361872553762559779e+00,1.546708247530083902e-01,8.929924230693082887e-02,-4.983851954148468266e-01,5.159658829950883874e-01,1.000000000000000000e+00,0.000000000000000000e+00
1.364800397772623075e+00,1.572064120440412882e-01,9.076316431196247703e-02,-5.158513010412981714e-01,5.125395313651012197e-01,0.000000000000000000e+00,0.000000000000000000e+00
1.367728241782686371e+00,1.597419993350742140e-01,9.222708631699412518e-02,-5.336014083852529399e-01,5.091250561705732425e-01,0.000000000000000000e+00,0.000000000000000000e+00
1.370656085792749668e+00,1.622775866261071398e-01,9.369100832202578721e-02,-5.516355174467109101e-01,5.057224574115044557e-01,0.000000000000000000e+00,0.000000000000000000e+00
1.373583929802812964e+00,1.648131739171400656e-01,9.515493032705744925e-02,-5.699536282256725261e-01,5.023317350878947485e-01,0.000000000000000000e+00,0.000000000000000000e+00
1.376511773812876260e+00,1.673487612081730191e-01,9.661885233208909740e-02,-5.885557407221373438e-01,4.989528891997444537e-01,0.000000000000000000e+00,0.000000000000000000e+00
1.379439617822939557e+00,1.698843484992059172e-01,9.808277433712074556e-02,-6.074418549361051411e-01,4.955859197470534605e-01,0.000000000000000000e+00,0.000000000000000000e+00
1.382367461833002853e+00,1.724199357902388430e-01,9.954669634215239371e-02,-6.266119708675761402e-01,4.922308267298214357e-01,0.000000000000000000e+00,0.000000000000000000e+00
1.385295305843066149e+00,1.749555230812717688e-01,1.010106183471840557e-01,-6.460660885165507850e-01,4.888876101480488234e-01,0.000000000000000000e+00,0.000000000000000000e+00
1.388223149853129446e+00,1.774911103723046946e-01,1.024745403522157039e-01,-6.658042078830284094e-01,4.855562700017354016e-01,0.000000000000000000e+00,0.000000000000000000e+00
1.391150993863192742e+00,1.800266976633376204e-01,1.039384623572473521e-01,-6.858263289670094576e-01,4.822368062908811703e-01,0.000000000000000000e+00,0.000000000000000000e+00
1.394078837873256038e+00,1.825622849543705462e-01,1.054023843622790141e-01,-7.061324517684939295e-01,4.789292190154861295e-01,0.000000000000000000e+00,0.000000000000000000e+00
1.397006681883319335e+00,1.850978722454034719e-01,1.068663063673106622e-01,-7.267225762874813810e-01,4.756335081755502792e-01,0.000000000000000000e+00,0.000000000000000000e+00
1.399934525893382631e+00,1.876334595364363977e-01,1.083302283723423243e-01,-7.475967025239722563e-01,4.723496737710739524e-01,0.000000000000000000e+00,0.000000000000000000e+00
1.402862369903445927e+00,1.901690468274692958e-01,1.097941503773739585e-01,-7.687548304779663333e-01,4.690777158020565940e-01,0.000000000000000000e+00,0.000000000000000000e+00
1.405790213913509223e+00,1.927046341185022216e-01,1.112580723824056206e-01,-7.901969601494636120e-01,4.658176342684985372e-01,0.000000000000000000e+00,0.000000000000000000e+00
1.408718057923572520e+00,1.952402214095351751e-01,1.127219943874372687e-01,-8.119230915384645364e-01,4.625694291703995598e-01,0.000000000000000000e+00,0.000000000000000000e+00
1.411645901933635816e+00,1.977758087005681009e-01,1.141859163924689308e-01,-8.339332246449684405e-01,4.593331005077601059e-01,0.000000000000000000e+00,0.000000000000000000e+00
1.414573745943699112e+00,2.003113959916009990e-01,1.156498383975005789e-01,-8.562273594689753242e-01,4.561086482805797315e-01,0.000000000000000000e+00,0.000000000000000000e+00
1.417501589953762409e+00,2.028469832826339248e-01,1.171137604025322271e-01,-8.788054960104860758e-01,4.528960724888584366e-01,0.000000000000000000e+00,0.000000000000000000e+00
1.420429433963825705e+00,2.053825705736668505e-01,1.185776824075638891e-01,-9.016676342694998070e-01,4.496953731325966652e-01,0.000000000000000000e+00,0.000000000000000000e+00
1.423357277973889001e+00,2.079181578646998041e-01,1.200416044125955373e-01,-9.248137742460171840e-01,4.465065502117938623e-01,0.000000000000000000e+00,0.000000000000000000e+00
1.426285121983952520e+00,2.104537451557327299e-01,1.215055264176271993e-01,-9.482439159400375406e-01,4.433296037264504719e-01,0.000000000000000000e+00,0.000000000000000000e+00
1.429212965994015594e+00,2.129893324467656279e-01,1.229694484226588336e-01,-9.719580593515608768e-01,4.401645336765661609e-01,0.000000000000000000e+00,0.000000000000000000e+00
1.432140810004079112e+00,2.155249197377985537e-01,1.244333704276904956e-01,-9.959562044805876369e-01,4.370113400621411515e-01,0.000000000000000000e+00,0.000000000000000000e+00
1.435068654014142409e+00,2.180605070288314795e-01,1.258972924327221576e-01,-1.020238351327118043e+00,4.338700228831754435e-01,0.000000000000000000e+00,0.000000000000000000e+00
1.437996498024205705e+00,2.205960943198644053e-01,1.273612144377538058e-01,-1.044804499891151650e+00,4.307405821396688150e-01,0.000000000000000000e+00,0.000000000000000000e+00
1.440924342034269001e+00,2.231316816108973589e-01,1.288251364427854539e-01,-1.069654650172688237e+00,4.276230178316214880e-01,0.000000000000000000e+00,0.000000000000000000e+00
1.443852186044332297e+00,2.256672689019302569e-01,1.302890584478171021e-01,-1.094788802171728248e+00,4.245173299590334626e-01,0.000000000000000000e+00,0.000000000000000000e+00
1.446780030054395594e+00,2.282028561929631549e-01,1.317529804528487503e-01,-1.120206955888271461e+00,4.214235185219045166e-01,0.000000000000000000e+00,0.000000000000000000e+00
1.449707874064458890e+00,2.307384434839961085e-01,1.332169024578804262e-01,-1.145909111322318097e+00,4.183415835202348720e-01,0.000000000000000000e+00,0.000000000000000000e+00
1.452635718074522186e+00,2.332740307750290065e-01,1.346808244629120743e-01,-1.171895268473867935e+00,4.152715249540244180e-01,0.000000000000000000e+00,0.000000000000000000e+00
1.455563562084585483e+00,2.358096180660619601e-01,1.361447464679437225e-01,-1.198165427342920974e+00,4.122133428232732655e-01,0.000000000000000000e+00,0.000000000000000000e+00
1.458491406094648779e+00,2.383452053570948859e-01,1.376086684729753706e-01,-1.224719587929477438e+00,4.091670371279810814e-01,0.000000000000000000e+00,0.000000000000000000e+00
1.461419250104712075e+00,2.408807926481277839e-01,1.390725904780070188e-01,-1.251557750233536659e+00,4.061326078681485319e-01,0.000000000000000000e+00,0.000000000000000000e+00
1.464347094114775372e+00,2.434163799391607375e-01,1.405365124830386947e-01,-1.278679914255099970e+00,4.031100550437748398e-01,0.000000000000000000e+00,0.000000000000000000e+00
1.467274938124838668e+00,2.459519672301936355e-01,1.420004344880703151e-01,-1.306086079994166038e+00,4.000993786548607822e-01,0.000000000000000000e+00,0.000000000000000000e+00
1.470202782134901964e+00,2.484875545212265890e-01,1.434643564931019910e-01,-1.333776247450735752e+00,3.971005787014055821e-01,0.000000000000000000e+00,0.000000000000000000e+00
1.473130626144965261e+00,2.510231418122594871e-01,1.449282784981336392e-01,-1.361750416624808002e+00,3.941136551834097945e-01,0.000000000000000000e+00,0.000000000000000000e+00
1.476058470155028557e+00,2.535587291032924129e-01,1.463922005031652873e-01,-1.390008587516384342e+00,3.911386081008734195e-01,0.000000000000000000e+00,0.000000000000000000e+00
1.478986314165092075e+00,2.560943163943253387e-01,1.478561225081969632e-01,-1.418550760125464105e+00,3.881754374537957908e-01,0.000000000000000000e+00,0.000000000000000000e+00
1.481914158175155150e+00,2.586299036853582645e-01,1.493200445132285836e-01,-1.447376934452046404e+00,3.852241432421776857e-01,0.000000000000000000e+00,0.000000000000000000e+00
1.484842002185218446e+00,2.611654909763911903e-01,1.507839665182602318e-01,-1.476487110496132349e+00,3.822847254660187710e-01,0.000000000000000000e+00,0.000000000000000000e+00
1.487769846195281964e+00,2.637010782674241161e-01,1.522478885232919077e-01,-1.505881288257721273e+00,3.793571841253190469e-01,0.000000000000000000e+00,0.000000000000000000e+00
1.490697690205345260e+00,2.662366655584570418e-01,1.537118105283235558e-01,-1.535559467736814065e+00,3.764415192200786242e-01,0.000000000000000000e+00,0.000000000000000000e+00
1.493625534215408557e+00,2.687722528494899676e-01,1.551757325333552318e-01,-1.565521648933410059e+00,3.735377307502972810e-01,0.000000000000000000e+00,0.000000000000000000e+00
1.496553378225471853e+00,2.713078401405228934e-01,1.566396545383868522e-01,-1.595767831847508589e+00,3.706458187159754614e-01,0.000000000000000000e+00,0.000000000000000000e+00
1.499481222235535149e+00,2.738434274315558192e-01,1.581035765434185003e-01,-1.626298016479110986e+00,3.677657831171126102e-01,0.000000000000000000e+00,0.000000000000000000e+00
1.502409066245598446e+00,2.763790147225887450e-01,1.595674985484501762e-01,-1.657112202828216363e+00,3.648976239537090605e-01,0.000000000000000000e+00,0.000000000000000000e+00
1.505336910255661742e+00,2.789146020136216708e-01,1.610314205534818244e-01,-1.688210390894825386e+00,3.620413412257645902e-01,0.000000000000000000e+00,0.000000000000000000e+00
1.508264754265725038e+00,2.814501893046545411e-01,1.624953425585134725e-01,-1.719592580678936944e+00,3.591969349332796435e-01,0.000000000000000000e+00,0.000000000000000000e+00
1.511192598275788335e+00,2.839857765956875224e-01,1.639592645635451207e-01,-1.751258772180552814e+00,3.563644050762537763e-01,0.000000000000000000e+00,0.000000000000000000e+00
1.514120442285851631e+00,2.865213638867204482e-01,1.654231865685767688e-01,-1.783208965399671442e+00,3.535437516546870995e-01,0.000000000000000000e+00,0.000000000000000000e+00
1.517048286295914927e+00,2.890569511777533740e-01,1.668871085736084448e-01,-1.815443160336293715e+00,3.507349746685797243e-01,0.000000000000000000e+00,0.000000000000000000e+00
1.519976130305978224e+00,2.915925384687862998e-01,1.683510305786400929e-01,-1.847961356990418746e+00,3.479380741179315395e-01,0.000000000000000000e+00,0.000000000000000000e+00
1.522903974316041520e+00,2.941281257598191701e-01,1.698149525836717133e-01,-1.880763555362046535e+00,3.451530500027426562e-01,0.000000000000000000e+00,0.000000000000000000e+00
1.525831818326104816e+00,2.966637130508521514e-01,1.712788745887033892e-01,-1.913849755451179080e+00,3.423799023230128524e-01,0.000000000000000000e+00,0.000000000000000000e+00
1.528759662336168113e+00,2.991993003418850217e-01,1.727427965937350374e-01,-1.947219957257813494e+00,3.396186310787423501e-01,0.000000000000000000e+00,0.000000000000000000e+00
1.531687506346231409e+00,3.017348876329180030e-01,1.742067185987667133e-01,-1.980874160781952442e+00,3.368692362699311493e-01,0.000000000000000000e+00,0.000000000000000000e+00
1.534615350356294705e+00,3.042704749239509288e-01,1.756706406037983614e-01,-2.014812366023593704e+00,3.341317178965791390e-01,0.000000000000000000e+00,0.000000000000000000e+00
1.537543194366358001e+00,3.068060622149837990e-01,1.771345626088299818e-01,-2.049034572982737945e+00,3.314060759586863192e-01,0.000000000000000000e+00,0.000000000000000000e+00
1.540471038376421298e+00,3.093416495060167803e-01,1.785984846138616577e-01,-2.083540781659387164e+00,3.286923104562525788e-01,0.000000000000000000e+00,0.000000000000000000e+00
1.543398882386484594e+00,3.118772367970496506e-01,1.800624066188933059e-01,-2.118330992053537809e+00,3.259904213892782510e-01,0.000000000000000000e+00,0.000000000000000000e+00
1.546326726396547890e+00,3.144128240880825764e-01,1.815263286239249541e-01,-2.153405204165192544e+00,3.233004087577632246e-01,0.000000000000000000e+00,0.000000000000000000e+00
1.549254570406611187e+00,3.169484113791155577e-01,1.829902506289566300e-01,-2.188763417994351368e+00,3.206222725617072777e-01,0.000000000000000000e+00,0.000000000000000000e+00
1.552182414416674483e+00,3.194839986701484280e-01,1.844541726339882504e-01,-2.224405633541011618e+00,3.179560128011106324e-01,0.000000000000000000e+00,0.000000000000000000e+00
1.555110258426737779e+00,3.220195859611814093e-01,1.859180946390199263e-01,-2.260331850805176845e+00,3.153016294759731775e-01,0.000000000000000000e+00,0.000000000000000000e+00
1.558038102436801076e+00,3.245551732522142796e-01,1.873820166440515744e-01,-2.296542069786843498e+00,3.126591225862949130e-01,0.000000000000000000e+00,0.000000000000000000e+00
1.560965946446864372e+00,3.270907605432472054e-01,1.888459386490832226e-01,-2.333036290486015130e+00,3.100284921320760612e-01,0.000000000000000000e+00,0.000000000000000000e+00
1.563893790456927890e+00,3.296263478342801312e-01,1.903098606541148985e-01,-2.369814512902689518e+00,3.074097381133161777e-01,0.000000000000000000e+00,0.000000000000000000e+00
1.566821634466990965e+00,3.321619351253130570e-01,1.917737826591465189e-01,-2.406876737036867109e+00,3.048028605300157068e-01,0.000000000000000000e+00,0.000000000000000000e+00
1.569749478477054483e+00,3.346975224163460383e-01,1.932377046641781948e-01,-2.444222962888549233e+00,3.022078593821744263e-01,0.000000000000000000e+00,0.000000000000000000e+00
1.572677322487117779e+00,3.372331097073789086e-01,1.947016266692098430e-01,-2.481853190457732339e+00,2.996247346697923364e-01,0.000000000000000000e+00,0.000000000000000000e+00
1.575605166497181076e+00,3.397686969984118344e-01,1.961655486742414911e-01,-2.519767419744419978e+00,2.970534863928694369e-01,0.000000000000000000e+00,0.000000000000000000e+00
1.578533010507244372e+00,3.423042842894447602e-01,1.976294706792731393e-01,-2.557965650748610376e+00,2.944941145514058389e-01,0.000000000000000000e+00,0.000000000000000000e+00
1.581460854517307668e+00,3.448398715804776860e-01,1.990933926843047874e-01,-2.596447883470304419e+00,2.919466191454014314e-01,0.000000000000000000e+00,0.000000000000000000e+00
1.584388698527370964e+00,3.473754588715106117e-01,2.005573146893364356e-01,-2.635214117909502107e+00,2.894110001748563255e-01,0.000000000000000000e+00,0.000000000000000000e+00
1.587316542537434261e+00,3.499110461625435375e-01,2.020212366943681115e-01,-2.674264354066202554e+00,2.868872576397704099e-01,0.000000000000000000e+00,0.000000000000000000e+00
1.590244386547497557e+00,3.524466334535764633e-01,2.034851586993997596e-01,-2.713598591940406646e+00,2.843753915401435739e-01,0.000000000000000000e+00,0.000000000000000000e+00
1.593172230557560853e+00,3.549822207446093891e-01,2.049490807044314078e-01,-2.753216831532113495e+00,2.818754018759762614e-01,0.000000000000000000e+00,0.000000000000000000e+00
1.596100074567624150e+00,3.575178080356423149e-01,2.064130027094630560e-01,-2.793119072841323991e+00,2.793872886472680284e-01,0.000000000000000000e+00,0.000000000000000000e+00
1.599027918577687446e+00,3.600533953266752407e-01,2.078769247144947041e-01,-2.833305315868037244e+00,2.769110518540188748e-01,0.000000000000000000e+00,0.000000000000000000e+00
1.601955762587750742e+00,3.625889826177081665e-01,2.093408467195263800e-01,-2.873775560612254143e+00,2.744466914962289117e-01,0.000000000000000000e+00,0.000000000000000000e+00
1.604883606597814039e+00,3.651245699087410923e-01,2.108047687245580282e-01,-2.914529807073975132e+00,2.719942075738984721e-01,0.000000000000000000e+00,0.000000000000000000e+00
1.607811450607877335e+00,3.676601571997740181e-01,2.122686907295896763e-01,-2.955568055253197990e+00,2.695536000870272786e-01,0.000000000000000000e+00,0.000000000000000000e+00
1.610739294617940631e+00,3.701957444908069439e-01,2.137326127346213245e-01,-2.996890305149925382e+00,2.671248690356150535e-01,0.000000000000000000e+00,0.000000000000000000e+00
1.613667138628003928e+00,3.727313317818398697e-01,2.151965347396529726e-01,-3.038496556764155532e+00,2.647080144196620743e-01,0.000000000000000000e+00,0.000000000000000000e+00
1.616594982638067446e+00,3.752669190728727955e-01,2.166604567446846485e-01,-3.080386810095888883e+00,2.623030362391683967e-01,0.000000000000000000e+00,0.000000000000000000e+00
1.619522826648130520e+00,3.778025063639057213e-01,2.181243787497162689e-01,-3.122561065145125436e+00,2.599099344941341316e-01,0.000000000000000000e+00,0.000000000000000000e+00
1.622450670658193816e+00,3.803380936549385916e-01,2.195883007547479171e-01,-3.165019321911864747e+00,2.575287091845589460e-01,0.000000000000000000e+00,0.000000000000000000e+00
1.625378514668257335e+00,3.828736809459715729e-01,2.210522227597795930e-01,-3.207761580396108592e+00,2.551593603104428398e-01,0.000000000000000000e+00,0.000000000000000000e+00
1.628306358678320631e+00,3.854092682370044431e-01,2.225161447648112412e-01,-3.250787840597854306e+00,2.528018878717861462e-01,0.000000000000000000e+00,0.000000000000000000e+00
1.631234202688383927e+00,3.879448555280374245e-01,2.239800667698429171e-01,-3.294098102517104998e+00,2.504562918685885875e-01,0.000000000000000000e+00,0.000000000000000000e+00
1.634162046698447224e+00,3.904804428190703502e-01,2.254439887748745375e-01,-3.337692366153858003e+00,2.481225723008502748e-01,0.000000000000000000e+00,0.000000000000000000e+00
1.637089890708510520e+00,3.930160301101032205e-01,2.269079107799061856e-01,-3.381570631508112434e+00,2.458007291685712636e-01,0.000000000000000000e+00,0.000000000000000000e+00
1.640017734718573816e+00,3.955516174011362018e-01,2.283718327849378615e-01,-3.425732898579873176e+00,2.434907624717513874e-01,0.000000000000000000e+00,0.000000000000000000e+00
1.642945578728637113e+00,3.980872046921690721e-01,2.298357547899695097e-01,-3.470179167369135786e+00,2.411926722103908682e-01,0.000000000000000000e+00,0.000000000000000000e+00
1.645873422738700409e+00,4.006227919832019979e-01,2.312996767950011578e-01,-3.514909437875901155e+00,2.389064583844894563e-01,0.000000000000000000e+00,0.000000000000000000e+00
1.648801266748763705e+00,4.031583792742349792e-01,2.327635988000328060e-01,-3.559923710100171501e+00,2.366321209940472903e-01,0.000000000000000000e+00,0.000000000000000000e+00
1.651729110758827002e+00,4.056939665652678495e-01,2.342275208050644542e-01,-3.605221984041943717e+00,2.343696600390644258e-01,0.000000000000000000e+00,0.000000000000000000e+00
1.654656954768890298e+00,4.082295538563008308e-01,2.356914428100961301e-01,-3.650804259701220911e+00,2.321190755195406963e-01,0.000000000000000000e+00,0.000000000000000000e+00
1.657584798778953594e+00,4.107651411473337011e-01,2.371553648151277782e-01,-3.696670537077999086e+00,2.298803674354762405e-01,0.000000000000000000e+00,0.000000000000000000e+00
1.660512642789016891e+00,4.133007284383666269e-01,2.386192868201594264e-01,-3.742820816172281351e+00,2.276535357868710030e-01,0.000000000000000000e+00,0.000000000000000000e+00
1.663440486799080187e+00,4.158363157293996082e-01,2.400832088251910745e-01,-3.789255096984068150e+00,2.254385805737249282e-01,0.000000000000000000e+00,0.000000000000000000e+00
1.666368330809143483e+00,4.183719030204324785e-01,2.415471308302227227e-01,-3.835973379513356374e+00,2.232355017960382104e-01,0.000000000000000000e+00,0.000000000000000000e+00
1.669296174819206779e+00,4.209074903114654598e-01,2.430110528352543986e-01,-3.882975663760150020e+00,2.210442994538105999e-01,0.000000000000000000e+00,0.000000000000000000e+00
1.672224018829270076e+00,4.234430776024983301e-01,2.444749748402860468e-01,-3.930261949724444648e+00,2.188649735470423463e-01,0.000000000000000000e+00,0.000000000000000000e+00
1.675151862839333372e+00,4.259786648935312559e-01,2.459388968453176672e-01,-3.977832237406243365e+00,2.166975240757332000e-01,0.000000000000000000e+00,0.000000000000000000e+00
1.678079706849396668e+00,4.285142521845641816e-01,2.474028188503493431e-01,-4.025686526805546173e+00,2.145419510398833274e-01,0.000000000000000000e+00,0.000000000000000000e+00
1.681007550859459965e+00,4.310498394755971074e-01,2.488667408553809912e-01,-4.073824817922351293e+00,2.123982544394926730e-01,0.000000000000000000e+00,0.000000000000000000e+00
1.683935394869523261e+00,4.335854267666300332e-01,2.503306628604126116e-01,-4.122247110756660504e+00,2.102664342745612924e-01,0.000000000000000000e+00,0.000000000000000000e+00
1.686863238879586557e+00,4.361210140576629590e-01,2.517945848654443153e-01,-4.170953405308472917e+00,2.081464905450891023e-01,0.000000000000000000e+00,0.000000000000000000e+00
1.689791082889649854e+00,4.386566013486958848e-01,2.532585068704759634e-01,-4.219943701577788531e+00,2.060384232510761304e-01,0.000000000000000000e+00,0.000000000000000000e+00
1.692718926899713150e+00,4.411921886397288106e-01,2.547224288755076116e-01,-4.269217999564607346e+00,2.039422323925224045e-01,0.000000000000000000e+00,0.000000000000000000e+00
1.695646770909776446e+00,4.437277759307617364e-01,2.561863508805392597e-01,-4.318776299268929364e+00,2.018579179694278136e-01,0.000000000000000000e+00,0.000000000000000000e+00
1.698574614919839743e+00,4.462633632217947177e-01,2.576502728855709079e-01,-4.368618600690753695e+00,1.997854799817925797e-01,0.000000000000000000e+00,0.000000000000000000e+00
1.701502458929903039e+00,4.487989505128275325e-01,2.591141948906025561e-01,-4.418744903830081228e+00,1.977249184296166196e-01,0.000000000000000000e+00,0.000000000000000000e+00
1.704430302939966335e+00,4.513345378038605138e-01,2.605781168956342042e-01,-4.469155208686913738e+00,1.956762333128997111e-01,0.000000000000000000e+00,0.000000000000000000e+00
1.707358146950029854e+00,4.538701250948934396e-01,2.620420389006659079e-01,-4.519849515261249451e+00,1.936394246316421319e-01,0.000000000000000000e+00,0.000000000000000000e+00
1.710285990960092928e+00,4.564057123859263099e-01,2.635059609056975005e-01,-4.570827823553086589e+00,1.916144923858437710e-01,0.000000000000000000e+00,0.000000000000000000e+00
1.713213834970156224e+00,4.589412996769592912e-01,2.649698829107291487e-01,-4.622090133562427816e+00,1.896014365755046283e-01,0.000000000000000000e+00,0.000000000000000000e+00
1.716141678980219742e+00,4.614768869679922170e-01,2.664338049157608523e-01,-4.673636445289273134e+00,1.876002572006246760e-01,0.000000000000000000e+00,0.000000000000000000e+00
1.719069522990283039e+00,4.640124742590251983e-01,2.678977269207925005e-01,-4.725466758733622541e+00,1.856109542612039698e-01,0.000000000000000000e+00,0.000000000000000000e+00
1.721997367000346335e+00,4.665480615500580130e-01,2.693616489258241486e-01,-4.777581073895472485e+00,1.836335277572426206e-01,0.000000000000000000e+00,0.000000000000000000e+00
1.724925211010409631e+00,4.690836488410909944e-01,2.708255709308557968e-01,-4.829979390774827408e+00,1.816679776887403508e-01,0.000000000000000000e+00,0.000000000000000000e+00
1.727853055020472928e+00,4.716192361321239201e-01,2.722894929358874450e-01,-4.882661709371684644e+00,1.797143040556973825e-01,0.000000000000000000e+00,0.000000000000000000e+00
1.730780899030536224e+00,4.741548234231567904e-01,2.737534149409190931e-01,-4.935628029686045082e+00,1.777725068581136048e-01,0.000000000000000000e+00,0.000000000000000000e+00
1.733708743040599520e+00,4.766904107141897717e-01,2.752173369459507413e-01,-4.988878351717910498e+00,1.758425860959890452e-01,0.000000000000000000e+00,0.000000000000000000e+00
1.736636587050663039e+00,4.792259980052226975e-01,2.766812589509824449e-01,-5.042412675467278227e+00,1.739245417693237317e-01,0.000000000000000000e+00,0.000000000000000000e+00
1.739564431060726113e+00,4.817615852962555678e-01,2.781451809560140376e-01,-5.096231000934147382e+00,1.720183738781176919e-01,0.000000000000000000e+00,0.000000000000000000e+00
1.742492275070789409e+00,4.842971725872884936e-01,2.796091029610456857e-01,-5.150333328118521514e+00,1.701240824223708425e-01,0.000000000000000000e+00,0.000000000000000000e+00
1.745420119080852928e+00,4.868327598783214749e-01,2.810730249660773894e-01,-5.204719657020400625e+00,1.682416674020831837e-01,0.000000000000000000e+00,0.000000000000000000e+00
1.748347963090916002e+00,4.893683471693543452e-01,2.825369469711089820e-01,-5.259389987639781161e+00,1.663711288172548264e-01,0.000000000000000000e+00,0.000000000000000000e+00
1.751275807100979298e+00,4.919039344603872710e-01,2.840008689761406302e-01,-5.314344319976664899e+00,1.645124666678856318e-01,0.000000000000000000e+00,0.000000000000000000e+00
1.754203651111042817e+00,4.944395217514202523e-01,2.854647909811723339e-01,-5.369582654031053615e+00,1.626656809539755999e-01,0.000000000000000000e+00,0.000000000000000000e+00
1.757131495121106113e+00,4.969751090424531781e-01,2.869287129862039820e-01,-5.425104989802943756e+00,1.608307716755248973e-01,0.000000000000000000e+00,0.000000000000000000e+00
1.760059339131169409e+00,4.995106963334860484e-01,2.883926349912356302e-01,-5.480911327292337099e+00,1.590077388325334684e-01,0.000000000000000000e+00,0.000000000000000000e+00
1.762987183141232705e+00,5.020462836245189742e-01,2.898565569962672783e-01,-5.537001666499232755e+00,1.571965824250012300e-01,0.000000000000000000e+00,0.000000000000000000e+00
1.765915027151296002e+00,5.045818709155519555e-01,2.913204790012989265e-01,-5.593376007423635166e+00,1.553973024529280988e-01,0.000000000000000000e+00,0.000000000000000000e+00
1.768842871161359298e+00,5.071174582065848258e-01,2.927844010063305746e-01,-5.650034350065538113e+00,1.536098989163143802e-01,0.000000000000000000e+00,0.000000000000000000e+00
1.771770715171422594e+00,5.096530454976178071e-01,2.942483230113622228e-01,-5.706976694424946928e+00,1.518343718151597410e-01,0.000000000000000000e+00,0.000000000000000000e+00
1.774698559181485891e+00,5.121886327886506773e-01,2.957122450163939265e-01,-5.764203040501857167e+00,1.500707211494644033e-01,0.000000000000000000e+00,0.000000000000000000e+00
1.777626403191549187e+00,5.147242200796835476e-01,2.971761670214255191e-01,-5.821713388296267944e+00,1.483189469192283672e-01,0.000000000000000000e+00,0.000000000000000000e+00
1.780554247201612483e+00,5.172598073707165289e-01,2.986400890264571673e-01,-5.879507737808186363e+00,1.465790491244514104e-01,0.000000000000000000e+00,0.000000000000000000e+00
1.783482091211675780e+00,5.197953946617495102e-01,3.001040110314888709e-01,-5.937586089037607984e+00,1.448510277651337275e-01,0.000000000000000000e+00,0.000000000000000000e+00
1.786409935221739076e+00,5.223309819527823805e-01,3.015679330365204636e-01,-5.995948441984530142e+00,1.431348828412752905e-01,0.000000000000000000e+00,0.000000000000000000e+00
1.789337779231802372e+00,5.248665692438152508e-01,3.030318550415521672e-01,-6.054594796648956390e+00,1.414306143528760995e-01,0.000000000000000000e+00,0.000000000000000000e+00
1.792265623241865669e+00,5.274021565348482321e-01,3.044957770465838154e-01,-6.113525153030885839e+00,1.397382222999360990e-01,0.000000000000000000e+00,0.000000000000000000e+00
1.795193467251928965e+00,5.299377438258812134e-01,3.059596990516154635e-01,-6.172739511130321155e+00,1.380577066824553167e-01,0.000000000000000000e+00,0.000000000000000000e+00
1.798121311261992261e+00,5.324733311169140837e-01,3.074236210566471117e-01,-6.232237870947257008e+00,1.363890675004338360e-01,0.000000000000000000e+00,0.000000000000000000e+00
1.801049155272055557e+00,5.350089184079470650e-01,3.088875430616787598e-01,-6.292020232481697839e+00,1.347323047538714902e-01,0.000000000000000000e+00,0.000000000000000000e+00
1.803976999282118854e+00,5.375445056989799353e-01,3.103514650667104635e-01,-6.352086595733640983e+00,1.330874184427684459e-01,0.000000000000000000e+00,0.000000000000000000e+00
1.806904843292182150e+00,5.400800929900128056e-01,3.118153870717420562e-01,-6.412436960703083777e+00,1.314544085671246476e-01,0.000000000000000000e+00,0.000000000000000000e+00
1.809832687302245446e+00,5.426156802810457869e-01,3.132793090767737043e-01,-6.473071327390035101e+00,1.298332751269400398e-01,0.000000000000000000e+00,0.000000000000000000e+00
1.812760531312308743e+00,5.451512675720787682e-01,3.147432310818054080e-01,-6.533989695794488739e+00,1.282240181222145670e-01,0.000000000000000000e+00,0.000000000000000000e+00
1.815688375322372039e+00,5.476868548631116385e-01,3.162071530868370006e-01,-6.595192065916444690e+00,1.266266375529484511e-01,0.000000000000000000e+00,0.000000000000000000e+00
1.818616219332435335e+00,5.502224421541445087e-01,3.176710750918687043e-01,-6.656678437755902955e+00,1.250411334191415258e-01,0.000000000000000000e+00,0.000000000000000000e+00
1.821544063342498632e+00,5.527580294451774900e-01,3.191349970969003524e-01,-6.718448811312866198e+00,1.234675057207938603e-01,0.000000000000000000e+00,0.000000000000000000e+00
1.824471907352561928e+00,5.552936167362103603e-01,3.205989191019319451e-01,-6.780503186587330866e+00,1.219057544579054270e-01,0.000000000000000000e+00,0.000000000000000000e+00
1.827399751362625224e+00,5.578292040272433416e-01,3.220628411069636488e-01,-6.842841563579302289e+00,1.203558796304761286e-01,0.000000000000000000e+00,0.000000000000000000e+00
1.830327595372688521e+00,5.603647913182763229e-01,3.235267631119952969e-01,-6.905463942288775137e+00,1.188178812385060762e-01,0.000000000000000000e+00,0.000000000000000000e+00
1.833255439382751817e+00,5.629003786093090822e-01,3.249906851170269451e-01,-6.968370322715748522e+00,1.172917592819953253e-01,0.000000000000000000e+00,0.000000000000000000e+00
1.836183283392815113e+00,5.654359659003420635e-01,3.264546071220585932e-01,-7.031560704860228661e+00,1.157775137609437649e-01,0.000000000000000000e+00,0.000000000000000000e+00
1.839111127402878409e+00,5.679715531913750448e-01,3.279185291270902414e-01,-7.095035088722212002e+00,1.142751446753513950e-01,0.000000000000000000e+00,0.000000000000000000e+00
1.842038971412941928e+00,5.705071404824080261e-01,3.293824511321219450e-01,-7.158793474301699433e+00,1.127846520252182572e-01,0.000000000000000000e+00,0.000000000000000000e+00
1.844966815423005002e+00,5.730427277734408964e-01,3.308463731371535377e-01,-7.222835861598686513e+00,1.113060358105444209e-01,0.000000000000000000e+00,0.000000000000000000e+00
1.847894659433068520e+00,5.755783150644737667e-01,3.323102951421852413e-01,-7.287162250613178571e+00,1.098392960313297750e-01,0.000000000000000000e+00,0.000000000000000000e+00
1.850822503443131817e+00,5.781139023555067480e-01,3.337742171472168895e-01,-7.351772641345175607e+00,1.083844326875743336e-01,0.000000000000000000e+00,0.000000000000000000e+00
1.853750347453194891e+00,5.806494896465396183e-01,3.352381391522484821e-01,-7.416667033794673181e+00,1.069414457792781520e-01,0.000000000000000000e+00,0.000000000000000000e+00
1.856678191463258409e+00,5.831850769375725996e-01,3.367020611572801858e-01,-7.481845427961675732e+00,1.055103353064411609e-01,0.000000000000000000e+00,0.000000000000000000e+00
1.859606035473321706e+00,5.857206642286054699e-01,3.381659831623118340e-01,-7.547307823846180597e+00,1.040911012690634574e-01,0.000000000000000000e+00,0.000000000000000000e+00
1.862533879483384780e+00,5.882562515196383401e-01,3.396299051673434266e-01,-7.613054221448186887e+00,1.026837436671449999e-01,0.000000000000000000e+00,0.000000000000000000e+00
1.865461723493448298e+00,5.907918388106713214e-01,3.410938271723751303e-01,-7.679084620767699931e+00,1.012882625006856774e-01,0.000000000000000000e+00,0.000000000000000000e+00
1.868389567503511595e+00,5.933274261017043028e-01,3.425577491774067784e-01,-7.745399021804717066e+00,9.990465776968560085e-02,0.000000000000000000e+00,0.000000000000000000e+00
1.871317411513574891e+00,5.958630133927371730e-01,3.440216711824384266e-01,-7.811997424559234737e+00,9.853292947414478420e-02,0.000000000000000000e+00,0.000000000000000000e+00
1.874245255523638187e+00,5.983986006837700433e-01,3.454855931874700747e-01,-7.878879829031254722e+00,9.717307761406321354e-02,0.000000000000000000e+00,0.000000000000000000e+00
1.877173099533701484e+00,6.009341879748030246e-01,3.469495151925017229e-01,-7.946046235220781462e+00,9.582510218944081948e-02,0.000000000000000000e+00,0.000000000000000000e+00
1.880100943543765002e+00,6.034697752658360059e-01,3.484134371975334266e-01,-8.013496643127810515e+00,9.448900320027765753e-02,0.000000000000000000e+00,0.000000000000000000e+00
1.883028787553828076e+00,6.060053625568688762e-01,3.498773592025650192e-01,-8.081231052752338329e+00,9.316478064657374158e-02,0.000000000000000000e+00,0.000000000000000000e+00
1.885956631563891595e+00,6.085409498479018575e-01,3.513412812075967229e-01,-8.149249464094374673e+00,9.185243452832904387e-02,0.000000000000000000e+00,0.000000000000000000e+00
1.888884475573954891e+00,6.110765371389347278e-01,3.528052032126283710e-01,-8.217551877153912443e+00,9.055196484554360603e-02,0.000000000000000000e+00,0.000000000000000000e+00
1.891812319584017965e+00,6.136121244299675981e-01,3.542691252176599637e-01,-8.286138291930951638e+00,8.926337159821740030e-02,0.000000000000000000e+00,0.000000000000000000e+00
1.894740163594081483e+00,6.161477117210005794e-01,3.557330472226916673e-01,-8.355008708425499364e+00,8.798665478635037118e-02,0.000000000000000000e+00,0.000000000000000000e+00
1.897668007604144780e+00,6.186832990120335607e-01,3.571969692277233155e-01,-8.424163126637548515e+00,8.672181440994256030e-02,0.000000000000000000e+00,0.000000000000000000e+00
1.900595851614208076e+00,6.212188863030664310e-01,3.586608912327549636e-01,-8.493601546567097316e+00,8.546885046899406480e-02,0.000000000000000000e+00,0.000000000000000000e+00
1.903523695624271372e+00,6.237544735940993013e-01,3.601248132377866118e-01,-8.563323968214151094e+00,8.422776296350473202e-02,0.000000000000000000e+00,0.000000000000000000e+00
1.906451539634334669e+00,6.262900608851322826e-01,3.615887352428182600e-01,-8.633330391578709850e+00,8.299855189347463136e-02,0.000000000000000000e+00,0.000000000000000000e+00
1.909379383644397965e+00,6.288256481761651528e-01,3.630526572478499081e-01,-8.703620816660770032e+00,8.178121725890379057e-02,0.000000000000000000e+00,0.000000000000000000e+00
1.912307227654461261e+00,6.313612354671981342e-01,3.645165792528815563e-01,-8.774195243460335192e+00,8.057575905979209863e-02,0.000000000000000000e+00,0.000000000000000000e+00
1.915235071664524558e+00,6.338968227582311155e-01,3.659805012579132599e-01,-8.845053671977405330e+00,7.938217729613968043e-02,0.000000000000000000e+00,0.000000000000000000e+00
1.918162915674587854e+00,6.364324100492639857e-01,3.674444232629449081e-01,-8.916196102211973340e+00,7.820047196794653599e-02,0.000000000000000000e+00,0.000000000000000000e+00
1.921090759684651150e+00,6.389679973402968560e-01,3.689083452679765007e-01,-8.987622534164046328e+00,7.703064307521260978e-02,0.000000000000000000e+00,0.000000000000000000e+00
1.924018603694714447e+00,6.415035846313298373e-01,3.703722672730082044e-01,-9.059332967833626071e+00,7.587269061793786018e-02,0.000000000000000000e+00,0.000000000000000000e+00
1.926946447704777743e+00,6.440391719223628186e-01,3.718361892780398525e-01,-9.131327403220707239e+00,7.472661459612232882e-02,0.000000000000000000e+00,0.000000000000000000e+00
1.929874291714841039e+00,6.465747592133956889e-01,3.733001112830715007e-01,-9.203605840325289833e+00,7.359241500976611283e-02,0.000000000000000000e+00,0.000000000000000000e+00
1.932802135724904335e+00,6.491103465044285592e-01,3.747640332881031489e-01,-9.276168279147373852e+00,7.247009185886905958e-02,0.000000000000000000e+00,0.000000000000000000e+00
1.935729979734967632e+00,6.516459337954615405e-01,3.762279552931347970e-01,-9.349014719686966401e+00,7.135964514343123843e-02,0.000000000000000000e+00,0.000000000000000000e+00
1.938657823745030928e+00,6.541815210864944108e-01,3.776918772981664452e-01,-9.422145161944060376e+00,7.026107486345267716e-02,0.000000000000000000e+00,0.000000000000000000e+00
1.941585667755094224e+00,6.567171083775273921e-01,3.791557993031980933e-01,-9.495559605918659329e+00,6.917438101893330638e-02,0.000000000000000000e+00,0.000000000000000000e+00
1.944513511765157521e+00,6.592526956685602624e-01,3.806197213082297970e-01,-9.569258051610757931e+00,6.809956360987316770e-02,0.000000000000000000e+00,0.000000000000000000e+00
1.947441355775220817e+00,6.617882829595931327e-01,3.820836433132613896e-01,-9.643240499020359735e+00,6.703662263627230278e-02,0.000000000000000000e+00,0.000000000000000000e+00
1.950369199785284113e+00,6.643238702506261140e-01,3.835475653182930378e-01,-9.717506948147468293e+00,6.598555809813060058e-02,0.000000000000000000e+00,0.000000000000000000e+00
1.953297043795347410e+00,6.668594575416590953e-01,3.850114873233247414e-01,-9.792057398992078276e+00,6.494636999544815825e-02,0.000000000000000000e+00,0.000000000000000000e+00
1.956224887805410706e+00,6.693950448326920766e-01,3.864754093283563896e-01,-9.866891851554196791e+00,6.391905832822489253e-02,0.000000000000000000e+00,0.000000000000000000e+00
1.959152731815474002e+00,6.719306321237249469e-01,3.879393313333879822e-01,-9.942010305833807848e+00,6.290362309646095607e-02,0.000000000000000000e+00,1.000000000000000000e+00
1.962080575825537299e+00,6.744662194147578171e-01,3.894032533384196859e-01,-1.001741276183092921e+01,6.190006430015618927e-02,0.000000000000000000e+00,1.000000000000000000e+00
1.965008419835600595e+00,6.770018067057907984e-01,3.908671753434513341e-01,-1.009309921954555378e+01,6.090838193931063377e-02,0.000000000000000000e+00,1.000000000000000000e+00
1.967936263845663891e+00,6.795373939968236687e-01,3.923310973484829822e-01,-1.016906967897767977e+01,5.992857601392435202e-02,0.000000000000000000e+00,1.000000000000000000e+00
1.970864107855727188e+00,6.820729812878566500e-01,3.937950193535146304e-01,-1.024532414012731074e+01,5.896064652399726075e-02,0.000000000000000000e+00,1.000000000000000000e+00
1.973791951865790484e+00,6.846085685788895203e-01,3.952589413585462785e-01,-1.032186260299444136e+01,5.800459346952941547e-02,0.000000000000000000e+00,1.000000000000000000e+00
1.976719795875853780e+00,6.871441558699223906e-01,3.967228633635779267e-01,-1.039868506757907696e+01,5.706041685052080231e-02,0.000000000000000000e+00,1.000000000000000000e+00
1.979647639885917076e+00,6.896797431609553719e-01,3.981867853686095748e-01,-1.047579153388121753e+01,5.612811666697140739e-02,0.000000000000000000e+00,1.000000000000000000e+00
1.982575483895980595e+00,6.922153304519883532e-01,3.996507073736412785e-01,-1.055318200190086131e+01,5.520769291888120295e-02,0.000000000000000000e+00,1.000000000000000000e+00
1.985503327906043669e+00,6.947509177430212235e-01,4.011146293786728712e-01,-1.063085647163800829e+01,5.429914560625030001e-02,0.000000000000000000e+00,1.000000000000000000e+00
1.988431171916106965e+00,6.972865050340540938e-01,4.025785513837045193e-01,-1.070881494309265491e+01,5.340247472907860143e-02,0.000000000000000000e+00,1.000000000000000000e+00
1.991359015926170484e+00,6.998220923250870751e-01,4.040424733887362230e-01,-1.078705741626481007e+01,5.251768028736609334e-02,0.000000000000000000e+00,1.000000000000000000e+00
1.994286859936233780e+00,7.023576796161200564e-01,4.055063953937678711e-01,-1.086558389115446666e+01,5.164476228111283818e-02,0.000000000000000000e+00,1.000000000000000000e+00
1.997214703946297076e+00,7.048932669071529267e-01,4.069703173987995193e-01,-1.094439436776162644e+01,5.078372071031882901e-02,0.000000000000000000e+00,1.000000000000000000e+00
2.000142547956360595e+00,7.074288541981859080e-01,4.084342394038311674e-01,-1.102348884608628765e+01,4.993455557498401726e-02,0.000000000000000000e+00,1.000000000000000000e+00
2.003070391966423891e+00,7.099644414892187783e-01,4.098981614088628156e-01,-1.110286732612845384e+01,4.909726687510845844e-02,0.000000000000000000e+00,1.000000000000000000e+00
2.005998235976487187e+00,7.125000287802516485e-01,4.113620834138944637e-01,-1.118252980788811968e+01,4.827185461069213174e-02,0.000000000000000000e+00,1.000000000000000000e+00
2.008926079986550484e+00,7.150356160712846298e-01,4.128260054189261119e-01,-1.126247629136529582e+01,4.745831878173500246e-02,0.000000000000000000e+00,1.000000000000000000e+00
2.011853923996613780e+00,7.175712033623176112e-01,4.142899274239578156e-01,-1.134270677655997339e+01,4.665665938823709141e-02,0.000000000000000000e+00,1.000000000000000000e+00
2.014781768006677076e+00,7.201067906533504814e-01,4.157538494289894082e-01,-1.142322126347214883e+01,4.586687643019846106e-02,0.000000000000000000e+00,1.000000000000000000e+00
2.017709612016740373e+00,7.226423779443833517e-01,4.172177714340210564e-01,-1.150401975210183103e+01,4.508896990761903506e-02,0.000000000000000000e+00,1.000000000000000000e+00
2.020637456026803669e+00,7.251779652354163330e-01,4.186816934390527600e-01,-1.158510224244901643e+01,4.432293982049882036e-02,0.000000000000000000e+00,1.000000000000000000e+00
2.023565300036866965e+00,7.277135525264492033e-01,4.201456154440843527e-01,-1.166646873451370681e+01,4.356878616883786554e-02,0.000000000000000000e+00,1.000000000000000000e+00
2.026493144046930261e+00,7.302491398174821846e-01,4.216095374491160563e-01,-1.174811922829590038e+01,4.282650895263610119e-02,0.000000000000000000e+00,1.000000000000000000e+00
2.029420988056993558e+00,7.327847271085151659e-01,4.230734594541477045e-01,-1.183005372379559539e+01,4.209610817189356896e-02,0.000000000000000000e+00,1.000000000000000000e+00
2.032348832067056854e+00,7.353203143995480362e-01,4.245373814591793526e-01,-1.191227222101279182e+01,4.137758382661028272e-02,0.000000000000000000e+00,1.000000000000000000e+00
2.035276676077120150e+00,7.378559016905809065e-01,4.260013034642110008e-01,-1.199477471994749500e+01,4.067093591678624248e-02,0.000000000000000000e+00,1.000000000000000000e+00
2.038204520087183447e+00,7.403914889816138878e-01,4.274652254692426490e-01,-1.207756122059970139e+01,3.997616444242139272e-02,0.000000000000000000e+00,1.000000000000000000e+00
2.041132364097246743e+00,7.429270762726468691e-01,4.289291474742743526e-01,-1.216063172296941097e+01,3.929326940351577507e-02,0.000000000000000000e+00,1.000000000000000000e+00
2.044060208107310039e+00,7.454626635636797394e-01,4.303930694793059453e-01,-1.224398622705662198e+01,3.862225080006941036e-02,0.000000000000000000e+00,1.000000000000000000e+00
2.046988052117373336e+00,7.479982508547126097e-01,4.318569914843375934e-01,-1.232762473286133620e+01,3.796310863208227082e-02,0.000000000000000000e+00,1.000000000000000000e+00
2.049915896127436632e+00,7.505338381457455910e-01,4.333209134893692971e-01,-1.241154724038355539e+01,3.731584289955432870e-02,0.000000000000000000e+00,1.000000000000000000e+00
2.052843740137499928e+00,7.530694254367784612e-01,4.347848354944008897e-01,-1.249575374962327601e+01,3.668045360248565340e-02,0.000000000000000000e+00,1.000000000000000000e+00
2.055771584147563225e+00,7.556050127278114426e-01,4.362487574994325379e-01,-1.258024426058050160e+01,3.605694074087617551e-02,0.000000000000000000e+00,1.000000000000000000e+00
2.058699428157626521e+00,7.581406000188443128e-01,4.377126795044642416e-01,-1.266501877325522862e+01,3.544530431472593668e-02,0.000000000000000000e+00,1.000000000000000000e+00
2.061627272167689817e+00,7.606761873098771831e-01,4.391766015094958342e-01,-1.275007728764745885e+01,3.484554432403494384e-02,0.000000000000000000e+00,1.000000000000000000e+00
2.064555116177753114e+00,7.632117746009101644e-01,4.406405235145275379e-01,-1.283541980375719405e+01,3.425766076880314148e-02,0.000000000000000000e+00,1.000000000000000000e+00
2.067482960187816410e+00,7.657473618919431457e-01,4.421044455195591860e-01,-1.292104632158443422e+01,3.368165364903057818e-02,0.000000000000000000e+00,1.000000000000000000e+00
2.070410804197879706e+00,7.682829491829760160e-01,4.435683675245907787e-01,-1.300695684112917228e+01,3.311752296471726781e-02,0.000000000000000000e+00,1.000000000000000000e+00
2.073338648207943002e+00,7.708185364740088863e-01,4.450322895296224823e-01,-1.309315136239141708e+01,3.256526871586317567e-02,0.000000000000000000e+00,1.000000000000000000e+00
2.076266492218006299e+00,7.733541237650418676e-01,4.464962115346541305e-01,-1.317962988537116686e+01,3.202489090246829484e-02,0.000000000000000000e+00,1.000000000000000000e+00
2.079194336228069595e+00,7.758897110560748489e-01,4.479601335396858341e-01,-1.326639241006841985e+01,3.149638952453263224e-02,0.000000000000000000e+00,1.000000000000000000e+00
2.082122180238132891e+00,7.784252983471077192e-01,4.494240555447174268e-01,-1.335343893648317071e+01,3.097976458205623645e-02,0.000000000000000000e+00,1.000000000000000000e+00
2.085050024248196188e+00,7.809608856381407005e-01,4.508879775497490749e-01,-1.344076946461543187e+01,3.047501607503903809e-02,0.000000000000000000e+00,1.000000000000000000e+00
2.087977868258259484e+00,7.834964729291735708e-01,4.523518995547807786e-01,-1.352838399446519091e+01,2.998214400348108571e-02,0.000000000000000000e+00,1.000000000000000000e+00
2.090905712268322780e+00,7.860320602202064411e-01,4.538158215598123713e-01,-1.361628252603244960e+01,2.950114836738235852e-02,0.000000000000000000e+00,1.000000000000000000e+00
2.093833556278386077e+00,7.885676475112394224e-01,4.552797435648440749e-01,-1.370446505931722214e+01,2.903202916674284956e-02,0.000000000000000000e+00,1.000000000000000000e+00
2.096761400288449373e+00,7.911032348022724037e-01,4.567436655698757231e-01,-1.379293159431949256e+01,2.857478640156256577e-02,0.000000000000000000e+00,1.000000000000000000e+00
2.099689244298512669e+00,7.936388220933052740e-01,4.582075875749073157e-01,-1.388168213103926441e+01,2.812942007184152798e-02,0.000000000000000000e+00,1.000000000000000000e+00
2.102617088308575966e+00,7.961744093843381442e-01,4.596715095799390194e-01,-1.397071666947654300e+01,2.769593017757970843e-02,0.000000000000000000e+00,1.000000000000000000e+00
2.105544932318639262e+00,7.987099966753711255e-01,4.611354315849706675e-01,-1.406003520963132303e+01,2.727431671877711405e-02,0.000000000000000000e+00,1.000000000000000000e+00
2.108472776328702558e+00,8.012455839664039958e-01,4.625993535900023157e-01,-1.414963775150360448e+01,2.686457969543375873e-02,0.000000000000000000e+00,1.000000000000000000e+00
2.111400620338765854e+00,8.037811712574369771e-01,4.640632755950339638e-01,-1.423952429509339446e+01,2.646671910754961471e-02,0.000000000000000000e+00,1.000000000000000000e+00
2.114328464348829151e+00,8.063167585484699584e-01,4.655271976000656120e-01,-1.432969484040068586e+01,2.608073495512469586e-02,0.000000000000000000e+00,1.000000000000000000e+00
2.117256308358892447e+00,8.088523458395028287e-01,4.669911196050973157e-01,-1.442014938742548225e+01,2.570662723815902301e-02,0.000000000000000000e+00,1.000000000000000000e+00
2.120184152368955743e+00,8.113879331305356990e-01,4.684550416101289083e-01,-1.451088793616777473e+01,2.534439595665257533e-02,0.000000000000000000e+00,1.000000000000000000e+00
2.123111996379019040e+00,8.139235204215686803e-01,4.699189636151606120e-01,-1.460191048662757751e+01,2.499404111060534589e-02,0.000000000000000000e+00,1.000000000000000000e+00
2.126039840389082336e+00,8.164591077126016616e-01,4.713828856201922601e-01,-1.469321703880488350e+01,2.465556270001734163e-02,0.000000000000000000e+00,1.000000000000000000e+00
2.128967684399145632e+00,8.189946950036345319e-01,4.728468076252238528e-01,-1.478480759269968736e+01,2.432896072488858336e-02,0.000000000000000000e+00,1.000000000000000000e+00
2.131895528409208929e+00,8.215302822946674022e-01,4.743107296302555564e-01,-1.487668214831199620e+01,2.401423518521904332e-02,0.000000000000000000e+00,1.000000000000000000e+00
2.134823372419272225e+00,8.240658695857003835e-01,4.757746516352872046e-01,-1.496884070564181179e+01,2.371138608100872847e-02,0.000000000000000000e+00,1.000000000000000000e+00
2.137751216429335521e+00,8.266014568767332538e-01,4.772385736403188528e-01,-1.506128326468912526e+01,2.342041341225764572e-02,0.000000000000000000e+00,1.000000000000000000e+00
2.140679060439398818e+00,8.291370441677662351e-01,4.787024956453505009e-01,-1.515400982545394726e+01,2.314131717896578816e-02,0.000000000000000000e+00,1.000000000000000000e+00
2.143606904449462114e+00,8.316726314587992164e-01,4.801664176503821491e-01,-1.524702038793627246e+01,2.287409738113315577e-02,0.000000000000000000e+00,1.000000000000000000e+00
2.146534748459525410e+00,8.342082187498319756e-01,4.816303396554137972e-01,-1.534031495213609375e+01,2.261875401875976938e-02,0.000000000000000000e+00,1.000000000000000000e+00
2.149462592469588706e+00,8.367438060408649569e-01,4.830942616604454454e-01,-1.543389351805342535e+01,2.237528709184558734e-02,0.000000000000000000e+00,1.000000000000000000e+00
2.152390436479652447e+00,8.392793933318979382e-01,4.845581836654771490e-01,-1.552775608568826016e+01,2.214369660039063742e-02,0.000000000000000000e+00,1.000000000000000000e+00
2.155318280489715743e+00,8.418149806229309196e-01,4.860221056705087972e-01,-1.562190265504059994e+01,2.192398254439491961e-02,0.000000000000000000e+00,1.000000000000000000e+00
2.158246124499778595e+00,8.443505679139637898e-01,4.874860276755403898e-01,-1.571633322611043759e+01,2.171614492385843392e-02,0.000000000000000000e+00,1.000000000000000000e+00
2.161173968509842336e+00,8.468861552049966601e-01,4.889499496805720935e-01,-1.581104779889777845e+01,2.152018373878117341e-02,0.000000000000000000e+00,1.000000000000000000e+00
2.164101812519905632e+00,8.494217424960296414e-01,4.904138716856037417e-01,-1.590604637340262606e+01,2.133609898916313807e-02,0.000000000000000000e+00,1.000000000000000000e+00
2.167029656529968484e+00,8.519573297870625117e-01,4.918777936906353343e-01,-1.600132894962497332e+01,2.116389067500434179e-02,0.000000000000000000e+00,1.000000000000000000e+00
2.169957500540032225e+00,8.544929170780954930e-01,4.933417156956670380e-01,-1.609689552756483266e+01,2.100355879630475681e-02,0.000000000000000000e+00,1.000000000000000000e+00
2.172885344550095521e+00,8.570285043691283633e-01,4.948056377006986861e-01,-1.619274610722218810e+01,2.085510335306441088e-02,0.000000000000000000e+00,1.000000000000000000e+00
2.175813188560158817e+00,8.595640916601612336e-01,4.962695597057303343e-01,-1.628888068859704319e+01,2.071852434528329012e-02,0.000000000000000000e+00,1.000000000000000000e+00
2.178741032570222114e+00,8.620996789511942149e-01,4.977334817107619824e-01,-1.638529927168940503e+01,2.059382177296139455e-02,0.000000000000000000e+00,1.000000000000000000e+00
2.181668876580285410e+00,8.646352662422271962e-01,4.991974037157936306e-01,-1.648200185649927363e+01,2.048099563609873108e-02,0.000000000000000000e+00,1.000000000000000000e+00
2.184596720590348262e+00,8.671708535332600665e-01,5.006613257208252232e-01,-1.657898844302664187e+01,2.038004593469529280e-02,0.000000000000000000e+00,1.000000000000000000e+00
2.187524564600412003e+00,8.697064408242929368e-01,5.021252477258569824e-01,-1.667625903127151332e+01,2.029097266875108663e-02,0.000000000000000000e+00,1.000000000000000000e+00
2.190452408610475299e+00,8.722420281153259181e-01,5.035891697308886306e-01,-1.677381362123389152e+01,2.021377583826609869e-02,0.000000000000000000e+00,1.000000000000000000e+00
2.193380252620538595e+00,8.747776154063588994e-01,5.050530917359202787e-01,-1.687165221291377293e+01,2.014845544324034982e-02,0.000000000000000000e+00,1.000000000000000000e+00
2.196308096630601892e+00,8.773132026973917696e-01,5.065170137409519269e-01,-1.696977480631115398e+01,2.009501148367381917e-02,0.000000000000000000e+00,1.000000000000000000e+00
2.199235940640665188e+00,8.798487899884247510e-01,5.079809357459835750e-01,-1.706818140142604179e+01,2.005344395956652065e-02,0.000000000000000000e+00,1.000000000000000000e+00
2.202163784650728484e+00,8.823843772794576212e-01,5.094448577510152232e-01,-1.716687199825842924e+01,2.002375287091845424e-02,0.000000000000000000e+00,1.000000000000000000e+00
2.205091628660791780e+00,8.849199645704904915e-01,5.109087797560468713e-01,-1.726584659680831635e+01,2.000593821772961300e-02,0.000000000000000000e+00,1.000000000000000000e+00
2.208019472670855077e+00,8.874555518615234728e-01,5.123727017610785195e-01,-1.736510519707571731e+01,1.999999999999999695e-02,0.000000000000000000e+00,1.000000000000000000e+00
2.209714707726941896e+00,8.883031693895669934e-01,5.109045851371212255e-01,-1.736515280233674829e+01,2.000497691365340364e-02,0.000000000000000000e+00,1.000000000000000000e+00
2.211409942783029159e+00,8.891507869176104029e-01,5.094364685131640424e-01,-1.736529561811984124e+01,2.001990765461360983e-02,0.000000000000000000e+00,1.000000000000000000e+00
2.213105177839115978e+00,8.899984044456539234e-01,5.079683518892067484e-01,-1.736553364442500680e+01,2.004479222288062246e-02,0.000000000000000000e+00,1.000000000000000000e+00
2.214800412895202797e+00,8.908460219736974439e-01,5.065002352652495654e-01,-1.736586688125223432e+01,2.007963061845444153e-02,0.000000000000000000e+00,1.000000000000000000e+00
2.216495647951290060e+00,8.916936395017408534e-01,5.050321186412922714e-01,-1.736629532860152381e+01,2.012442284133506704e-02,0.000000000000000000e+00,1.000000000000000000e+00
2.218190883007376879e+00,8.925412570297843740e-01,5.035640020173350884e-01,-1.736681898647288591e+01,2.017916889152249205e-02,0.000000000000000000e+00,1.000000000000000000e+00
2.219886118063463698e+00,8.933888745578277835e-01,5.020958853933777943e-01,-1.736743785486630642e+01,2.024386876901672350e-02,0.000000000000000000e+00,1.000000000000000000e+00
2.221581353119550961e+00,8.942364920858713040e-01,5.006277687694206113e-01,-1.736815193378179956e+01,2.031852247381776139e-02,0.000000000000000000e+00,1.000000000000000000e+00
2.223276588175637780e+00,8.950841096139148245e-01,4.991596521454633173e-01,-1.736896122321935110e+01,2.040313000592561266e-02,0.000000000000000000e+00,1.000000000000000000e+00
2.224971823231724599e+00,8.959317271419582340e-01,4.976915355215060788e-01,-1.736986572317896460e+01,2.049769136534025649e-02,0.000000000000000000e+00,1.000000000000000000e+00
2.226667058287811862e+00,8.967793446700017546e-01,4.962234188975488403e-01,-1.737086543366065428e+01,2.060220655206171370e-02,0.000000000000000000e+00,1.000000000000000000e+00
2.228362293343898681e+00,8.976269621980452751e-01,4.947553022735916017e-01,-1.737196035466439881e+01,2.071667556608997735e-02,0.000000000000000000e+00,1.000000000000000000e+00
2.230057528399985500e+00,8.984745797260886846e-01,4.932871856496343077e-01,-1.737315048619020885e+01,2.084109840742504050e-02,0.000000000000000000e+00,1.000000000000000000e+00
2.231752763456072319e+00,8.993221972541322051e-01,4.918190690256770692e-01,-1.737443582823809507e+01,2.097547507606691702e-02,0.000000000000000000e+00,1.000000000000000000e+00
2.233447998512159582e+00,9.001698147821757257e-01,4.903509524017198307e-01,-1.737581638080803970e+01,2.111980557201559305e-02,0.000000000000000000e+00,1.000000000000000000e+00
2.235143233568246401e+00,9.010174323102191352e-01,4.888828357777625921e-01,-1.737729214390004628e+01,2.127408989527106858e-02,0.000000000000000000e+00,1.000000000000000000e+00
2.236838468624333220e+00,9.018650498382626557e-01,4.874147191538053536e-01,-1.737886311751412194e+01,2.143832804583335749e-02,0.000000000000000000e+00,1.000000000000000000e+00
2.238533703680420484e+00,9.027126673663060652e-01,4.859466025298481151e-01,-1.738052930165025955e+01,2.161252002370244590e-02,0.000000000000000000e+00,1.000000000000000000e+00
2.240228938736507303e+00,9.035602848943495857e-01,4.844784859058908766e-01,-1.738229069630845913e+01,2.179666582887834075e-02,0.000000000000000000e+00,1.000000000000000000e+00
2.241924173792594122e+00,9.044079024223931063e-01,4.830103692819336381e-01,-1.738414730148873488e+01,2.199076546136104898e-02,0.000000000000000000e+00,1.000000000000000000e+00
2.243619408848681385e+00,9.052555199504365158e-01,4.815422526579763995e-01,-1.738609911719106194e+01,2.219481892115054977e-02,0.000000000000000000e+00,1.000000000000000000e+00
2.245314643904768204e+00,9.061031374784800363e-01,4.800741360340191055e-01,-1.738814614341546516e+01,2.240882620824687088e-02,0.000000000000000000e+00,1.000000000000000000e+00
2.247009878960855023e+00,9.069507550065235568e-01,4.786060194100618670e-01,-1.739028838016193390e+01,2.263278732264999149e-02,0.000000000000000000e+00,1.000000000000000000e+00
2.248705114016942286e+00,9.077983725345669663e-01,4.771379027861046285e-01,-1.739252582743045750e+01,2.286670226435990466e-02,0.000000000000000000e+00,1.000000000000000000e+00
2.250400349073029105e+00,9.086459900626104869e-01,4.756697861621473900e-01,-1.739485848522105726e+01,2.311057103337663815e-02,0.000000000000000000e+00,1.000000000000000000e+00
2.252095584129115924e+00,9.094936075906540074e-01,4.742016695381901514e-01,-1.739728635353371899e+01,2.336439362970017808e-02,0.000000000000000000e+00,1.000000000000000000e+00
2.253790819185203187e+00,9.103412251186974169e-01,4.727335529142329129e-01,-1.739980943236843913e+01,2.362817005333050363e-02,0.000000000000000000e+00,1.000000000000000000e+00
2.255486054241290006e+00,9.111888426467409374e-01,4.712654362902756744e-01,-1.740242772172523189e+01,2.390190030426765644e-02,0.000000000000000000e+00,1.000000000000000000e+00
2.257181289297376825e+00,9.120364601747843469e-01,4.697973196663184359e-01,-1.740514122160408306e+01,2.418558438251159487e-02,0.000000000000000000e+00,1.000000000000000000e+00
2.258876524353464088e+00,9.128840777028278675e-01,4.683292030423611418e-01,-1.740794993200500329e+01,2.447922228806236056e-02,0.000000000000000000e+00,1.000000000000000000e+00
2.260571759409550907e+00,9.137316952308713880e-01,4.668610864184039033e-01,-1.741085385292799259e+01,2.478281402091992575e-02,0.000000000000000000e+00,1.000000000000000000e+00
2.262266994465637726e+00,9.145793127589147975e-01,4.653929697944466648e-01,-1.741385298437303675e+01,2.509635958108428350e-02,0.000000000000000000e+00,1.000000000000000000e+00
2.263962229521724545e+00,9.154269302869583180e-01,4.639248531704894263e-01,-1.741694732634015708e+01,2.541985896855545463e-02,0.000000000000000000e+00,1.000000000000000000e+00
2.265657464577811808e+00,9.162745478150018386e-01,4.624567365465321878e-01,-1.742013687882933937e+01,2.575331218333343219e-02,0.000000000000000000e+00,1.000000000000000000e+00
2.267352699633898627e+00,9.171221653430452481e-01,4.609886199225749492e-01,-1.742342164184058007e+01,2.609671922541820926e-02,0.000000000000000000e+00,1.000000000000000000e+00
2.269047934689985446e+00,9.179697828710887686e-01,4.595205032986177107e-01,-1.742680161537388983e+01,2.645008009480979971e-02,0.000000000000000000e+00,1.000000000000000000e+00
2.270743169746072709e+00,9.188174003991322891e-01,4.580523866746604722e-01,-1.743027679942927577e+01,2.681339479150818966e-02,0.000000000000000000e+00,1.000000000000000000e+00
2.272438404802159528e+00,9.196650179271756986e-01,4.565842700507032337e-01,-1.743384719400670946e+01,2.718666331551337911e-02,0.000000000000000000e+00,1.000000000000000000e+00
2.274133639858246347e+00,9.205126354552192192e-01,4.551161534267459396e-01,-1.743751279910621577e+01,2.756988566682539582e-02,0.000000000000000000e+00,1.000000000000000000e+00
2.275828874914333610e+00,9.213602529832626287e-01,4.536480368027887011e-01,-1.744127361472778759e+01,2.796306184544419121e-02,0.000000000000000000e+00,1.000000000000000000e+00
2.277524109970420430e+00,9.222078705113061492e-01,4.521799201788314626e-01,-1.744512964087142137e+01,2.836619185136980692e-02,0.000000000000000000e+00,1.000000000000000000e+00
2.279219345026507249e+00,9.230554880393496697e-01,4.507118035548742241e-01,-1.744908087753713133e+01,2.877927568460222907e-02,0.000000000000000000e+00,1.000000000000000000e+00
2.280914580082594512e+00,9.239031055673930792e-01,4.492436869309169856e-01,-1.745312732472489259e+01,2.920231334514144378e-02,0.000000000000000000e+00,1.000000000000000000e+00
2.282609815138681331e+00,9.247507230954365998e-01,4.477755703069597470e-01,-1.745726898243472291e+01,2.963530483298747187e-02,0.000000000000000000e+00,1.000000000000000000e+00
2.284305050194768150e+00,9.255983406234801203e-01,4.463074536830025085e-01,-1.746150585066662231e+01,3.007825014814031334e-02,0.000000000000000000e+00,1.000000000000000000e+00
2.286000285250855413e+00,9.264459581515235298e-01,4.448393370590452700e-01,-1.746583792942058011e+01,3.053114929059994043e-02,0.000000000000000000e+00,1.000000000000000000e+00
2.287695520306942232e+00,9.272935756795670503e-01,4.433712204350880315e-01,-1.747026521869660698e+01,3.099400226036638784e-02,0.000000000000000000e+00,1.000000000000000000e+00
2.289390755363029051e+00,9.281411932076105709e-01,4.419031038111307375e-01,-1.747478771849470291e+01,3.146680905743965556e-02,0.000000000000000000e+00,1.000000000000000000e+00
2.291085990419116314e+00,9.289888107356539804e-01,4.404349871871734989e-01,-1.747940542881485371e+01,3.194956968181970197e-02,0.000000000000000000e+00,1.000000000000000000e+00
2.292781225475203133e+00,9.298364282636975009e-01,4.389668705632162604e-01,-1.748411834965708067e+01,3.244228413350656176e-02,0.000000000000000000e+00,1.000000000000000000e+00
2.294476460531289952e+00,9.306840457917409104e-01,4.374987539392590219e-01,-1.748892648102136249e+01,3.294495241250021411e-02,0.000000000000000000e+00,1.000000000000000000e+00
2.296171695587377215e+00,9.315316633197844309e-01,4.360306373153017834e-01,-1.749382982290772048e+01,3.345757451880069372e-02,0.000000000000000000e+00,1.000000000000000000e+00
2.297866930643464034e+00,9.323792808478279515e-01,4.345625206913445449e-01,-1.749882837531614399e+01,3.398015045240797283e-02,0.000000000000000000e+00,1.000000000000000000e+00
2.299562165699550853e+00,9.332268983758713610e-01,4.330944040673873063e-01,-1.750392213824661880e+01,3.451268021332203756e-02,0.000000000000000000e+00,1.000000000000000000e+00
2.301257400755637672e+00,9.340745159039148815e-01,4.316262874434300678e-01,-1.750911111169916623e+01,3.505516380154292261e-02,0.000000000000000000e+00,1.000000000000000000e+00
2.302952635811724935e+00,9.349221334319584020e-01,4.301581708194728293e-01,-1.751439529567378273e+01,3.560760121707062104e-02,0.000000000000000000e+00,1.000000000000000000e+00
2.304647870867811754e+00,9.357697509600018115e-01,4.286900541955155353e-01,-1.751977469017045763e+01,3.616999245990511896e-02,0.000000000000000000e+00,1.000000000000000000e+00
2.306343105923898573e+00,9.366173684880453321e-01,4.272219375715582967e-01,-1.752524929518920160e+01,3.674233753004643027e-02,0.000000000000000000e+00,1.000000000000000000e+00
2.308038340979985836e+00,9.374649860160888526e-01,4.257538209476010582e-01,-1.753081911073001464e+01,3.732463642749454108e-02,0.000000000000000000e+00,1.000000000000000000e+00
2.309733576036072655e+00,9.383126035441322621e-01,4.242857043236438197e-01,-1.753648413679287899e+01,3.791688915224943751e-02,0.000000000000000000e+00,1.000000000000000000e+00
2.311428811092159474e+00,9.391602210721757826e-01,4.228175876996865812e-01,-1.754224437337782305e+01,3.851909570431116120e-02,0.000000000000000000e+00,1.000000000000000000e+00
2.313124046148246737e+00,9.400078386002191921e-01,4.213494710757293427e-01,-1.754809982048481842e+01,3.913125608367967051e-02,0.000000000000000000e+00,1.000000000000000000e+00
2.314819281204333556e+00,9.408554561282627127e-01,4.198813544517721041e-01,-1.755405047811388997e+01,3.975337029035500708e-02,0.000000000000000000e+00,1.000000000000000000e+00
2.316514516260420375e+00,9.417030736563062332e-01,4.184132378278148101e-01,-1.756009634626502347e+01,4.038543832433715702e-02,0.000000000000000000e+00,1.000000000000000000e+00
2.318209751316507639e+00,9.425506911843496427e-01,4.169451212038576271e-01,-1.756623742493821894e+01,4.102746018562606484e-02,0.000000000000000000e+00,1.000000000000000000e+00
2.319904986372594458e+00,9.433983087123931632e-01,4.154770045799003331e-01,-1.757247371413348347e+01,4.167943587422182766e-02,0.000000000000000000e+00,1.000000000000000000e+00
2.321600221428681277e+00,9.442459262404366838e-01,4.140088879559430945e-01,-1.757880521385081707e+01,4.234136539012438999e-02,0.000000000000000000e+00,1.000000000000000000e+00
2.323295456484768540e+00,9.450935437684800933e-01,4.125407713319858560e-01,-1.758523192409020552e+01,4.301324873333372406e-02,0.000000000000000000e+00,1.000000000000000000e+00
2.324990691540855359e+00,9.459411612965236138e-01,4.110726547080286175e-01,-1.759175384485167015e+01,4.369508590384989233e-02,0.000000000000000000e+00,1.000000000000000000e+00
2.326685926596942178e+00,9.467887788245670233e-01,4.096045380840713790e-01,-1.759837097613519319e+01,4.438687690167283234e-02,0.000000000000000000e+00,1.000000000000000000e+00
2.328381161653029441e+00,9.476363963526105438e-01,4.081364214601141405e-01,-1.760508331794078529e+01,4.508862172680261349e-02,0.000000000000000000e+00,1.000000000000000000e+00
2.330076396709116260e+00,9.484840138806540644e-01,4.066683048361569019e-01,-1.761189087026843580e+01,4.580032037923919414e-02,0.000000000000000000e+00,1.000000000000000000e+00
2.331771631765203079e+00,9.493316314086974739e-01,4.052001882121996079e-01,-1.761879363311815183e+01,4.652197285898258122e-02,0.000000000000000000e+00,1.000000000000000000e+00
2.333466866821289898e+00,9.501792489367409944e-01,4.037320715882423694e-01,-1.762579160648993692e+01,4.725357916603276781e-02,0.000000000000000000e+00,1.000000000000000000e+00
2.335162101877377161e+00,9.510268664647845149e-01,4.022639549642851309e-01,-1.763288479038379108e+01,4.799513930038976778e-02,0.000000000000000000e+00,1.000000000000000000e+00
2.336857336933463980e+00,9.518744839928279244e-01,4.007958383403278924e-01,-1.764007318479970010e+01,4.874665326205355337e-02,0.000000000000000000e+00,1.000000000000000000e+00
2.338552571989550799e+00,9.527221015208714450e-01,3.993277217163706538e-01,-1.764735678973768174e+01,4.950812105102415234e-02,0.000000000000000000e+00,1.000000000000000000e+00
2.340247807045638062e+00,9.535697190489149655e-01,3.978596050924134153e-01,-1.765473560519773244e+01,5.027954266730155775e-02,0.000000000000000000e+00,1.000000000000000000e+00
2.341943042101724881e+00,9.544173365769583750e-01,3.963914884684561768e-01,-1.766220963117983800e+01,5.106091811088576266e-02,0.000000000000000000e+00,1.000000000000000000e+00
2.343638277157811700e+00,9.552649541050018955e-01,3.949233718444989383e-01,-1.766977886768401262e+01,5.185224738177678788e-02,0.000000000000000000e+00,1.000000000000000000e+00
2.345333512213898963e+00,9.561125716330454161e-01,3.934552552205416998e-01,-1.767744331471025276e+01,5.265353047997462649e-02,0.000000000000000000e+00,1.000000000000000000e+00
2.347028747269985782e+00,9.569601891610888256e-01,3.919871385965844057e-01,-1.768520297225855487e+01,5.346476740547923684e-02,0.000000000000000000e+00,1.000000000000000000e+00
2.348723982326072601e+00,9.578078066891323461e-01,3.905190219726271672e-01,-1.769305784032892959e+01,5.428595815829068832e-02,0.000000000000000000e+00,1.000000000000000000e+00
2.350419217382159864e+00,9.586554242171757556e-01,3.890509053486699287e-01,-1.770100791892136627e+01,5.511710273840889768e-02,0.000000000000000000e+00,1.000000000000000000e+00
2.352114452438246683e+00,9.595030417452192761e-01,3.875827887247126902e-01,-1.770905320803586136e+01,5.595820114583394816e-02,0.000000000000000000e+00,1.000000000000000000e+00
2.353809687494333502e+00,9.603506592732627967e-01,3.861146721007554516e-01,-1.771719370767243262e+01,5.680925338056582591e-02,0.000000000000000000e+00,1.000000000000000000e+00
2.355504922550420766e+00,9.611982768013062062e-01,3.846465554767982131e-01,-1.772542941783105519e+01,5.767025944260443376e-02,0.000000000000000000e+00,1.000000000000000000e+00
2.357200157606507585e+00,9.620458943293497267e-01,3.831784388528409746e-01,-1.773376033851175393e+01,5.854121933194989663e-02,0.000000000000000000e+00,1.000000000000000000e+00
2.358895392662594404e+00,9.628935118573932472e-01,3.817103222288836806e-01,-1.774218646971451818e+01,5.942213304860221451e-02,0.000000000000000000e+00,1.000000000000000000e+00
2.360590627718681667e+00,9.637411293854366567e-01,3.802422056049264976e-01,-1.775070781143934084e+01,6.031300059256123475e-02,0.000000000000000000e+00,1.000000000000000000e+00
2.362285862774768486e+00,9.645887469134801773e-01,3.787740889809692035e-01,-1.775932436368623613e+01,6.121382196382713775e-02,0.000000000000000000e+00,1.000000000000000000e+00
2.363981097830855305e+00,9.654363644415235868e-01,3.773059723570120205e-01,-1.776803612645518982e+01,6.212459716239977087e-02,0.000000000000000000e+00,1.000000000000000000e+00
2.365676332886942568e+00,9.662839819695671073e-01,3.758378557330547265e-01,-1.777684309974620902e+01,6.304532618827929369e-02,0.000000000000000000e+00,1.000000000000000000e+00
2.367371567943029387e+00,9.671315994976106278e-01,3.743697391090974880e-01,-1.778574528355929729e+01,6.397600904146559520e-02,0.000000000000000000e+00,1.000000000000000000e+00
2.369066802999116206e+00,9.679792170256540373e-01,3.729016224851402495e-01,-1.779474267789444752e+01,6.491664572195866845e-02,0.000000000000000000e+00,1.000000000000000000e+00
2.370762038055203469e+00,9.688268345536975579e-01,3.714335058611829554e-01,-1.780383528275166682e+01,6.586723622975861059e-02,0.000000000000000000e+00,1.000000000000000000e+00
2.372457273111290288e+00,9.696744520817410784e-01,3.699653892372257724e-01,-1.781302309813094809e+01,6.682778056486528284e-02,0.000000000000000000e+00,1.000000000000000000e+00
2.374152508167377107e+00,9.705220696097844879e-01,3.684972726132684784e-01,-1.782230612403229131e+01,6.779827872727881011e-02,0.000000000000000000e+00,1.000000000000000000e+00
2.375847743223464370e+00,9.713696871378280084e-01,3.670291559893112954e-01,-1.783168436045570360e+01,6.877873071699910912e-02,0.000000000000000000e+00,1.000000000000000000e+00
2.377542978279551189e+00,9.722173046658715290e-01,3.655610393653540013e-01,-1.784115780740118140e+01,6.976913653402626314e-02,0.000000000000000000e+00,1.000000000000000000e+00
2.379238213335638008e+00,9.730649221939149385e-01,3.640929227413968183e-01,-1.785072646486872827e+01,7.076949617836013340e-02,0.000000000000000000e+00,1.000000000000000000e+00
2.380933448391724827e+00,9.739125397219584590e-01,3.626248061174395243e-01,-1.786039033285833000e+01,7.177980965000090030e-02,0.000000000000000000e+00,1.000000000000000000e+00
2.382628683447812090e+00,9.747601572500018685e-01,3.611566894934822858e-01,-1.787014941137000079e+01,7.280007694894842507e-02,0.000000000000000000e+00,1.000000000000000000e+00
2.384323918503898909e+00,9.756077747780453890e-01,3.596885728695250473e-01,-1.788000370040374065e+01,7.383029807520279097e-02,0.000000000000000000e+00,1.000000000000000000e+00
2.386019153559985728e+00,9.764553923060889096e-01,3.582204562455677532e-01,-1.788995319995954247e+01,7.487047302876397026e-02,0.000000000000000000e+00,1.000000000000000000e+00
2.387714388616072991e+00,9.773030098341323191e-01,3.567523396216105702e-01,-1.789999791003740626e+01,7.592060180963186578e-02,0.000000000000000000e+00,1.000000000000000000e+00
2.389409623672159810e+00,9.781506273621758396e-01,3.552842229976532762e-01,-1.791013783063734266e+01,7.698068441780665794e-02,0.000000000000000000e+00,1.000000000000000000e+00
2.391104858728246629e+00,9.789982448902193601e-01,3.538161063736960932e-01,-1.792037296175934102e+01,7.805072085328819409e-02,0.000000000000000000e+00,1.000000000000000000e+00
2.392800093784333892e+00,9.798458624182627696e-01,3.523479897497387991e-01,-1.793070330340340135e+01,7.913071111607657138e-02,0.000000000000000000e+00,1.000000000000000000e+00
2.394495328840420711e+00,9.806934799463062902e-01,3.508798731257816161e-01,-1.794112885556953074e+01,8.022065520617172041e-02,0.000000000000000000e+00,1.000000000000000000e+00
2.396190563896507530e+00,9.815410974743496997e-01,3.494117565018243221e-01,-1.795164961825771854e+01,8.132055312357372445e-02,0.000000000000000000e+00,1.000000000000000000e+00
2.397885798952594794e+00,9.823887150023932202e-01,3.479436398778670836e-01,-1.796226559146797896e+01,8.243040486828250024e-02,0.000000000000000000e+00,1.000000000000000000e+00
2.399581034008681613e+00,9.832363325304367407e-01,3.464755232539098451e-01,-1.797297677520030490e+01,8.355021044029811716e-02,0.000000000000000000e+00,1.000000000000000000e+00
2.401276269064768432e+00,9.840839500584801502e-01,3.450074066299525510e-01,-1.798378316945468924e+01,8.467996983962050583e-02,0.000000000000000000e+00,1.000000000000000000e+00
2.402971504120855695e+00,9.849315675865236708e-01,3.435392900059953680e-01,-1.799468477423114621e+01,8.581968306624968013e-02,0.000000000000000000e+00,1.000000000000000000e+00
2.404666739176942514e+00,9.857791851145671913e-01,3.420711733820380740e-01,-1.800568158952966158e+01,8.696935012018572331e-02,0.000000000000000000e+00,1.000000000000000000e+00
2.406361974233029333e+00,9.866268026426106008e-01,3.406030567580808910e-01,-1.801677361535024602e+01,8.812897100142846885e-02,0.000000000000000000e+00,1.000000000000000000e+00
2.408057209289116152e+00,9.874744201706541213e-01,3.391349401341235970e-01,-1.802796085169289242e+01,8.929854570997815266e-02,0.000000000000000000e+00,1.000000000000000000e+00
2.409752444345203415e+00,9.883220376986976419e-01,3.376668235101663584e-01,-1.803924329855760789e+01,9.047807424583458047e-02,0.000000000000000000e+00,1.000000000000000000e+00
2.411447679401290234e+00,9.891696552267410514e-01,3.361987068862091199e-01,-1.805062095594438532e+01,9.166755660899778002e-02,0.000000000000000000e+00,1.000000000000000000e+00
2.413142914457377053e+00,9.900172727547845719e-01,3.347305902622518814e-01,-1.806209382385322826e+01,9.286699279946780683e-02,0.000000000000000000e+00,1.000000000000000000e+00
2.414838149513464316e+00,9.908648902828280924e-01,3.332624736382946429e-01,-1.807366190228414027e+01,9.407638281724466089e-02,0.000000000000000000e+00,1.000000000000000000e+00
2.416533384569551135e+00,9.917125078108715019e-01,3.317943570143374044e-01,-1.808532519123711424e+01,9.529572666232828670e-02,0.000000000000000000e+00,1.000000000000000000e+00
2.418228619625637954e+00,9.925601253389150225e-01,3.303262403903801658e-01,-1.809708369071215373e+01,9.652502433471873977e-02,0.000000000000000000e+00,1.000000000000000000e+00
2.419923854681725217e+00,9.934077428669585430e-01,3.288581237664228718e-01,-1.810893740070925872e+01,9.776427583441603397e-02,0.000000000000000000e+00,1.000000000000000000e+00
2.421619089737812036e+00,9.942553603950019525e-01,3.273900071424656333e-01,-1.812088632122842569e+01,9.901348116142005829e-02,0.000000000000000000e+00,1.000000000000000000e+00
2.423314324793898855e+00,9.951029779230454730e-01,3.259218905185083948e-01,-1.813293045226966171e+01,1.002726403157309376e-01,0.000000000000000000e+00,1.000000000000000000e+00
2.425009559849986118e+00,9.959505954510888825e-01,3.244537738945511562e-01,-1.814506979383295970e+01,1.015417532973485609e-01,0.000000000000000000e+00,1.000000000000000000e+00
2.426704794906072937e+00,9.967982129791324031e-01,3.229856572705939177e-01,-1.815730434591832676e+01,1.028208201062730670e-01,0.000000000000000000e+00,1.000000000000000000e+00
2.428400029962159756e+00,9.976458305071759236e-01,3.215175406466366792e-01,-1.816963410852575933e+01,1.041098407425043448e-01,0.000000000000000000e+00,1.000000000000000000e+00
2.430095265018247019e+00,9.984934480352193331e-01,3.200494240226794407e-01,-1.818205908165525031e+01,1.054088152060424083e-01,0.000000000000000000e+00,1.000000000000000000e+00
2.431790500074333838e+00,9.993410655632628536e-01,3.185813073987222022e-01,-1.819457926530681036e+01,1.067177434968873267e-01,0.000000000000000000e+00,1.000000000000000000e+00
2.433485735130420657e+00,1.000188683091306263e+00,3.171131907747649081e-01,-1.820719465948043236e+01,1.080366256150390031e-01,0.000000000000000000e+00,1.000000000000000000e+00
2.435180970186507921e+00,1.001036300619349895e+00,3.156450741508076696e-01,-1.821990526417612699e+01,1.093654615604975761e-01,0.000000000000000000e+00,1.000000000000000000e+00
2.436876205242594740e+00,1.001883918147393304e+00,3.141769575268504311e-01,-1.823271107939387647e+01,1.107042513332628375e-01,0.000000000000000000e+00,1.000000000000000000e+00
2.438571440298681559e+00,1.002731535675436714e+00,3.127088409028931926e-01,-1.824561210513369502e+01,1.120529949333349123e-01,0.000000000000000000e+00,1.000000000000000000e+00
2.440266675354768822e+00,1.003579153203480345e+00,3.112407242789359541e-01,-1.825860834139558619e+01,1.134116923607138838e-01,0.000000000000000000e+00,1.000000000000000000e+00
2.441961910410855641e+00,1.004426770731523755e+00,3.097726076549787155e-01,-1.827169978817953577e+01,1.147803436153995854e-01,0.000000000000000000e+00,1.000000000000000000e+00
2.443657145466942460e+00,1.005274388259567164e+00,3.083044910310214770e-01,-1.828488644548554731e+01,1.161589486973920865e-01,0.000000000000000000e+00,1.000000000000000000e+00
2.445352380523029723e+00,1.006122005787610796e+00,3.068363744070642385e-01,-1.829816831331363502e+01,1.175475076066914287e-01,0.000000000000000000e+00,1.000000000000000000e+00
2.447047615579116542e+00,1.006969623315654205e+00,3.053682577831069445e-01,-1.831154539166377759e+01,1.189460203432976121e-01,0.000000000000000000e+00,1.000000000000000000e+00
2.448742850635203361e+00,1.007817240843697615e+00,3.039001411591497614e-01,-1.832501768053598568e+01,1.203544869072104700e-01,0.000000000000000000e+00,1.000000000000000000e+00
2.450438085691290624e+00,1.008664858371741246e+00,3.024320245351924674e-01,-1.833858517993026993e+01,1.217729072984303357e-01,0.000000000000000000e+00,1.000000000000000000e+00
2.452133320747377443e+00,1.009512475899784656e+00,3.009639079112352289e-01,-1.835224788984660904e+01,1.232012815169568204e-01,0.000000000000000000e+00,1.000000000000000000e+00
2.453828555803464262e+00,1.010360093427828065e+00,2.994957912872779904e-01,-1.836600581028501011e+01,1.246396095627901462e-01,0.000000000000000000e+00,1.000000000000000000e+00
2.455523790859551081e+00,1.011207710955871475e+00,2.980276746633207519e-01,-1.837985894124547670e+01,1.260878914359302994e-01,0.000000000000000000e+00,1.000000000000000000e+00
2.457219025915638344e+00,1.012055328483915106e+00,2.965595580393635133e-01,-1.839380728272801946e+01,1.275461271363773075e-01,0.000000000000000000e+00,1.000000000000000000e+00
2.458914260971725163e+00,1.012902946011958516e+00,2.950914414154062193e-01,-1.840785083473261707e+01,1.290143166641310735e-01,0.000000000000000000e+00,0.000000000000000000e+00
2.460609496027811982e+00,1.013750563540001925e+00,2.936233247914490363e-01,-1.842198959725928376e+01,1.304924600191915696e-01,0.000000000000000000e+00,0.000000000000000000e+00
2.462304731083899245e+00,1.014598181068045557e+00,2.921552081674917423e-01,-1.843622357030801595e+01,1.319805572015590733e-01,0.000000000000000000e+00,0.000000000000000000e+00
2.463999966139986064e+00,1.015445798596088967e+00,2.906870915435345593e-01,-1.845055275387881366e+01,1.334786082112331962e-01,0.000000000000000000e+00,0.000000000000000000e+00
2.465695201196072883e+00,1.016293416124132376e+00,2.892189749195772652e-01,-1.846497714797167333e+01,1.349866130482142157e-01,0.000000000000000000e+00,0.000000000000000000e+00
2.467390436252160146e+00,1.017141033652176008e+00,2.877508582956200267e-01,-1.847949675258660207e+01,1.365045717125021041e-01,0.000000000000000000e+00,0.000000000000000000e+00
2.469085671308246965e+00,1.017988651180219417e+00,2.862827416716627882e-01,-1.849411156772359277e+01,1.380324842040966393e-01,0.000000000000000000e+00,0.000000000000000000e+00
2.470780906364333784e+00,1.018836268708262827e+00,2.848146250477055497e-01,-1.850882159338265254e+01,1.395703505229980157e-01,0.000000000000000000e+00,0.000000000000000000e+00
2.472476141420421047e+00,1.019683886236306458e+00,2.833465084237483111e-01,-1.852362682956377782e+01,1.411181706692062332e-01,0.000000000000000000e+00,0.000000000000000000e+00
2.474171376476507866e+00,1.020531503764349868e+00,2.818783917997910171e-01,-1.853852727626696151e+01,1.426759446427213196e-01,0.000000000000000000e+00,0.000000000000000000e+00
2.475866611532594685e+00,1.021379121292393277e+00,2.804102751758338341e-01,-1.855352293349221071e+01,1.442436724435430251e-01,0.000000000000000000e+00,0.000000000000000000e+00
2.477561846588681504e+00,1.022226738820436687e+00,2.789421585518765401e-01,-1.856861380123952543e+01,1.458213540716716827e-01,0.000000000000000000e+00,0.000000000000000000e+00
2.479257081644768768e+00,1.023074356348480318e+00,2.774740419279193571e-01,-1.858379987950891632e+01,1.474089895271071537e-01,0.000000000000000000e+00,0.000000000000000000e+00
2.480952316700855587e+00,1.023921973876523728e+00,2.760059253039620630e-01,-1.859908116830036207e+01,1.490065788098493549e-01,0.000000000000000000e+00,0.000000000000000000e+00
2.482647551756942406e+00,1.024769591404567137e+00,2.745378086800048800e-01,-1.861445766761386977e+01,1.506141219198983694e-01,0.000000000000000000e+00,0.000000000000000000e+00
2.484342786813029669e+00,1.025617208932610769e+00,2.730696920560475860e-01,-1.862992937744945010e+01,1.522316188572543083e-01,0.000000000000000000e+00,0.000000000000000000e+00
2.486038021869116488e+00,1.026464826460654178e+00,2.716015754320902920e-01,-1.864549629780709239e+01,1.538590696219169773e-01,0.000000000000000000e+00,0.000000000000000000e+00
2.487733256925203307e+00,1.027312443988697588e+00,2.701334588081331090e-01,-1.866115842868680019e+01,1.554964742138863765e-01,0.000000000000000000e+00,0.000000000000000000e+00
2.489428491981290570e+00,1.028160061516741219e+00,2.686653421841758149e-01,-1.867691577008857706e+01,1.571438326331627278e-01,0.000000000000000000e+00,0.000000000000000000e+00
2.491123727037377389e+00,1.029007679044784629e+00,2.671972255602186319e-01,-1.869276832201241234e+01,1.588011448797457537e-01,0.000000000000000000e+00,0.000000000000000000e+00
2.492818962093464208e+00,1.029855296572828038e+00,2.657291089362613379e-01,-1.870871608445831313e+01,1.604684109536356207e-01,0.000000000000000000e+00,0.000000000000000000e+00
2.494514197149551471e+00,1.030702914100871670e+00,2.642609923123041549e-01,-1.872475905742628655e+01,1.621456308548323288e-01,0.000000000000000000e+00,0.000000000000000000e+00
2.496209432205638290e+00,1.031550531628915079e+00,2.627928756883468608e-01,-1.874089724091631481e+01,1.638328045833358226e-01,0.000000000000000000e+00,0.000000000000000000e+00
2.497904667261725109e+00,1.032398149156958489e+00,2.613247590643896223e-01,-1.875713063492841570e+01,1.655299321391461020e-01,0.000000000000000000e+00,0.000000000000000000e+00
2.499599902317812372e+00,1.033245766685002121e+00,2.598566424404323838e-01,-1.877345923946258566e+01,1.672370135222633059e-01,0.000000000000000000e+00,0.000000000000000000e+00
2.501295137373899191e+00,1.034093384213045530e+00,2.583885258164751453e-01,-1.878988305451881047e+01,1.689540487326870732e-01,0.000000000000000000e+00,0.000000000000000000e+00
2.502990372429986010e+00,1.034941001741088940e+00,2.569204091925179068e-01,-1.880640208009709724e+01,1.706810377704177650e-01,0.000000000000000000e+00,0.000000000000000000e+00
2.504685607486073273e+00,1.035788619269132571e+00,2.554522925685606127e-01,-1.882301631619746729e+01,1.724179806354554645e-01,0.000000000000000000e+00,0.000000000000000000e+00
2.506380842542160092e+00,1.036636236797175981e+00,2.539841759446033742e-01,-1.883972576281988509e+01,1.741648773277997275e-01,0.000000000000000000e+00,0.000000000000000000e+00
2.508076077598246911e+00,1.037483854325219390e+00,2.525160593206461357e-01,-1.885653041996436841e+01,1.759217278474507484e-01,0.000000000000000000e+00,0.000000000000000000e+00
2.509771312654334174e+00,1.038331471853263022e+00,2.510479426966888972e-01,-1.887343028763093500e+01,1.776885321944087770e-01,0.000000000000000000e+00,0.000000000000000000e+00
2.511466547710420993e+00,1.039179089381306431e+00,2.495798260727316586e-01,-1.889042536581954579e+01,1.794652903686734247e-01,0.000000000000000000e+00,0.000000000000000000e+00
2.513161782766507812e+00,1.040026706909349841e+00,2.481117094487744201e-01,-1.890751565453022920e+01,1.812520023702449412e-01,0.000000000000000000e+00,0.000000000000000000e+00
2.514857017822595076e+00,1.040874324437393472e+00,2.466435928248171816e-01,-1.892470115376298168e+01,1.830486681991233822e-01,0.000000000000000000e+00,0.000000000000000000e+00
2.516552252878681895e+00,1.041721941965436882e+00,2.451754762008599431e-01,-1.894198186351779967e+01,1.848552878553084700e-01,0.000000000000000000e+00,0.000000000000000000e+00
2.518247487934768714e+00,1.042569559493480291e+00,2.437073595769027046e-01,-1.895935778379466896e+01,1.866718613388003989e-01,0.000000000000000000e+00,0.000000000000000000e+00
2.519942722990855977e+00,1.043417177021523923e+00,2.422392429529454660e-01,-1.897682891459362509e+01,1.884983886495992522e-01,0.000000000000000000e+00,0.000000000000000000e+00
2.521637958046942796e+00,1.044264794549567332e+00,2.407711263289882275e-01,-1.899439525591463251e+01,1.903348697877048079e-01,0.000000000000000000e+00,0.000000000000000000e+00
2.523333193103029615e+00,1.045112412077610742e+00,2.393030097050309890e-01,-1.901205680775770190e+01,1.921813047531171492e-01,0.000000000000000000e+00,0.000000000000000000e+00
2.525028428159116434e+00,1.045960029605654151e+00,2.378348930810737505e-01,-1.902981357012283681e+01,1.940376935458362484e-01,0.000000000000000000e+00,0.000000000000000000e+00
2.526723663215203697e+00,1.046807647133697783e+00,2.363667764571164565e-01,-1.904766554301005144e+01,1.959040361658623830e-01,0.000000000000000000e+00,0.000000000000000000e+00
2.528418898271290516e+00,1.047655264661741192e+00,2.348986598331592179e-01,-1.906561272641931737e+01,1.977803326131951089e-01,0.000000000000000000e+00,0.000000000000000000e+00
2.530114133327377779e+00,1.048502882189784824e+00,2.334305432092019239e-01,-1.908365512035065592e+01,1.996665828878348148e-01,0.000000000000000000e+00,0.000000000000000000e+00
2.531809368383464598e+00,1.049350499717828233e+00,2.319624265852446854e-01,-1.910179272480405288e+01,2.015627869897811675e-01,0.000000000000000000e+00,0.000000000000000000e+00
2.533504603439551417e+00,1.050198117245871643e+00,2.304943099612874469e-01,-1.912002553977951891e+01,2.034689449190343336e-01,0.000000000000000000e+00,0.000000000000000000e+00
2.535199838495638236e+00,1.051045734773915052e+00,2.290261933373302083e-01,-1.913835356527705045e+01,2.053850566755943408e-01,0.000000000000000000e+00,0.000000000000000000e+00
2.536895073551725499e+00,1.051893352301958684e+00,2.275580767133729698e-01,-1.915677680129664751e+01,2.073111222594612446e-01,0.000000000000000000e+00,0.000000000000000000e+00
2.538590308607812318e+00,1.052740969830002093e+00,2.260899600894157313e-01,-1.917529524783830297e+01,2.092471416706348231e-01,0.000000000000000000e+00,0.000000000000000000e+00
2.540285543663899137e+00,1.053588587358045503e+00,2.246218434654584928e-01,-1.919390890490202750e+01,2.111931149091151316e-01,0.000000000000000000e+00,0.000000000000000000e+00
2.541980778719986400e+00,1.054436204886089135e+00,2.231537268415012543e-01,-1.921261777248782820e+01,2.131490419749024756e-01,0.000000000000000000e+00,0.000000000000000000e+00
2.543676013776073219e+00,1.055283822414132544e+00,2.216856102175440157e-01,-1.923142185059568376e+01,2.151149228679964664e-01,0.000000000000000000e+00,0.000000000000000000e+00
2.545371248832160038e+00,1.056131439942175954e+00,2.202174935935867772e-01,-1.925032113922559773e+01,2.170907575883972984e-01,0.000000000000000000e+00,0.000000000000000000e+00
2.547066483888247301e+00,1.056979057470219585e+00,2.187493769696295387e-01,-1.926931563837759143e+01,2.190765461361049438e-01,0.000000000000000000e+00,0.000000000000000000e+00
2.548761718944334120e+00,1.057826674998262995e+00,2.172812603456723002e-01,-1.928840534805163998e+01,2.210722885111193747e-01,0.000000000000000000e+00,0.000000000000000000e+00
2.550456954000420939e+00,1.058674292526306404e+00,2.158131437217150617e-01,-1.930759026824775404e+01,2.230779847134405913e-01,0.000000000000000000e+00,0.000000000000000000e+00
2.552152189056507758e+00,1.059521910054349814e+00,2.143450270977578231e-01,-1.932687039896593362e+01,2.250936347430686213e-01,0.000000000000000000e+00,0.000000000000000000e+00
2.553847424112595021e+00,1.060369527582393445e+00,2.128769104738005846e-01,-1.934624574020618226e+01,2.271192386000036034e-01,0.000000000000000000e+00,0.000000000000000000e+00
2.555542659168681840e+00,1.061217145110436855e+00,2.114087938498433461e-01,-1.936571629196849287e+01,2.291547962842451491e-01,0.000000000000000000e+00,0.000000000000000000e+00
2.557237894224768660e+00,1.062064762638480264e+00,2.099406772258860521e-01,-1.938528205425286544e+01,2.312003077957936470e-01,0.000000000000000000e+00,0.000000000000000000e+00
2.558933129280855923e+00,1.062912380166523896e+00,2.084725606019287580e-01,-1.940494302705931062e+01,2.332557731346490970e-01,0.000000000000000000e+00,0.000000000000000000e+00
2.560628364336942742e+00,1.063759997694567305e+00,2.070044439779715195e-01,-1.942469921038782132e+01,2.353211923008111106e-01,0.000000000000000000e+00,0.000000000000000000e+00
2.562323599393029561e+00,1.064607615222610715e+00,2.055363273540142810e-01,-1.944455060423838688e+01,2.373965652942799376e-01,0.000000000000000000e+00,0.000000000000000000e+00
2.564018834449116824e+00,1.065455232750654346e+00,2.040682107300570425e-01,-1.946449720861103216e+01,2.394818921150557445e-01,0.000000000000000000e+00,0.000000000000000000e+00
2.565714069505203643e+00,1.066302850278697756e+00,2.026000941060998040e-01,-1.948453902350573230e+01,2.415771727631381705e-01,0.000000000000000000e+00,0.000000000000000000e+00
2.567409304561290462e+00,1.067150467806741165e+00,2.011319774821425654e-01,-1.950467604892249440e+01,2.436824072385275208e-01,0.000000000000000000e+00,0.000000000000000000e+00
2.569104539617377725e+00,1.067998085334784797e+00,1.996638608581853269e-01,-1.952490828486133267e+01,2.457975955412236568e-01,0.000000000000000000e+00,0.000000000000000000e+00
2.570799774673464544e+00,1.068845702862828206e+00,1.981957442342280884e-01,-1.954523573132222936e+01,2.479227376712265229e-01,0.000000000000000000e+00,0.000000000000000000e+00
2.572495009729551363e+00,1.069693320390871616e+00,1.967276276102708499e-01,-1.956565838830518800e+01,2.500578336285361747e-01,0.000000000000000000e+00,0.000000000000000000e+00
2.574190244785638626e+00,1.070540937918915247e+00,1.952595109863136114e-01,-1.958617625581022281e+01,2.522028834131528896e-01,0.000000000000000000e+00,0.000000000000000000e+00
2.575885479841725445e+00,1.071388555446958657e+00,1.937913943623563728e-01,-1.960678933383731248e+01,2.543578870250761681e-01,0.000000000000000000e+00,0.000000000000000000e+00
2.577580714897812264e+00,1.072236172975002066e+00,1.923232777383991343e-01,-1.962749762238646767e+01,2.565228444643061767e-01,0.000000000000000000e+00,0.000000000000000000e+00
2.579275949953899527e+00,1.073083790503045698e+00,1.908551611144418958e-01,-1.964830112145769547e+01,2.586977557308431930e-01,0.000000000000000000e+00,0.000000000000000000e+00
2.580971185009986346e+00,1.073931408031089108e+00,1.893870444904846573e-01,-1.966919983105098169e+01,2.608826208246869394e-01,0.000000000000000000e+00,0.000000000000000000e+00
2.582666420066073165e+00,1.074779025559132517e+00,1.879189278665273632e-01,-1.969019375116632986e+01,2.630774397458375824e-01,0.000000000000000000e+00,0.000000000000000000e+00
2.584361655122160428e+00,1.075626643087176149e+00,1.864508112425701247e-01,-1.971128288180375421e+01,2.652822124942949555e-01,0.000000000000000000e+00,0.000000000000000000e+00
2.586056890178247247e+00,1.076474260615219558e+00,1.849826946186128862e-01,-1.973246722296323696e+01,2.674969390700590588e-01,0.000000000000000000e+00,0.000000000000000000e+00
2.587752125234334066e+00,1.077321878143262968e+00,1.835145779946556477e-01,-1.975374677464478168e+01,2.697216194731300032e-01,0.000000000000000000e+00,0.000000000000000000e+00
2.589447360290421329e+00,1.078169495671306599e+00,1.820464613706984092e-01,-1.977512153684839902e+01,2.719562537035078442e-01,0.000000000000000000e+00,0.000000000000000000e+00
2.591142595346508148e+00,1.079017113199350009e+00,1.805783447467411706e-01,-1.979659150957407832e+01,2.742008417611924154e-01,0.000000000000000000e+00,0.000000000000000000e+00
2.592837830402594967e+00,1.079864730727393418e+00,1.791102281227838766e-01,-1.981815669282181602e+01,2.764553836461838277e-01,0.000000000000000000e+00,0.000000000000000000e+00
2.594533065458682231e+00,1.080712348255437050e+00,1.776421114988266381e-01,-1.983981708659163345e+01,2.787198793584820811e-01,0.000000000000000000e+00,0.000000000000000000e+00
2.596228300514769050e+00,1.081559965783480459e+00,1.761739948748693996e-01,-1.986157269088350219e+01,2.809943288980870646e-01,0.000000000000000000e+00,0.000000000000000000e+00
2.597923535570855869e+00,1.082407583311523869e+00,1.747058782509121611e-01,-1.988342350569743999e+01,2.832787322649987782e-01,0.000000000000000000e+00,0.000000000000000000e+00
2.599618770626943132e+00,1.083255200839567500e+00,1.732377616269549225e-01,-1.990536953103345041e+01,2.855730894592174440e-01,0.000000000000000000e+00,0.000000000000000000e+00
2.601314005683029951e+00,1.084102818367610910e+00,1.717696450029976840e-01,-1.992741076689151214e+01,2.878774004807428399e-01,0.000000000000000000e+00,0.000000000000000000e+00
2.603009240739116770e+00,1.084950435895654319e+00,1.703015283790404455e-01,-1.994954721327164648e+01,2.901916653295749660e-01,0.000000000000000000e+00,0.000000000000000000e+00
2.604704475795203589e+00,1.085798053423697729e+00,1.688334117550832070e-01,-1.997177887017384279e+01,2.925158840057139331e-01,0.000000000000000000e+00,0.000000000000000000e+00
2.606399710851290852e+00,1.086645670951741360e+00,1.673652951311259685e-01,-1.999410573759811527e+01,2.948500565091599634e-01,0.000000000000000000e+00,0.000000000000000000e+00
2.608094945907377671e+00,1.087493288479784770e+00,1.658971785071686744e-01,-2.001652781554444260e+01,2.971941828399126129e-01,0.000000000000000000e+00,0.000000000000000000e+00
2.609790180963464490e+00,1.088340906007828179e+00,1.644290618832114359e-01,-2.003904510401283190e+01,2.995482629979718814e-01,0.000000000000000000e+00,0.000000000000000000e+00
2.611485416019551753e+00,1.089188523535871811e+00,1.629609452592541974e-01,-2.006165760300329737e+01,3.019122969833383241e-01,0.000000000000000000e+00,0.000000000000000000e+00
2.613180651075638572e+00,1.090036141063915220e+00,1.614928286352969589e-01,-2.008436531251582480e+01,3.042862847960112749e-01,0.000000000000000000e+00,0.000000000000000000e+00
2.614875886131725391e+00,1.090883758591958630e+00,1.600247120113397203e-01,-2.010716823255041064e+01,3.066702264359910668e-01,0.000000000000000000e+00,0.000000000000000000e+00
2.616571121187812654e+00,1.091731376120002261e+00,1.585565953873824818e-01,-2.013006636310706909e+01,3.090641219032779219e-01,0.000000000000000000e+00,0.000000000000000000e+00
2.618266356243899473e+00,1.092578993648045671e+00,1.570884787634252433e-01,-2.015305970418578951e+01,3.114679711978711740e-01,0.000000000000000000e+00,0.000000000000000000e+00
2.619961591299986292e+00,1.093426611176089081e+00,1.556203621394680048e-01,-2.017614825578657189e+01,3.138817743197714893e-01,0.000000000000000000e+00,0.000000000000000000e+00
2.621656826356073111e+00,1.094274228704132490e+00,1.541522455155107663e-01,-2.019933201790941624e+01,3.163055312689784238e-01,0.000000000000000000e+00,0.000000000000000000e+00
2.623352061412160374e+00,1.095121846232176122e+00,1.526841288915535277e-01,-2.022261099055434030e+01,3.187392420454925324e-01,0.000000000000000000e+00,0.000000000000000000e+00
2.625047296468247193e+00,1.095969463760219531e+00,1.512160122675962892e-01,-2.024598517372131568e+01,3.211829066493131490e-01,0.000000000000000000e+00,0.000000000000000000e+00
2.626742531524334456e+00,1.096817081288263163e+00,1.497478956436389952e-01,-2.026945456741036722e+01,3.236365250804407179e-01,0.000000000000000000e+00,0.000000000000000000e+00
2.628437766580421275e+00,1.097664698816306572e+00,1.482797790196817567e-01,-2.029301917162147362e+01,3.261000973388750168e-01,0.000000000000000000e+00,0.000000000000000000e+00
2.630133001636508094e+00,1.098512316344349982e+00,1.468116623957245181e-01,-2.031667898635464908e+01,3.285736234246160459e-01,0.000000000000000000e+00,0.000000000000000000e+00
2.631828236692594913e+00,1.099359933872393391e+00,1.453435457717672796e-01,-2.034043401160988296e+01,3.310571033376639161e-01,0.000000000000000000e+00,0.000000000000000000e+00
2.633523471748682176e+00,1.100207551400437023e+00,1.438754291478099856e-01,-2.036428424738720011e+01,3.335505370780187384e-01,0.000000000000000000e+00,0.000000000000000000e+00
2.635218706804768996e+00,1.101055168928480432e+00,1.424073125238527471e-01,-2.038822969368656501e+01,3.360539246456801799e-01,0.000000000000000000e+00,0.000000000000000000e+00
2.636913941860855815e+00,1.101902786456523842e+00,1.409391958998955086e-01,-2.041227035050800254e+01,3.385672660406485734e-01,0.000000000000000000e+00,0.000000000000000000e+00
2.638609176916943078e+00,1.102750403984567473e+00,1.394710792759382700e-01,-2.043640621785150913e+01,3.410905612629236972e-01,0.000000000000000000e+00,0.000000000000000000e+00
2.640304411973029897e+00,1.103598021512610883e+00,1.380029626519810315e-01,-2.046063729571707057e+01,3.436238103125055510e-01,0.000000000000000000e+00,0.000000000000000000e+00
2.641999647029116716e+00,1.104445639040654292e+00,1.365348460280237930e-01,-2.048496358410470108e+01,3.461670131893942459e-01,0.000000000000000000e+00,0.000000000000000000e+00
2.643694882085203979e+00,1.105293256568697924e+00,1.350667294040665545e-01,-2.050938508301440422e+01,3.487201698935898930e-01,0.000000000000000000e+00,0.000000000000000000e+00
2.645390117141290798e+00,1.106140874096741333e+00,1.335986127801093160e-01,-2.053390179244616576e+01,3.512832804250922702e-01,0.000000000000000000e+00,0.000000000000000000e+00
2.647085352197377617e+00,1.106988491624784743e+00,1.321304961561520774e-01,-2.055851371239998571e+01,3.538563447839013776e-01,0.000000000000000000e+00,0.000000000000000000e+00
2.648780587253464880e+00,1.107836109152828374e+00,1.306623795321948389e-01,-2.058322084287588538e+01,3.564393629700173260e-01,0.000000000000000000e+00,0.000000000000000000e+00
2.650475822309551699e+00,1.108683726680871784e+00,1.291942629082376004e-01,-2.060802318387383636e+01,3.590323349834401156e-01,0.000000000000000000e+00,0.000000000000000000e+00
2.652171057365638518e+00,1.109531344208915193e+00,1.277261462842803619e-01,-2.063292073539385640e+01,3.616352608241696354e-01,0.000000000000000000e+00,0.000000000000000000e+00
2.653866292421725781e+00,1.110378961736958825e+00,1.262580296603231234e-01,-2.065791349743595262e+01,3.642481404922059962e-01,0.000000000000000000e+00,0.000000000000000000e+00
2.655561527477812600e+00,1.111226579265002234e+00,1.247899130363658848e-01,-2.068300147000010014e+01,3.668709739875493092e-01,0.000000000000000000e+00,0.000000000000000000e+00
2.657256762533899419e+00,1.112074196793045644e+00,1.233217964124086463e-01,-2.070818465308631318e+01,3.695037613101991303e-01,0.000000000000000000e+00,0.000000000000000000e+00
2.658951997589986682e+00,1.112921814321089276e+00,1.218536797884512968e-01,-2.073346304669460238e+01,3.721465024601562366e-01,0.000000000000000000e+00,0.000000000000000000e+00
2.660647232646073501e+00,1.113769431849132685e+00,1.203855631644940583e-01,-2.075883665082494645e+01,3.747991974374197399e-01,0.000000000000000000e+00,0.000000000000000000e+00
2.662342467702160320e+00,1.114617049377176095e+00,1.189174465405368197e-01,-2.078430546547735602e+01,3.774618462419900844e-01,0.000000000000000000e+00,0.000000000000000000e+00
2.664037702758247583e+00,1.115464666905219726e+00,1.174493299165795812e-01,-2.080986949065183822e+01,3.801344488738673810e-01,0.000000000000000000e+00,0.000000000000000000e+00
2.665732937814334402e+00,1.116312284433263136e+00,1.159812132926223427e-01,-2.083552872634837883e+01,3.828170053330512967e-01,0.000000000000000000e+00,0.000000000000000000e+00
2.667428172870421221e+00,1.117159901961306545e+00,1.145130966686651042e-01,-2.086128317256698494e+01,3.855095156195420536e-01,0.000000000000000000e+00,0.000000000000000000e+00
2.669123407926508484e+00,1.118007519489350177e+00,1.130449800447078657e-01,-2.088713282930766013e+01,3.882119797333398736e-01,0.000000000000000000e+00,0.000000000000000000e+00
2.670818642982595303e+00,1.118855137017393586e+00,1.115768634207506271e-01,-2.091307769657040083e+01,3.909243976744442017e-01,0.000000000000000000e+00,0.000000000000000000e+00
2.672513878038682122e+00,1.119702754545436996e+00,1.101087467967933886e-01,-2.093911777435519639e+01,3.936467694428552599e-01,0.000000000000000000e+00,0.000000000000000000e+00
2.674209113094768941e+00,1.120550372073480405e+00,1.086406301728361501e-01,-2.096525306266206101e+01,3.963790950385733813e-01,0.000000000000000000e+00,0.000000000000000000e+00
2.675904348150856205e+00,1.121397989601524037e+00,1.071725135488789116e-01,-2.099148356149100181e+01,3.991213744615983439e-01,0.000000000000000000e+00,0.000000000000000000e+00
2.677599583206943024e+00,1.122245607129567446e+00,1.057043969249216731e-01,-2.101780927084199746e+01,4.018736077119299255e-01,0.000000000000000000e+00,0.000000000000000000e+00
2.679294818263029843e+00,1.123093224657610856e+00,1.042362803009644345e-01,-2.104423019071506218e+01,4.046357947895682372e-01,0.000000000000000000e+00,0.000000000000000000e+00
2.680990053319117106e+00,1.123940842185654487e+00,1.027681636770071960e-01,-2.107074632111019241e+01,4.074079356945136121e-01,0.000000000000000000e+00,0.000000000000000000e+00
2.682685288375203925e+00,1.124788459713697897e+00,1.013000470530499575e-01,-2.109735766202738461e+01,4.101900304267656061e-01,0.000000000000000000e+00,0.000000000000000000e+00
2.684380523431290744e+00,1.125636077241741306e+00,9.983193042909266346e-02,-2.112406421346663876e+01,4.129820789863245523e-01,0.000000000000000000e+00,0.000000000000000000e+00
2.686075758487378007e+00,1.126483694769784938e+00,9.836381380513542494e-02,-2.115086597542797264e+01,4.157840813731903395e-01,0.000000000000000000e+00,0.000000000000000000e+00
2.687770993543464826e+00,1.127331312297828347e+00,9.689569718117818642e-02,-2.117776294791135783e+01,4.185960375873627459e-01,0.000000000000000000e+00,0.000000000000000000e+00
2.689466228599551645e+00,1.128178929825871757e+00,9.542758055722094790e-02,-2.120475513091680853e+01,4.214179476288418824e-01,0.000000000000000000e+00,0.000000000000000000e+00
2.691161463655638464e+00,1.129026547353915166e+00,9.395946393326370938e-02,-2.123184252444432829e+01,4.242498114976279711e-01,0.000000000000000000e+00,0.000000000000000000e+00
2.692856698711725727e+00,1.129874164881958798e+00,9.249134730930641535e-02,-2.125902512849391357e+01,4.270916291937210119e-01,0.000000000000000000e+00,0.000000000000000000e+00
2.694551933767812546e+00,1.130721782410002207e+00,9.102323068534917683e-02,-2.128630294306556081e+01,4.299434007171207828e-01,0.000000000000000000e+00,0.000000000000000000e+00
2.696247168823899809e+00,1.131569399938045839e+00,8.955511406139193831e-02,-2.131367596815928067e+01,4.328051260678272838e-01,0.000000000000000000e+00,0.000000000000000000e+00
2.697942403879986628e+00,1.132417017466089249e+00,8.808699743743469979e-02,-2.134114420377505894e+01,4.356768052458405149e-01,0.000000000000000000e+00,0.000000000000000000e+00
2.699637638936073447e+00,1.133264634994132658e+00,8.661888081347746127e-02,-2.136870764991290272e+01,4.385584382511605872e-01,0.000000000000000000e+00,0.000000000000000000e+00
2.701332873992160266e+00,1.134112252522176068e+00,8.515076418952022275e-02,-2.139636630657280847e+01,4.414500250837875006e-01,0.000000000000000000e+00,0.000000000000000000e+00
2.703028109048247529e+00,1.134959870050219699e+00,8.368264756556298423e-02,-2.142412017375478683e+01,4.443515657437213662e-01,0.000000000000000000e+00,0.000000000000000000e+00
2.704723344104334348e+00,1.135807487578263109e+00,8.221453094160574571e-02,-2.145196925145883071e+01,4.472630602309617398e-01,0.000000000000000000e+00,0.000000000000000000e+00
2.706418579160421167e+00,1.136655105106306518e+00,8.074641431764850719e-02,-2.147991353968492945e+01,4.501845085455090656e-01,0.000000000000000000e+00,0.000000000000000000e+00
2.708113814216508430e+00,1.137502722634350150e+00,7.927829769369126867e-02,-2.150795303843310435e+01,4.531159106873632325e-01,0.000000000000000000e+00,0.000000000000000000e+00
2.709809049272595249e+00,1.138350340162393559e+00,7.781018106973397463e-02,-2.153608774770334122e+01,4.560572666565243516e-01,0.000000000000000000e+00,0.000000000000000000e+00
2.711504284328682068e+00,1.139197957690436969e+00,7.634206444577673611e-02,-2.156431766749563650e+01,4.590085764529918677e-01,0.000000000000000000e+00,0.000000000000000000e+00
2.713199519384769332e+00,1.140045575218480600e+00,7.487394782181949759e-02,-2.159264279781000795e+01,4.619698400767665580e-01,0.000000000000000000e+00,0.000000000000000000e+00
2.714894754440856151e+00,1.140893192746524010e+00,7.340583119786225907e-02,-2.162106313864643781e+01,4.649410575278480895e-01,0.000000000000000000e+00,0.000000000000000000e+00
2.716589989496942970e+00,1.141740810274567419e+00,7.193771457390502055e-02,-2.164957869000492252e+01,4.679222288062359070e-01,0.000000000000000000e+00,0.000000000000000000e+00
2.718285224553030233e+00,1.142588427802611051e+00,7.046959794994778203e-02,-2.167818945188549407e+01,4.709133539119310097e-01,0.000000000000000000e+00,0.000000000000000000e+00
2.719980459609117052e+00,1.143436045330654460e+00,6.900148132599054351e-02,-2.170689542428811691e+01,4.739144328449328425e-01,0.000000000000000000e+00,0.000000000000000000e+00
2.721675694665203871e+00,1.144283662858697870e+00,6.753336470203330499e-02,-2.173569660721280528e+01,4.769254656052412944e-01,0.000000000000000000e+00,0.000000000000000000e+00
2.723370929721291134e+00,1.145131280386741501e+00,6.606524807807606647e-02,-2.176459300065956626e+01,4.799464521928569205e-01,0.000000000000000000e+00,0.000000000000000000e+00
2.725066164777377953e+00,1.145978897914784911e+00,6.459713145411882795e-02,-2.179358460462838210e+01,4.829773926077790547e-01,0.000000000000000000e+00,0.000000000000000000e+00
2.726761399833464772e+00,1.146826515442828320e+00,6.312901483016153392e-02,-2.182267141911927055e+01,4.860182868500079190e-01,0.000000000000000000e+00,0.000000000000000000e+00
2.728456634889552035e+00,1.147674132970871952e+00,6.166089820620429540e-02,-2.185185344413222452e+01,4.890691349195439575e-01,0.000000000000000000e+00,0.000000000000000000e+00
2.730151869945638854e+00,1.148521750498915361e+00,6.019278158224705688e-02,-2.188113067966724046e+01,4.921299368163865040e-01,0.000000000000000000e+00,0.000000000000000000e+00
2.731847105001725673e+00,1.149369368026958771e+00,5.872466495828981836e-02,-2.191050312572431835e+01,4.952006925405358917e-01,0.000000000000000000e+00,0.000000000000000000e+00
2.733542340057812936e+00,1.150216985555002402e+00,5.725654833433257984e-02,-2.193997078230346887e+01,4.982814020919923426e-01,0.000000000000000000e+00,0.000000000000000000e+00
2.735237575113899755e+00,1.151064603083045812e+00,5.578843171037534132e-02,-2.196953364940468134e+01,5.013720654707553015e-01,0.000000000000000000e+00,0.000000000000000000e+00
2.736932810169986574e+00,1.151912220611089221e+00,5.432031508641804729e-02,-2.199919172702794867e+01,5.044726826768249905e-01,0.000000000000000000e+00,0.000000000000000000e+00
2.738628045226073837e+00,1.152759838139132853e+00,5.285219846246080877e-02,-2.202894501517329928e+01,5.075832537102018538e-01,0.000000000000000000e+00,0.000000000000000000e+00
2.740323280282160656e+00,1.153607455667176263e+00,5.138408183850357025e-02,-2.205879351384070475e+01,5.107037785708852251e-01,0.000000000000000000e+00,0.000000000000000000e+00
2.742018515338247475e+00,1.154455073195219672e+00,4.991596521454633173e-02,-2.208873722303017217e+01,5.138342572588753265e-01,0.000000000000000000e+00,0.000000000000000000e+00
2.743713750394334738e+00,1.155302690723263304e+00,4.844784859058909321e-02,-2.211877614274171577e+01,5.169746897741726022e-01,0.000000000000000000e+00,0.000000000000000000e+00
2.745408985450421557e+00,1.156150308251306713e+00,4.697973196663185469e-02,-2.214891027297531423e+01,5.201250761167761638e-01,0.000000000000000000e+00,0.000000000000000000e+00
2.747104220506508376e+00,1.156997925779350123e+00,4.551161534267461617e-02,-2.217913961373098175e+01,5.232854162866870107e-01,0.000000000000000000e+00,0.000000000000000000e+00
2.748799455562595639e+00,1.157845543307393754e+00,4.404349871871737765e-02,-2.220946416500871479e+01,5.264557102839045877e-01,0.000000000000000000e+00,0.000000000000000000e+00
2.750494690618682458e+00,1.158693160835437164e+00,4.257538209476013913e-02,-2.223988392680851334e+01,5.296359581084286727e-01,0.000000000000000000e+00,0.000000000000000000e+00
2.752189925674769277e+00,1.159540778363480573e+00,4.110726547080290061e-02,-2.227039889913037385e+01,5.328261597602597099e-01,0.000000000000000000e+00,0.000000000000000000e+00
2.753885160730856096e+00,1.160388395891523983e+00,3.963914884684566209e-02,-2.230100908197429987e+01,5.360263152393974773e-01,0.000000000000000000e+00,0.000000000000000000e+00
2.755580395786943360e+00,1.161236013419567614e+00,3.817103222288842357e-02,-2.233171447534029497e+01,5.392364245458424188e-01,0.000000000000000000e+00,0.000000000000000000e+00
2.757275630843030179e+00,1.162083630947611024e+00,3.670291559893118505e-02,-2.236251507922835202e+01,5.424564876795937574e-01,0.000000000000000000e+00,0.000000000000000000e+00
2.758970865899117442e+00,1.162931248475654655e+00,3.523479897497389102e-02,-2.239341089363848170e+01,5.456865046406523811e-01,0.000000000000000000e+00,0.000000000000000000e+00
2.760666100955204261e+00,1.163778866003698065e+00,3.376668235101665250e-02,-2.242440191857066623e+01,5.489264754290172910e-01,0.000000000000000000e+00,0.000000000000000000e+00
2.762361336011291080e+00,1.164626483531741474e+00,3.229856572705935847e-02,-2.245548815402491627e+01,5.521764000446893750e-01,0.000000000000000000e+00,0.000000000000000000e+00
2.764056571067377899e+00,1.165474101059784884e+00,3.083044910310211995e-02,-2.248666960000123183e+01,5.554362784876677450e-01,0.000000000000000000e+00,0.000000000000000000e+00
2.765751806123465162e+00,1.166321718587828515e+00,2.936233247914488143e-02,-2.251794625649962001e+01,5.587061107579535113e-01,0.000000000000000000e+00,0.000000000000000000e+00
2.767447041179551981e+00,1.167169336115871925e+00,2.789421585518764291e-02,-2.254931812352006659e+01,5.619858968555457857e-01,0.000000000000000000e+00,0.000000000000000000e+00
2.769142276235638800e+00,1.168016953643915334e+00,2.642609923123040438e-02,-2.258078520106257514e+01,5.652756367804447901e-01,0.000000000000000000e+00,0.000000000000000000e+00
2.770837511291725619e+00,1.168864571171958744e+00,2.495798260727316586e-02,-2.261234748912714920e+01,5.685753305326507467e-01,0.000000000000000000e+00,0.000000000000000000e+00
2.772532746347812882e+00,1.169712188700002375e+00,2.348986598331592734e-02,-2.264400498771380299e+01,5.718849781121635445e-01,0.000000000000000000e+00,0.000000000000000000e+00
2.774227981403899701e+00,1.170559806228045785e+00,2.202174935935868882e-02,-2.267575769682250808e+01,5.752045795189830724e-01,0.000000000000000000e+00,0.000000000000000000e+00
2.775923216459986520e+00,1.171407423756089194e+00,2.055363273540145030e-02,-2.270760561645327869e+01,5.785341347531092193e-01,0.000000000000000000e+00,0.000000000000000000e+00
2.777618451516073783e+00,1.172255041284132826e+00,1.908551611144421178e-02,-2.273954874660612546e+01,5.818736438145425405e-01,0.000000000000000000e+00,0.000000000000000000e+00
2.779313686572160602e+00,1.173102658812176236e+00,1.761739948748697326e-02,-2.277158708728102354e+01,5.852231067032825917e-01,0.000000000000000000e+00,0.000000000000000000e+00
2.781008921628247421e+00,1.173950276340219645e+00,1.614928286352973474e-02,-2.280372063847798714e+01,5.885825234193291511e-01,0.000000000000000000e+00,0.000000000000000000e+00
2.782704156684334684e+00,1.174797893868263277e+00,1.468116623957249622e-02,-2.283594940019703401e+01,5.919518939626829956e-01,0.000000000000000000e+00,0.000000000000000000e+00
2.784399391740421503e+00,1.175645511396306686e+00,1.321304961561525770e-02,-2.286827337243812508e+01,5.953312183333432372e-01,0.000000000000000000e+00,0.000000000000000000e+00
2.786094626796508322e+00,1.176493128924350096e+00,1.174493299165801918e-02,-2.290069255520128877e+01,5.987204965313102090e-01,0.000000000000000000e+00,0.000000000000000000e+00
2.787789861852595585e+00,1.177340746452393727e+00,1.027681636770072515e-02,-2.293320694848652508e+01,6.021197285565844659e-01,0.000000000000000000e+00,0.000000000000000000e+00
2.789485096908682404e+00,1.178188363980437137e+00,8.808699743743542143e-03,-2.296581655229381269e+01,6.055289144091652309e-01,0.000000000000000000e+00,0.000000000000000000e+00
2.791180331964769223e+00,1.179035981508480546e+00,7.340583119786248112e-03,-2.299852136662317292e+01,6.089480540890527260e-01,0.000000000000000000e+00,0.000000000000000000e+00
2.792875567020856487e+00,1.179883599036524178e+00,5.872466495828954081e-03,-2.303132139147460222e+01,6.123771475962472843e-01,0.000000000000000000e+00,0.000000000000000000e+00
2.794570802076943306e+00,1.180731216564567587e+00,4.404349871871771072e-03,-2.306421662684809348e+01,6.158161949307483507e-01,0.000000000000000000e+00,0.000000000000000000e+00
2.796266037133030125e+00,1.181578834092610997e+00,2.936233247914477040e-03,-2.309720707274364671e+01,6.192651960925564802e-01,0.000000000000000000e+00,0.000000000000000000e+00
2.797961272189117388e+00,1.182426451620654628e+00,1.468116623957294031e-03,-2.313029272916126899e+01,6.227241510816714509e-01,0.000000000000000000e+00,0.000000000000000000e+00
2.799656507245204207e+00,1.183274069148698038e+00,0.000000000000000000e+00,-2.316347359610095324e+01,6.261930598980930407e-01,0.000000000000000000e+00,0.000000000000000000e+00
