u,kx_A^-1,ky_A^-1,E_v_eV,E_c1_periodic_chart_eV
-1.300000000000000044e+00,1.153692217419980626e+00,6.660845122894021308e-01,-2.936772778305795839e+01,8.546885046899410643e-02
-1.298750000000000071e+00,1.152582897980153565e+00,6.654440464122007848e-01,-2.931122087101932649e+01,8.492441332707306723e-02
-1.297500000000000098e+00,1.151473578540326725e+00,6.648035805349994387e-01,-2.925476831868444094e+01,8.438224940912673888e-02
-1.296250000000000124e+00,1.150364259100499886e+00,6.641631146577980926e-01,-2.919837012605330528e+01,8.384235871515501037e-02
-1.295000000000000151e+00,1.149254939660673047e+00,6.635226487805967466e-01,-2.914202629312590176e+01,8.330474124515792334e-02
-1.293749999999999956e+00,1.148145620220845986e+00,6.628821829033952895e-01,-2.908573681990223037e+01,8.276939699913533899e-02
-1.292499999999999982e+00,1.147036300781019147e+00,6.622417170261939434e-01,-2.902950170638231242e+01,8.223632597708747938e-02
-1.291250000000000009e+00,1.145926981341192086e+00,6.616012511489925974e-01,-2.897332095256612305e+01,8.170552817901415021e-02
-1.290000000000000036e+00,1.144817661901365247e+00,6.609607852717913623e-01,-2.891719455845369424e+01,8.117700360491555966e-02
-1.288750000000000062e+00,1.143708342461538408e+00,6.603203193945900162e-01,-2.886112252404499756e+01,8.065075225479152732e-02
-1.287500000000000089e+00,1.142599023021711568e+00,6.596798535173886702e-01,-2.880510484934004012e+01,8.012677412864215032e-02
-1.286250000000000115e+00,1.141489703581884729e+00,6.590393876401873241e-01,-2.874914153433882902e+01,7.960506922646738703e-02
-1.285000000000000142e+00,1.140380384142057890e+00,6.583989217629859780e-01,-2.869323257904135360e+01,7.908563754826720971e-02
-1.283749999999999947e+00,1.139271064702230607e+00,6.577584558857845209e-01,-2.863737798344760321e+01,7.856847909404150732e-02
-1.282499999999999973e+00,1.138161745262403768e+00,6.571179900085831749e-01,-2.858157774755760627e+01,7.805359386379055742e-02
-1.281250000000000000e+00,1.137052425822576929e+00,6.564775241313818288e-01,-2.852583187137135923e+01,7.754098185751427674e-02
-1.280000000000000027e+00,1.135943106382750090e+00,6.558370582541804827e-01,-2.847014035488884787e+01,7.703064307521258203e-02
-1.278750000000000053e+00,1.134833786942923251e+00,6.551965923769791367e-01,-2.841450319811007930e+01,7.652257751688552878e-02
-1.277500000000000080e+00,1.133724467503096411e+00,6.545561264997779016e-01,-2.835892040103505352e+01,7.601678518253311700e-02
-1.276250000000000107e+00,1.132615148063269350e+00,6.539156606225765556e-01,-2.830339196366375987e+01,7.551326607215519404e-02
-1.275000000000000133e+00,1.131505828623442511e+00,6.532751947453752095e-01,-2.824791788599620901e+01,7.501202018575198194e-02
-1.273749999999999938e+00,1.130396509183615450e+00,6.526347288681737524e-01,-2.819249816803239383e+01,7.451304752332328640e-02
-1.272499999999999964e+00,1.129287189743788611e+00,6.519942629909724063e-01,-2.813713280977232500e+01,7.401634808486932948e-02
-1.271249999999999991e+00,1.128177870303961772e+00,6.513537971137710603e-01,-2.808182181121600607e+01,7.352192187038994464e-02
-1.270000000000000018e+00,1.127068550864134933e+00,6.507133312365697142e-01,-2.802656517236341926e+01,7.302976887988522903e-02
-1.268750000000000044e+00,1.125959231424307871e+00,6.500728653593683681e-01,-2.797136289321456815e+01,7.253988911335501610e-02
-1.267500000000000071e+00,1.124849911984481032e+00,6.494323994821670221e-01,-2.791621497376947048e+01,7.205228257079950016e-02
-1.266250000000000098e+00,1.123740592544654193e+00,6.487919336049656760e-01,-2.786112141402810849e+01,7.156694925221862569e-02
-1.265000000000000124e+00,1.122631273104827354e+00,6.481514677277644410e-01,-2.780608221399048929e+01,7.108388915761236493e-02
-1.263750000000000151e+00,1.121521953665000515e+00,6.475110018505630949e-01,-2.775109737365661289e+01,7.060310228698073176e-02
-1.262499999999999956e+00,1.120412634225173454e+00,6.468705359733616378e-01,-2.769616689302645796e+01,7.012458864032357353e-02
-1.261249999999999982e+00,1.119303314785346393e+00,6.462300700961602917e-01,-2.764129077210005647e+01,6.964834821764111228e-02
-1.260000000000000009e+00,1.118193995345519554e+00,6.455896042189589457e-01,-2.758646901087739778e+01,6.917438101893330638e-02
-1.258750000000000036e+00,1.117084675905692714e+00,6.449491383417575996e-01,-2.753170160935848898e+01,6.870268704420012806e-02
-1.257500000000000062e+00,1.115975356465865875e+00,6.443086724645562535e-01,-2.747698856754330876e+01,6.823326629344153571e-02
-1.256250000000000089e+00,1.114866037026039036e+00,6.436682065873549075e-01,-2.742232988543187489e+01,6.776611876665759870e-02
-1.255000000000000115e+00,1.113756717586211975e+00,6.430277407101535614e-01,-2.736772556302417669e+01,6.730124446384820602e-02
-1.253750000000000142e+00,1.112647398146385136e+00,6.423872748329522153e-01,-2.731317560032022840e+01,6.683864338501348257e-02
-1.252499999999999947e+00,1.111538078706558075e+00,6.417468089557508693e-01,-2.725867999732000158e+01,6.637831553015334507e-02
-1.251249999999999973e+00,1.110428759266731236e+00,6.411063430785495232e-01,-2.720423875402353175e+01,6.592026089926784904e-02
-1.250000000000000000e+00,1.109319439826904397e+00,6.404658772013481771e-01,-2.714985187043080117e+01,6.546447949235699448e-02
-1.248750000000000027e+00,1.108210120387077557e+00,6.398254113241468310e-01,-2.709551934654181338e+01,6.501097130942075364e-02
-1.247500000000000053e+00,1.107100800947250496e+00,6.391849454469454850e-01,-2.704124118235656127e+01,6.455973635045907100e-02
-1.246250000000000080e+00,1.105991481507423657e+00,6.385444795697441389e-01,-2.698701737787505195e+01,6.411077461547205758e-02
-1.245000000000000107e+00,1.104882162067596818e+00,6.379040136925427928e-01,-2.693284793309728542e+01,6.366408610445967176e-02
-1.243750000000000133e+00,1.103772842627769979e+00,6.372635478153414468e-01,-2.687873284802326168e+01,6.321967081742189964e-02
-1.242499999999999938e+00,1.102663523187942918e+00,6.366230819381399897e-01,-2.682467212265296297e+01,6.277752875435867186e-02
-1.241249999999999964e+00,1.101554203748116079e+00,6.359826160609386436e-01,-2.677066575698642126e+01,6.233765991527013411e-02
-1.239999999999999991e+00,1.100444884308289017e+00,6.353421501837374086e-01,-2.671671375102361168e+01,6.190006430015616151e-02
-1.238750000000000018e+00,1.099335564868462178e+00,6.347016843065360625e-01,-2.666281610476455555e+01,6.146474190901687201e-02
-1.237500000000000044e+00,1.098226245428635339e+00,6.340612184293347164e-01,-2.660897281820922800e+01,6.103169274185218235e-02
-1.236250000000000071e+00,1.097116925988808500e+00,6.334207525521333704e-01,-2.655518389135765389e+01,6.060091679866212028e-02
-1.235000000000000098e+00,1.096007606548981661e+00,6.327802866749320243e-01,-2.650144932420981192e+01,6.017241407944665804e-02
-1.233750000000000124e+00,1.094898287109154600e+00,6.321398207977306782e-01,-2.644776911676570563e+01,5.974618458420578176e-02
-1.232499999999999929e+00,1.093788967669327539e+00,6.314993549205292211e-01,-2.639414326902533503e+01,5.932222831293949145e-02
-1.231249999999999956e+00,1.092679648229500700e+00,6.308588890433278751e-01,-2.634057178098872143e+01,5.890054526564789811e-02
-1.229999999999999982e+00,1.091570328789673860e+00,6.302184231661265290e-01,-2.628705465265584706e+01,5.848113544233091848e-02
-1.228750000000000009e+00,1.090461009349847021e+00,6.295779572889251829e-01,-2.623359188402670839e+01,5.806399884298856645e-02
-1.227500000000000036e+00,1.089351689910020182e+00,6.289374914117239479e-01,-2.618018347510131960e+01,5.764913546762085589e-02
-1.226250000000000062e+00,1.088242370470193121e+00,6.282970255345226018e-01,-2.612682942587965940e+01,5.723654531622766189e-02
-1.225000000000000089e+00,1.087133051030366282e+00,6.276565596573212558e-01,-2.607352973636174553e+01,5.682622838880916488e-02
-1.223750000000000115e+00,1.086023731590539443e+00,6.270160937801199097e-01,-2.602028440654757091e+01,5.641818468536528158e-02
-1.222500000000000142e+00,1.084914412150712604e+00,6.263756279029185636e-01,-2.596709343643714263e+01,5.601241420589601200e-02
-1.221249999999999947e+00,1.083805092710885543e+00,6.257351620257171065e-01,-2.591395682603044293e+01,5.560891695040127286e-02
-1.219999999999999973e+00,1.082695773271058703e+00,6.250946961485157605e-01,-2.586087457532749312e+01,5.520769291888125846e-02
-1.218750000000000000e+00,1.081586453831231642e+00,6.244542302713144144e-01,-2.580784668432827900e+01,5.480874211133577451e-02
-1.217500000000000027e+00,1.080477134391404803e+00,6.238137643941130683e-01,-2.575487315303281122e+01,5.441206452776498753e-02
-1.216250000000000053e+00,1.079367814951577964e+00,6.231732985169117223e-01,-2.570195398144108268e+01,5.401766016816880039e-02
-1.215000000000000080e+00,1.078258495511751125e+00,6.225328326397104872e-01,-2.564908916955309692e+01,5.362552903254725473e-02
-1.213750000000000107e+00,1.077149176071924286e+00,6.218923667625091412e-01,-2.559627871736885396e+01,5.323567112090030889e-02
-1.212500000000000133e+00,1.076039856632097225e+00,6.212519008853077951e-01,-2.554352262488833958e+01,5.284808643322792127e-02
-1.211250000000000160e+00,1.074930537192270386e+00,6.206114350081064490e-01,-2.549082089211157864e+01,5.246277496953021674e-02
-1.209999999999999964e+00,1.073821217752443324e+00,6.199709691309049919e-01,-2.543817351903854629e+01,5.207973672980705654e-02
-1.208749999999999991e+00,1.072711898312616485e+00,6.193305032537036459e-01,-2.538558050566926738e+01,5.169897171405857250e-02
-1.207500000000000018e+00,1.071602578872789646e+00,6.186900373765022998e-01,-2.533304185200372771e+01,5.132047992228471606e-02
-1.206250000000000044e+00,1.070493259432962807e+00,6.180495714993009537e-01,-2.528055755804192728e+01,5.094426135448548026e-02
-1.205000000000000071e+00,1.069383939993135746e+00,6.174091056220996077e-01,-2.522812762378386253e+01,5.057031601066080961e-02
-1.203750000000000098e+00,1.068274620553308907e+00,6.167686397448983726e-01,-2.517575204922954057e+01,5.019864389081082900e-02
-1.202500000000000124e+00,1.067165301113482068e+00,6.161281738676970265e-01,-2.512343083437896851e+01,4.982924499493544129e-02
-1.201249999999999929e+00,1.066055981673655007e+00,6.154877079904955695e-01,-2.507116397923211792e+01,4.946211932303460485e-02
-1.199999999999999956e+00,1.064946662233828167e+00,6.148472421132942234e-01,-2.501895148378902789e+01,4.909726687510845844e-02
-1.198749999999999982e+00,1.063837342794001328e+00,6.142067762360928773e-01,-2.496679334804967354e+01,4.873468765115692575e-02
-1.197500000000000009e+00,1.062728023354174267e+00,6.135663103588915313e-01,-2.491468957201405132e+01,4.837438165117995820e-02
-1.196250000000000036e+00,1.061618703914347428e+00,6.129258444816901852e-01,-2.486264015568217900e+01,4.801634887517766681e-02
-1.195000000000000062e+00,1.060509384474520589e+00,6.122853786044888391e-01,-2.481064509905404236e+01,4.766058932314998914e-02
-1.193750000000000089e+00,1.059400065034693750e+00,6.116449127272874930e-01,-2.475870440212965562e+01,4.730710299509693212e-02
-1.192500000000000115e+00,1.058290745594866911e+00,6.110044468500861470e-01,-2.470681806490900101e+01,4.695588989101848881e-02
-1.191250000000000142e+00,1.057181426155040072e+00,6.103639809728849119e-01,-2.465498608739209629e+01,4.660695001091468004e-02
-1.189999999999999947e+00,1.056072106715212788e+00,6.097235150956834548e-01,-2.460320846957890950e+01,4.626028335478535314e-02
-1.188749999999999973e+00,1.054962787275385949e+00,6.090830492184821088e-01,-2.455148521146948326e+01,4.591588992263076485e-02
-1.187500000000000000e+00,1.053853467835559110e+00,6.084425833412807627e-01,-2.449981631306379981e+01,4.557376971445079722e-02
-1.186250000000000027e+00,1.052744148395732271e+00,6.078021174640794166e-01,-2.444820177436185205e+01,4.523392273024544330e-02
-1.185000000000000053e+00,1.051634828955905432e+00,6.071616515868780706e-01,-2.439664159536365062e+01,4.489634897001470309e-02
-1.183750000000000080e+00,1.050525509516078593e+00,6.065211857096767245e-01,-2.434513577606918133e+01,4.456104843375858354e-02
-1.182500000000000107e+00,1.049416190076251532e+00,6.058807198324753784e-01,-2.429368431647845128e+01,4.422802112147703607e-02
-1.181250000000000133e+00,1.048306870636424692e+00,6.052402539552740324e-01,-2.424228721659147112e+01,4.389726703317014395e-02
-1.180000000000000160e+00,1.047197551196597853e+00,6.045997880780726863e-01,-2.419094447640823020e+01,4.356878616883788635e-02
-1.178749999999999964e+00,1.046088231756770792e+00,6.039593222008713402e-01,-2.413965609592872141e+01,4.324257852848018696e-02
-1.177499999999999991e+00,1.044978912316943953e+00,6.033188563236699942e-01,-2.408842207515295897e+01,4.291864411209716373e-02
-1.176250000000000018e+00,1.043869592877116892e+00,6.026783904464686481e-01,-2.403724241408093221e+01,4.259698291968869871e-02
-1.175000000000000044e+00,1.042760273437290053e+00,6.020379245692673020e-01,-2.398611711271265179e+01,4.227759495125490985e-02
-1.173750000000000071e+00,1.041650953997463214e+00,6.013974586920659560e-01,-2.393504617104811771e+01,4.196048020679573470e-02
-1.172500000000000098e+00,1.040541634557636375e+00,6.007569928148646099e-01,-2.388402958908732288e+01,4.164563868631118021e-02
-1.171250000000000124e+00,1.039432315117809535e+00,6.001165269376632638e-01,-2.383306736683026728e+01,4.133307038980123943e-02
-1.169999999999999929e+00,1.038322995677982474e+00,5.994760610604618067e-01,-2.378215950427694381e+01,4.102277531726585685e-02
-1.168749999999999956e+00,1.037213676238155413e+00,5.988355951832604607e-01,-2.373130600142735958e+01,4.071475346870510187e-02
-1.167499999999999982e+00,1.036104356798328574e+00,5.981951293060591146e-01,-2.368050685828152879e+01,4.040900484411901611e-02
-1.166250000000000009e+00,1.034995037358501735e+00,5.975546634288578796e-01,-2.362976207483943369e+01,4.010552944350756488e-02
-1.165000000000000036e+00,1.033885717918674896e+00,5.969141975516565335e-01,-2.357907165110108849e+01,3.980432726687071349e-02
-1.163750000000000062e+00,1.032776398478848057e+00,5.962737316744551874e-01,-2.352843558706647542e+01,3.950539831420848275e-02
-1.162500000000000089e+00,1.031667079039021218e+00,5.956332657972538414e-01,-2.347785388273560514e+01,3.920874258552086572e-02
-1.161250000000000115e+00,1.030557759599194156e+00,5.949927999200524953e-01,-2.342732653810847054e+01,3.891436008080781384e-02
-1.160000000000000142e+00,1.029448440159367317e+00,5.943523340428511492e-01,-2.337685355318507874e+01,3.862225080006943118e-02
-1.158749999999999947e+00,1.028339120719540256e+00,5.937118681656496921e-01,-2.332643492796542972e+01,3.833241474330562060e-02
-1.157499999999999973e+00,1.027229801279713417e+00,5.930714022884483461e-01,-2.327607066244951639e+01,3.804485191051647924e-02
-1.156250000000000000e+00,1.026120481839886578e+00,5.924309364112470000e-01,-2.322576075663735651e+01,3.775956230170195160e-02
-1.155000000000000027e+00,1.025011162400059739e+00,5.917904705340456539e-01,-2.317550521052893231e+01,3.747654591686203768e-02
-1.153750000000000053e+00,1.023901842960232678e+00,5.911500046568444189e-01,-2.312530402412424380e+01,3.719580275599671665e-02
-1.152500000000000080e+00,1.022792523520405839e+00,5.905095387796430728e-01,-2.307515719742330162e+01,3.691733281910603709e-02
-1.151250000000000107e+00,1.021683204080578999e+00,5.898690729024417267e-01,-2.302506473042609514e+01,3.664113610618998512e-02
-1.150000000000000133e+00,1.020573884640752160e+00,5.892286070252403807e-01,-2.297502662313263855e+01,3.636721261724854687e-02
-1.148750000000000160e+00,1.019464565200925321e+00,5.885881411480390346e-01,-2.292504287554291409e+01,3.609556235228172233e-02
-1.147499999999999964e+00,1.018355245761098260e+00,5.879476752708375775e-01,-2.287511348765692887e+01,3.582618531128946987e-02
-1.146249999999999991e+00,1.017245926321271199e+00,5.873072093936362315e-01,-2.282523845947468288e+01,3.555908149427184500e-02
-1.145000000000000018e+00,1.016136606881444360e+00,5.866667435164348854e-01,-2.277541779099618324e+01,3.529425090122887548e-02
-1.143750000000000044e+00,1.015027287441617521e+00,5.860262776392335393e-01,-2.272565148222142994e+01,3.503169353216052662e-02
-1.142500000000000071e+00,1.013917968001790681e+00,5.853858117620321933e-01,-2.267593953315041233e+01,3.477140938706679840e-02
-1.141250000000000098e+00,1.012808648561963842e+00,5.847453458848309582e-01,-2.262628194378314106e+01,3.451339846594769084e-02
-1.140000000000000124e+00,1.011699329122136781e+00,5.841048800076296121e-01,-2.257667871411959837e+01,3.425766076880315536e-02
-1.138749999999999929e+00,1.010590009682309720e+00,5.834644141304281550e-01,-2.252712984415979491e+01,3.400419629563323359e-02
-1.137499999999999956e+00,1.009480690242482881e+00,5.828239482532268090e-01,-2.247763533390374135e+01,3.375300504643796717e-02
-1.136249999999999982e+00,1.008371370802656042e+00,5.821834823760254629e-01,-2.242819518335143414e+01,3.350408702121732835e-02
-1.135000000000000009e+00,1.007262051362829203e+00,5.815430164988241168e-01,-2.237880939250286616e+01,3.325744221997130323e-02
-1.133750000000000036e+00,1.006152731923002364e+00,5.809025506216227708e-01,-2.232947796135803031e+01,3.301307064269989183e-02
-1.132500000000000062e+00,1.005043412483175302e+00,5.802620847444214247e-01,-2.228020088991693370e+01,3.277097228940305945e-02
-1.131250000000000089e+00,1.003934093043348463e+00,5.796216188672200786e-01,-2.223097817817959054e+01,3.253114716008088936e-02
-1.130000000000000115e+00,1.002824773603521624e+00,5.789811529900187326e-01,-2.218180982614598307e+01,3.229359525473333298e-02
-1.128750000000000142e+00,1.001715454163694785e+00,5.783406871128174975e-01,-2.213269583381611483e+01,3.205831657336041113e-02
-1.127499999999999947e+00,1.000606134723867724e+00,5.777002212356160404e-01,-2.208363620118997872e+01,3.182531111596204748e-02
-1.126249999999999973e+00,9.994968152840407738e-01,5.770597553584146944e-01,-2.203463092826759606e+01,3.159457888253833224e-02
-1.125000000000000000e+00,9.983874958442139347e-01,5.764192894812133483e-01,-2.198568001504895264e+01,3.136611987308924460e-02
-1.123750000000000027e+00,9.972781764043869845e-01,5.757788236040120022e-01,-2.193678346153404135e+01,3.113993408761476372e-02
-1.122500000000000053e+00,9.961688569645601454e-01,5.751383577268106562e-01,-2.188794126772288351e+01,3.091602152611491044e-02
-1.121250000000000080e+00,9.950595375247333063e-01,5.744978918496093101e-01,-2.183915343361546135e+01,3.069438218858968476e-02
-1.120000000000000107e+00,9.939502180849063562e-01,5.738574259724079640e-01,-2.179041995921177488e+01,3.047501607503905890e-02
-1.118750000000000133e+00,9.928408986450795171e-01,5.732169600952066180e-01,-2.174174084451183475e+01,3.025792318546306064e-02
-1.117500000000000160e+00,9.917315792052526779e-01,5.725764942180053829e-01,-2.169311608951564097e+01,3.004310351986168998e-02
-1.116249999999999964e+00,9.906222597654255058e-01,5.719360283408039258e-01,-2.164454569422317221e+01,2.983055707823487751e-02
-1.114999999999999991e+00,9.895129403255986666e-01,5.712955624636025798e-01,-2.159602965863445334e+01,2.962028386058273427e-02
-1.113750000000000018e+00,9.884036208857718275e-01,5.706550965864012337e-01,-2.154756798274947727e+01,2.941228386690521168e-02
-1.112500000000000044e+00,9.872943014459448774e-01,5.700146307091998876e-01,-2.149916066656823688e+01,2.920655709720228893e-02
-1.111250000000000071e+00,9.861849820061180383e-01,5.693741648319985416e-01,-2.145080771009074283e+01,2.900310355147400071e-02
-1.110000000000000098e+00,9.850756625662910881e-01,5.687336989547971955e-01,-2.140250911331698447e+01,2.880192322972031232e-02
-1.108750000000000124e+00,9.839663431264642490e-01,5.680932330775958494e-01,-2.135426487624697600e+01,2.860301613194125847e-02
-1.107499999999999929e+00,9.828570236866371879e-01,5.674527672003943923e-01,-2.130607499888069611e+01,2.840638225813679058e-02
-1.106249999999999956e+00,9.817477042468103487e-01,5.668123013231930463e-01,-2.125793948121816257e+01,2.821202160830697109e-02
-1.104999999999999982e+00,9.806383848069833986e-01,5.661718354459917002e-01,-2.120985832325937182e+01,2.801993418245175838e-02
-1.103750000000000009e+00,9.795290653671565595e-01,5.655313695687904652e-01,-2.116183152500432385e+01,2.783011998057118019e-02
-1.102500000000000036e+00,9.784197459273296094e-01,5.648909036915891191e-01,-2.111385908645301157e+01,2.764257900266520185e-02
-1.101250000000000062e+00,9.773104264875027702e-01,5.642504378143877730e-01,-2.106594100760544563e+01,2.745731124873385803e-02
-1.100000000000000089e+00,9.762011070476759311e-01,5.636099719371864269e-01,-2.101807728846161538e+01,2.727431671877712793e-02
-1.098750000000000115e+00,9.750917876078489810e-01,5.629695060599850809e-01,-2.097026792902152792e+01,2.709359541279500461e-02
-1.097500000000000142e+00,9.739824681680221419e-01,5.623290401827837348e-01,-2.092251292928518325e+01,2.691514733078751581e-02
-1.096249999999999947e+00,9.728731487281950807e-01,5.616885743055822777e-01,-2.087481228925257071e+01,2.673897247275460604e-02
-1.094999999999999973e+00,9.717638292883681306e-01,5.610481084283809317e-01,-2.082716600892370451e+01,2.656507083869633079e-02
-1.093750000000000000e+00,9.706545098485412915e-01,5.604076425511795856e-01,-2.077957408829858466e+01,2.639344242861269701e-02
-1.092500000000000027e+00,9.695451904087144523e-01,5.597671766739783505e-01,-2.073203652737720404e+01,2.622408724250367695e-02
-1.091250000000000053e+00,9.684358709688875022e-01,5.591267107967770045e-01,-2.068455332615955555e+01,2.605700528036925673e-02
-1.090000000000000080e+00,9.673265515290606631e-01,5.584862449195756584e-01,-2.063712448464566052e+01,2.589219654220947103e-02
-1.088750000000000107e+00,9.662172320892338240e-01,5.578457790423743123e-01,-2.058975000283549761e+01,2.572966102802430599e-02
-1.087500000000000133e+00,9.651079126494068738e-01,5.572053131651729663e-01,-2.054242988072907750e+01,2.556939873781374079e-02
-1.086250000000000160e+00,9.639985932095800347e-01,5.565648472879716202e-01,-2.049516411832640017e+01,2.541140967157781011e-02
-1.084999999999999964e+00,9.628892737697529736e-01,5.559243814107701631e-01,-2.044795271562745853e+01,2.525569382931645845e-02
-1.083749999999999991e+00,9.617799543299260234e-01,5.552839155335688170e-01,-2.040079567263225968e+01,2.510225121102975521e-02
-1.082500000000000018e+00,9.606706348900991843e-01,5.546434496563674710e-01,-2.035369298934080362e+01,2.495108181671767261e-02
-1.081250000000000044e+00,9.595613154502723452e-01,5.540029837791661249e-01,-2.030664466575309035e+01,2.480218564638021067e-02
-1.080000000000000071e+00,9.584519960104453951e-01,5.533625179019648899e-01,-2.025965070186911277e+01,2.465556270001736244e-02
-1.078750000000000098e+00,9.573426765706185559e-01,5.527220520247635438e-01,-2.021271109768888152e+01,2.451121297762913487e-02
-1.077500000000000124e+00,9.562333571307916058e-01,5.520815861475621977e-01,-2.016582585321238597e+01,2.436913647921551407e-02
-1.076249999999999929e+00,9.551240376909645446e-01,5.514411202703607406e-01,-2.011899496843962609e+01,2.422933320477649310e-02
-1.074999999999999956e+00,9.540147182511377055e-01,5.508006543931593946e-01,-2.007221844337061967e+01,2.409180315431212055e-02
-1.073749999999999982e+00,9.529053988113108664e-01,5.501601885159580485e-01,-2.002549627800534893e+01,2.395654632782236171e-02
-1.072500000000000009e+00,9.517960793714839163e-01,5.495197226387567024e-01,-1.997882847234382098e+01,2.382356272530721658e-02
-1.071250000000000036e+00,9.506867599316570772e-01,5.488792567615553564e-01,-1.993221502638603226e+01,2.369285234676669905e-02
-1.070000000000000062e+00,9.495774404918301270e-01,5.482387908843540103e-01,-1.988565594013198279e+01,2.356441519220078135e-02
-1.068750000000000089e+00,9.484681210520032879e-01,5.475983250071526642e-01,-1.983915121358167610e+01,2.343825126160949818e-02
-1.067500000000000115e+00,9.473588016121764488e-01,5.469578591299514292e-01,-1.979270084673511576e+01,2.331436055499283566e-02
-1.066250000000000142e+00,9.462494821723494987e-01,5.463173932527500831e-01,-1.974630483959229110e+01,2.319274307235077992e-02
-1.064999999999999947e+00,9.451401627325224375e-01,5.456769273755486260e-01,-1.969996319215319502e+01,2.307339881368332402e-02
-1.063749999999999973e+00,9.440308432926955984e-01,5.450364614983472800e-01,-1.965367590441785595e+01,2.295632777899050958e-02
-1.062500000000000000e+00,9.429215238528686482e-01,5.443959956211459339e-01,-1.960744297638625255e+01,2.284152996827230192e-02
-1.061250000000000027e+00,9.418122044130418091e-01,5.437555297439445878e-01,-1.956126440805839195e+01,2.272900538152872879e-02
-1.060000000000000053e+00,9.407028849732149700e-01,5.431150638667432418e-01,-1.951514019943427414e+01,2.261875401875976938e-02
-1.058750000000000080e+00,9.395935655333880199e-01,5.424745979895418957e-01,-1.946907035051389201e+01,2.251077587996541673e-02
-1.057500000000000107e+00,9.384842460935611808e-01,5.418341321123405496e-01,-1.942305486129725267e+01,2.240507096514569169e-02
-1.056250000000000133e+00,9.373749266537343416e-01,5.411936662351392036e-01,-1.937709373178435968e+01,2.230163927430058035e-02
-1.055000000000000160e+00,9.362656072139073915e-01,5.405532003579379685e-01,-1.933118696197519881e+01,2.220048080743008967e-02
-1.053749999999999964e+00,9.351562877740803303e-01,5.399127344807365114e-01,-1.928533455186978074e+01,2.210159556453419882e-02
-1.052499999999999991e+00,9.340469683342534912e-01,5.392722686035351654e-01,-1.923953650146810190e+01,2.200498354561294251e-02
-1.051250000000000018e+00,9.329376488944265411e-01,5.386318027263338193e-01,-1.919379281077016586e+01,2.191064475066629991e-02
-1.050000000000000044e+00,9.318283294545997020e-01,5.379913368491324732e-01,-1.914810347977597615e+01,2.181857917969427796e-02
-1.048750000000000071e+00,9.307190100147727518e-01,5.373508709719311272e-01,-1.910246850848551858e+01,2.172878683269686972e-02
-1.047500000000000098e+00,9.296096905749459127e-01,5.367104050947297811e-01,-1.905688789689881091e+01,2.164126770967408908e-02
-1.046250000000000124e+00,9.285003711351190736e-01,5.360699392175284350e-01,-1.901136164501584247e+01,2.155602181062592215e-02
-1.044999999999999929e+00,9.273910516952920124e-01,5.354294733403269779e-01,-1.896588975283660616e+01,2.147304913555236200e-02
-1.043750000000000178e+00,9.262817322554652844e-01,5.347890074631257429e-01,-1.892047222036112331e+01,2.139234968445343638e-02
-1.042499999999999982e+00,9.251724128156382232e-01,5.341485415859243968e-01,-1.887510904758936903e+01,2.131392345732911753e-02
-1.041250000000000009e+00,9.240630933758112731e-01,5.335080757087230507e-01,-1.882980023452135754e+01,2.123777045417941933e-02
-1.040000000000000036e+00,9.229537739359844339e-01,5.328676098315217047e-01,-1.878454578115709239e+01,2.116389067500434179e-02
-1.038750000000000062e+00,9.218444544961575948e-01,5.322271439543203586e-01,-1.873934568749657004e+01,2.109228411980387796e-02
-1.037500000000000089e+00,9.207351350563306447e-01,5.315866780771190125e-01,-1.869419995353978337e+01,2.102295078857803479e-02
-1.036250000000000115e+00,9.196258156165038056e-01,5.309462121999176665e-01,-1.864910857928673948e+01,2.095589068132681226e-02
-1.035000000000000142e+00,9.185164961766769665e-01,5.303057463227163204e-01,-1.860407156473743839e+01,2.089110379805020346e-02
-1.033749999999999947e+00,9.174071767368497943e-01,5.296652804455148633e-01,-1.855908890989186588e+01,2.082859013874820142e-02
-1.032499999999999973e+00,9.162978572970229552e-01,5.290248145683135172e-01,-1.851416061475004327e+01,2.076834970342082698e-02
-1.031250000000000000e+00,9.151885378571961160e-01,5.283843486911121712e-01,-1.846928667931196344e+01,2.071038249206807319e-02
-1.030000000000000027e+00,9.140792184173691659e-01,5.277438828139109361e-01,-1.842446710357762285e+01,2.065468850468994005e-02
-1.028750000000000053e+00,9.129698989775423268e-01,5.271034169367095901e-01,-1.837970188754702505e+01,2.060126774128642063e-02
-1.027500000000000080e+00,9.118605795377154877e-01,5.264629510595082440e-01,-1.833499103122017004e+01,2.055012020185752186e-02
-1.026250000000000107e+00,9.107512600978885375e-01,5.258224851823068979e-01,-1.829033453459705072e+01,2.050124588640323681e-02
-1.024999999999999911e+00,9.096419406580614764e-01,5.251820193051054408e-01,-1.824573239767766708e+01,2.045464479492356547e-02
-1.023750000000000160e+00,9.085326212182347483e-01,5.245415534279042058e-01,-1.820118462046204044e+01,2.041031692741852172e-02
-1.022499999999999964e+00,9.074233017784076871e-01,5.239010875507027487e-01,-1.815669120295013883e+01,2.036826228388808474e-02
-1.021249999999999991e+00,9.063139823385808480e-01,5.232606216735014026e-01,-1.811225214514198356e+01,2.032848086433227536e-02
-1.020000000000000018e+00,9.052046628987540089e-01,5.226201557963000566e-01,-1.806786744703757108e+01,2.029097266875108663e-02
-1.018750000000000044e+00,9.040953434589270588e-01,5.219796899190987105e-01,-1.802353710863690139e+01,2.025573769714450467e-02
-1.017500000000000071e+00,9.029860240191002196e-01,5.213392240418974755e-01,-1.797926112993997094e+01,2.022277594951255031e-02
-1.016250000000000098e+00,9.018767045792732695e-01,5.206987581646961294e-01,-1.793503951094677618e+01,2.019208742585520966e-02
-1.015000000000000124e+00,9.007673851394464304e-01,5.200582922874947833e-01,-1.789087225165733130e+01,2.016367212617248966e-02
-1.013749999999999929e+00,8.996580656996193692e-01,5.194178264102933262e-01,-1.784675935207161857e+01,2.013753005046437644e-02
-1.012499999999999956e+00,8.985487462597925301e-01,5.187773605330919802e-01,-1.780270081218964862e+01,2.011366119873089081e-02
-1.011249999999999982e+00,8.974394268199655800e-01,5.181368946558906341e-01,-1.775869663201142146e+01,2.009206557097201890e-02
-1.010000000000000009e+00,8.963301073801387409e-01,5.174964287786892880e-01,-1.771474681153694064e+01,2.007274316718776763e-02
-1.008750000000000036e+00,8.952207879403117907e-01,5.168559629014879420e-01,-1.767085135076618485e+01,2.005569398737813702e-02
-1.007500000000000062e+00,8.941114685004849516e-01,5.162154970242865959e-01,-1.762701024969918606e+01,2.004091803154312013e-02
-1.006250000000000089e+00,8.930021490606581125e-01,5.155750311470853608e-01,-1.758322350833592296e+01,2.002841529968272388e-02
-1.005000000000000115e+00,8.918928296208311624e-01,5.149345652698840148e-01,-1.753949112667639909e+01,2.001818579179694135e-02
-1.003750000000000142e+00,8.907835101810043232e-01,5.142940993926826687e-01,-1.749581310472062512e+01,2.001022950788577948e-02
-1.002499999999999947e+00,8.896741907411772621e-01,5.136536335154812116e-01,-1.745218944246857262e+01,2.000454644794923131e-02
-1.001249999999999973e+00,8.885648713013503119e-01,5.130131676382798656e-01,-1.740862013992026647e+01,2.000113661198731074e-02
-1.000000000000000000e+00,8.874555518615234728e-01,5.123727017610785195e-01,-1.736510519707571731e+01,1.999999999999999695e-02
-9.987500000000000266e-01,8.863462324216966337e-01,5.117322358838771734e-01,-1.732164461393489674e+01,2.000113661198731074e-02
-9.975000000000000533e-01,8.852369129818696836e-01,5.110917700066758274e-01,-1.727823839049781895e+01,2.000454644794923131e-02
-9.962500000000000799e-01,8.841275935420428445e-01,5.104513041294744813e-01,-1.723488652676448041e+01,2.001022950788577948e-02
-9.950000000000001066e-01,8.830182741022160053e-01,5.098108382522731352e-01,-1.719158902273488465e+01,2.001818579179694135e-02
-9.937500000000000222e-01,8.819089546623889442e-01,5.091703723750717892e-01,-1.714834587840902813e+01,2.002841529968272388e-02
-9.925000000000000488e-01,8.807996352225621051e-01,5.085299064978704431e-01,-1.710515709378691440e+01,2.004091803154312013e-02
-9.912499999999999645e-01,8.796903157827351549e-01,5.078894406206690970e-01,-1.706202266886853991e+01,2.005569398737813702e-02
-9.899999999999999911e-01,8.785809963429082048e-01,5.072489747434677509e-01,-1.701894260365390465e+01,2.007274316718776763e-02
-9.887500000000000178e-01,8.774716769030813657e-01,5.066085088662664049e-01,-1.697591689814301574e+01,2.009206557097201890e-02
-9.875000000000000444e-01,8.763623574632544155e-01,5.059680429890650588e-01,-1.693294555233586252e+01,2.011366119873089081e-02
-9.862500000000000711e-01,8.752530380234275764e-01,5.053275771118637127e-01,-1.689002856623245563e+01,2.013753005046437644e-02
-9.850000000000000977e-01,8.741437185836007373e-01,5.046871112346623667e-01,-1.684716593983278798e+01,2.016367212617248272e-02
-9.837500000000000133e-01,8.730343991437736761e-01,5.040466453574610206e-01,-1.680435767313685247e+01,2.019208742585520966e-02
-9.825000000000000400e-01,8.719250797039468370e-01,5.034061794802596745e-01,-1.676160376614466685e+01,2.022277594951255031e-02
-9.812499999999999556e-01,8.708157602641198869e-01,5.027657136030583285e-01,-1.671890421885622047e+01,2.025573769714450467e-02
-9.799999999999999822e-01,8.697064408242929368e-01,5.021252477258569824e-01,-1.667625903127151332e+01,2.029097266875108663e-02
-9.787500000000000089e-01,8.685971213844660976e-01,5.014847818486556363e-01,-1.663366820339054897e+01,2.032848086433227536e-02
-9.775000000000000355e-01,8.674878019446392585e-01,5.008443159714542903e-01,-1.659113173521333096e+01,2.036826228388808474e-02
-9.762500000000000622e-01,8.663784825048123084e-01,5.002038500942529442e-01,-1.654864962673984508e+01,2.041031692741852172e-02
-9.750000000000000888e-01,8.652691630649854693e-01,4.995633842170515981e-01,-1.650622187797010199e+01,2.045464479492356547e-02
-9.737500000000001155e-01,8.641598436251586302e-01,4.989229183398502521e-01,-1.646384848890410524e+01,2.050124588640322987e-02
-9.725000000000000311e-01,8.630505241853315690e-01,4.982824524626488505e-01,-1.642152945954183707e+01,2.055012020185752186e-02
-9.712500000000000577e-01,8.619412047455047299e-01,4.976419865854475599e-01,-1.637926478988331880e+01,2.060126774128641369e-02
-9.699999999999999734e-01,8.608318853056777797e-01,4.970015207082461584e-01,-1.633705447992853976e+01,2.065468850468994005e-02
-9.687500000000000000e-01,8.597225658658508296e-01,4.963610548310448123e-01,-1.629489852967749997e+01,2.071038249206808013e-02
-9.675000000000000266e-01,8.586132464260239905e-01,4.957205889538434662e-01,-1.625279693913020296e+01,2.076834970342083392e-02
-9.662500000000000533e-01,8.575039269861971514e-01,4.950801230766421202e-01,-1.621074970828665229e+01,2.082859013874820142e-02
-9.650000000000000799e-01,8.563946075463702012e-01,4.944396571994408296e-01,-1.616875683714683376e+01,2.089110379805018958e-02
-9.637500000000001066e-01,8.552852881065433621e-01,4.937991913222394835e-01,-1.612681832571076157e+01,2.095589068132679839e-02
-9.625000000000000222e-01,8.541759686667164120e-01,4.931587254450380819e-01,-1.608493417397842506e+01,2.102295078857802785e-02
-9.612500000000000488e-01,8.530666492268894618e-01,4.925182595678367359e-01,-1.604310438194982780e+01,2.109228411980387102e-02
-9.599999999999999645e-01,8.519573297870625117e-01,4.918777936906353343e-01,-1.600132894962497332e+01,2.116389067500434179e-02
-9.587499999999999911e-01,8.508480103472356726e-01,4.912373278134340437e-01,-1.595960787700386518e+01,2.123777045417941239e-02
-9.575000000000000178e-01,8.497386909074087225e-01,4.905968619362326977e-01,-1.591794116408649096e+01,2.131392345732911059e-02
-9.562500000000000444e-01,8.486293714675818833e-01,4.899563960590313516e-01,-1.587632881087286663e+01,2.139234968445342250e-02
-9.550000000000000711e-01,8.475200520277549332e-01,4.893159301818300055e-01,-1.583477081736297443e+01,2.147304913555236200e-02
-9.537500000000000977e-01,8.464107325879280941e-01,4.886754643046287150e-01,-1.579326718355682857e+01,2.155602181062590827e-02
-9.525000000000000133e-01,8.453014131481011439e-01,4.880349984274273134e-01,-1.575181790945442017e+01,2.164126770967408214e-02
-9.512500000000000400e-01,8.441920937082741938e-01,4.873945325502259673e-01,-1.571042299505575279e+01,2.172878683269686972e-02
-9.499999999999999556e-01,8.430827742684472437e-01,4.867540666730245658e-01,-1.566908244036082642e+01,2.181857917969427796e-02
-9.487499999999999822e-01,8.419734548286204046e-01,4.861136007958232197e-01,-1.562779624536964285e+01,2.191064475066629991e-02
-9.475000000000000089e-01,8.408641353887934544e-01,4.854731349186219291e-01,-1.558656441008219851e+01,2.200498354561294251e-02
-9.462500000000000355e-01,8.397548159489666153e-01,4.848326690414205831e-01,-1.554538693449849873e+01,2.210159556453419188e-02
-9.450000000000000622e-01,8.386454965091397762e-01,4.841922031642192370e-01,-1.550426381861853820e+01,2.220048080743006885e-02
-9.437500000000000888e-01,8.375361770693128260e-01,4.835517372870178909e-01,-1.546319506244231690e+01,2.230163927430056647e-02
-9.425000000000001155e-01,8.364268576294859869e-01,4.829112714098165449e-01,-1.542218066596983839e+01,2.240507096514567087e-02
-9.412500000000000311e-01,8.353175381896590368e-01,4.822708055326151988e-01,-1.538122062920109734e+01,2.251077587996540286e-02
-9.400000000000000577e-01,8.342082187498320867e-01,4.816303396554138527e-01,-1.534031495213609908e+01,2.261875401875975550e-02
-9.387499999999999734e-01,8.330988993100051365e-01,4.809898737782124511e-01,-1.529946363477483828e+01,2.272900538152872879e-02
-9.375000000000000000e-01,8.319895798701782974e-01,4.803494079010111051e-01,-1.525866667711732383e+01,2.284152996827230192e-02
-9.362500000000000266e-01,8.308802604303513473e-01,4.797089420238097590e-01,-1.521792407916354684e+01,2.295632777899050958e-02
-9.350000000000000533e-01,8.297709409905245082e-01,4.790684761466084685e-01,-1.517723584091351441e+01,2.307339881368332402e-02
-9.337500000000000799e-01,8.286616215506976690e-01,4.784280102694071224e-01,-1.513660196236722300e+01,2.319274307235075216e-02
-9.325000000000001066e-01,8.275523021108707189e-01,4.777875443922057763e-01,-1.509602244352466549e+01,2.331436055499280791e-02
-9.312500000000000222e-01,8.264429826710437688e-01,4.771470785150043747e-01,-1.505549728438585255e+01,2.343825126160949124e-02
-9.300000000000000488e-01,8.253336632312168186e-01,4.765066126378030287e-01,-1.501502648495078240e+01,2.356441519220078135e-02
-9.287499999999999645e-01,8.242243437913898685e-01,4.758661467606016826e-01,-1.497461004521944794e+01,2.369285234676669905e-02
-9.274999999999999911e-01,8.231150243515630294e-01,4.752256808834003365e-01,-1.493424796519185982e+01,2.382356272530721658e-02
-9.262500000000000178e-01,8.220057049117360792e-01,4.745852150061989905e-01,-1.489394024486800916e+01,2.395654632782236171e-02
-9.250000000000000444e-01,8.208963854719092401e-01,4.739447491289976444e-01,-1.485368688424790307e+01,2.409180315431212055e-02
-9.237500000000000711e-01,8.197870660320824010e-01,4.733042832517962983e-01,-1.481348788333153976e+01,2.422933320477649310e-02
-9.225000000000000977e-01,8.186777465922554509e-01,4.726638173745950078e-01,-1.477334324211891570e+01,2.436913647921549325e-02
-9.212500000000000133e-01,8.175684271524285007e-01,4.720233514973936062e-01,-1.473325296061002554e+01,2.451121297762911405e-02
-9.200000000000000400e-01,8.164591077126016616e-01,4.713828856201922601e-01,-1.469321703880488350e+01,2.465556270001734163e-02
-9.187499999999999556e-01,8.153497882727746005e-01,4.707424197429908586e-01,-1.465323547670347359e+01,2.480218564638021067e-02
-9.174999999999999822e-01,8.142404688329477613e-01,4.701019538657895125e-01,-1.461330827430581181e+01,2.495108181671767261e-02
-9.162500000000000089e-01,8.131311493931209222e-01,4.694614879885882219e-01,-1.457343543161189281e+01,2.510225121102975521e-02
-9.150000000000000355e-01,8.120218299532939721e-01,4.688210221113868759e-01,-1.453361694862171305e+01,2.525569382931645845e-02
-9.137500000000000622e-01,8.109125105134671330e-01,4.681805562341855298e-01,-1.449385282533527075e+01,2.541140967157777542e-02
-9.125000000000000888e-01,8.098031910736402939e-01,4.675400903569841837e-01,-1.445414306175257479e+01,2.556939873781371303e-02
-9.112500000000001155e-01,8.086938716338133437e-01,4.668996244797828377e-01,-1.441448765787361452e+01,2.572966102802427130e-02
-9.100000000000000311e-01,8.075845521939863936e-01,4.662591586025814916e-01,-1.437488661369839704e+01,2.589219654220945716e-02
-9.087500000000000577e-01,8.064752327541595545e-01,4.656186927253801455e-01,-1.433533992922692057e+01,2.605700528036923591e-02
-9.074999999999999734e-01,8.053659133143324933e-01,4.649782268481787439e-01,-1.429584760445918157e+01,2.622408724250367001e-02
-9.062500000000000000e-01,8.042565938745056542e-01,4.643377609709773979e-01,-1.425640963939518713e+01,2.639344242861269701e-02
-9.050000000000000266e-01,8.031472744346788151e-01,4.636972950937760518e-01,-1.421702603403493548e+01,2.656507083869633773e-02
-9.037500000000000533e-01,8.020379549948518649e-01,4.630568292165747613e-01,-1.417769678837842129e+01,2.673897247275460604e-02
-9.025000000000000799e-01,8.009286355550250258e-01,4.624163633393734152e-01,-1.413842190242564989e+01,2.691514733078747418e-02
-9.012500000000001066e-01,7.998193161151980757e-01,4.617758974621720691e-01,-1.409920137617661773e+01,2.709359541279498379e-02
-9.000000000000000222e-01,7.987099966753711255e-01,4.611354315849706675e-01,-1.406003520963132303e+01,2.727431671877711405e-02
-8.987500000000000488e-01,7.976006772355442864e-01,4.604949657077693215e-01,-1.402092340278977645e+01,2.745731124873383722e-02
-8.974999999999999645e-01,7.964913577957173363e-01,4.598544998305679754e-01,-1.398186595565196555e+01,2.764257900266520185e-02
-8.962499999999999911e-01,7.953820383558903861e-01,4.592140339533666293e-01,-1.394286286821789744e+01,2.783011998057117325e-02
-8.950000000000000178e-01,7.942727189160635470e-01,4.585735680761652833e-01,-1.390391414048757035e+01,2.801993418245176531e-02
-8.937500000000000444e-01,7.931633994762365969e-01,4.579331021989639372e-01,-1.386501977246098249e+01,2.821202160830697803e-02
-8.925000000000000711e-01,7.920540800364097578e-01,4.572926363217625911e-01,-1.382617976413814098e+01,2.840638225813679058e-02
-8.912500000000000977e-01,7.909447605965829187e-01,4.566521704445613006e-01,-1.378739411551903871e+01,2.860301613194122378e-02
-8.900000000000000133e-01,7.898354411567558575e-01,4.560117045673598990e-01,-1.374866282660366856e+01,2.880192322972031232e-02
-8.887500000000000400e-01,7.887261217169290184e-01,4.553712386901585529e-01,-1.370998589739204832e+01,2.900310355147397989e-02
-8.874999999999999556e-01,7.876168022771020683e-01,4.547307728129571514e-01,-1.367136332788416375e+01,2.920655709720228893e-02
-8.862499999999999822e-01,7.865074828372751181e-01,4.540903069357558053e-01,-1.363279511808002020e+01,2.941228386690521168e-02
-8.850000000000000089e-01,7.853981633974482790e-01,4.534498410585545147e-01,-1.359428126797962122e+01,2.962028386058272733e-02
-8.837500000000000355e-01,7.842888439576214399e-01,4.528093751813531687e-01,-1.355582177758296503e+01,2.983055707823487057e-02
-8.825000000000000622e-01,7.831795245177944897e-01,4.521689093041518226e-01,-1.351741664689004452e+01,3.004310351986164834e-02
-8.812500000000000888e-01,7.820702050779676506e-01,4.515284434269504765e-01,-1.347906587590086858e+01,3.025792318546301901e-02
-8.800000000000001155e-01,7.809608856381408115e-01,4.508879775497491305e-01,-1.344076946461543365e+01,3.047501607503901727e-02
-8.787500000000000311e-01,7.798515661983137504e-01,4.502475116725477844e-01,-1.340252741303373263e+01,3.069438218858966394e-02
-8.775000000000000577e-01,7.787422467584869112e-01,4.496070457953464383e-01,-1.336433972115577973e+01,3.091602152611489657e-02
-8.762499999999999734e-01,7.776329273186599611e-01,4.489665799181450367e-01,-1.332620638898156429e+01,3.113993408761476372e-02
-8.750000000000000000e-01,7.765236078788330110e-01,4.483261140409436907e-01,-1.328812741651108986e+01,3.136611987308924460e-02
-8.737500000000000266e-01,7.754142884390061718e-01,4.476856481637423446e-01,-1.325010280374436000e+01,3.159457888253833224e-02
-8.725000000000000533e-01,7.743049689991793327e-01,4.470451822865410541e-01,-1.321213255068136938e+01,3.182531111596201973e-02
-8.712500000000000799e-01,7.731956495593523826e-01,4.464047164093397080e-01,-1.317421665732211622e+01,3.205831657336035562e-02
-8.700000000000001066e-01,7.720863301195255435e-01,4.457642505321383619e-01,-1.313635512366660762e+01,3.229359525473329828e-02
-8.687500000000000222e-01,7.709770106796984823e-01,4.451237846549369603e-01,-1.309854794971483471e+01,3.253114716008088936e-02
-8.675000000000000488e-01,7.698676912398716432e-01,4.444833187777356143e-01,-1.306079513546680815e+01,3.277097228940305945e-02
-8.662499999999999645e-01,7.687583718000446931e-01,4.438428529005342682e-01,-1.302309668092251727e+01,3.301307064269987102e-02
-8.649999999999999911e-01,7.676490523602177429e-01,4.432023870233329221e-01,-1.298545258608197095e+01,3.325744221997130323e-02
-8.637500000000000178e-01,7.665397329203909038e-01,4.425619211461315761e-01,-1.294786285094516565e+01,3.350408702121732835e-02
-8.625000000000000444e-01,7.654304134805640647e-01,4.419214552689302300e-01,-1.291032747551210313e+01,3.375300504643796717e-02
-8.612500000000000711e-01,7.643210940407371146e-01,4.412809893917288839e-01,-1.287284645978277808e+01,3.400419629563324747e-02
-8.600000000000000977e-01,7.632117746009102754e-01,4.406405235145275934e-01,-1.283541980375719582e+01,3.425766076880312067e-02
-8.587500000000000133e-01,7.621024551610833253e-01,4.400000576373261918e-01,-1.279804750743535458e+01,3.451339846594763533e-02
-8.575000000000000400e-01,7.609931357212563752e-01,4.393595917601248457e-01,-1.276072957081725079e+01,3.477140938706677759e-02
-8.562499999999999556e-01,7.598838162814294250e-01,4.387191258829234441e-01,-1.272346599390288802e+01,3.503169353216053356e-02
-8.549999999999999822e-01,7.587744968416025859e-01,4.380786600057220981e-01,-1.268625677669226981e+01,3.529425090122888936e-02
-8.537500000000000089e-01,7.576651774017756358e-01,4.374381941285208075e-01,-1.264910191918539084e+01,3.555908149427186582e-02
-8.525000000000000355e-01,7.565558579619487967e-01,4.367977282513194615e-01,-1.261200142138225466e+01,3.582618531128944905e-02
-8.512500000000000622e-01,7.554465385221219575e-01,4.361572623741181154e-01,-1.257495528328285950e+01,3.609556235228165294e-02
-8.500000000000000888e-01,7.543372190822950074e-01,4.355167964969167693e-01,-1.253796350488720179e+01,3.636721261724849136e-02
-8.487500000000001155e-01,7.532278996424681683e-01,4.348763306197154788e-01,-1.250102608619528688e+01,3.664113610618992961e-02
-8.475000000000000311e-01,7.521185802026412182e-01,4.342358647425140772e-01,-1.246414302720711298e+01,3.691733281910600240e-02
-8.462500000000000577e-01,7.510092607628142680e-01,4.335953988653127311e-01,-1.242731432792267832e+01,3.719580275599670277e-02
-8.449999999999999734e-01,7.498999413229873179e-01,4.329549329881113295e-01,-1.239053998834198289e+01,3.747654591686202380e-02
-8.437500000000000000e-01,7.487906218831604788e-01,4.323144671109099835e-01,-1.235382000846503381e+01,3.775956230170193079e-02
-8.425000000000000266e-01,7.476813024433335286e-01,4.316740012337086929e-01,-1.231715438829182041e+01,3.804485191051647924e-02
-8.412500000000000533e-01,7.465719830035066895e-01,4.310335353565073468e-01,-1.228054312782234980e+01,3.833241474330562060e-02
-8.400000000000000799e-01,7.454626635636797394e-01,4.303930694793060008e-01,-1.224398622705662198e+01,3.862225080006940342e-02
-8.387500000000001066e-01,7.443533441238529003e-01,4.297526036021046547e-01,-1.220748368599463340e+01,3.891436008080777914e-02
-8.375000000000000222e-01,7.432440246840259501e-01,4.291121377249032531e-01,-1.217103550463638584e+01,3.920874258552081021e-02
-8.362500000000000488e-01,7.421347052441990000e-01,4.284716718477019626e-01,-1.213464168298187928e+01,3.950539831420844111e-02
-8.349999999999999645e-01,7.410253858043720498e-01,4.278312059705005610e-01,-1.209830222103110842e+01,3.980432726687070655e-02
-8.337499999999999911e-01,7.399160663645452107e-01,4.271907400932992149e-01,-1.206201711878408922e+01,4.010552944350755794e-02
-8.325000000000000178e-01,7.388067469247182606e-01,4.265502742160978689e-01,-1.202578637624079860e+01,4.040900484411904386e-02
-8.312500000000000444e-01,7.376974274848914215e-01,4.259098083388965228e-01,-1.198960999340125966e+01,4.071475346870512962e-02
-8.300000000000000711e-01,7.365881080450645824e-01,4.252693424616952322e-01,-1.195348797026545995e+01,4.102277531726582910e-02
-8.287500000000000977e-01,7.354787886052376322e-01,4.246288765844938862e-01,-1.191742030683339770e+01,4.133307038980117698e-02
-8.275000000000000133e-01,7.343694691654106821e-01,4.239884107072924846e-01,-1.188140700310507469e+01,4.164563868631113858e-02
-8.262500000000000400e-01,7.332601497255838430e-01,4.233479448300911385e-01,-1.184544805908049625e+01,4.196048020679570695e-02
-8.249999999999999556e-01,7.321508302857567818e-01,4.227074789528897369e-01,-1.180954347475964994e+01,4.227759495125493761e-02
-8.237499999999999822e-01,7.310415108459299427e-01,4.220670130756884464e-01,-1.177369325014255352e+01,4.259698291968872647e-02
-8.225000000000000089e-01,7.299321914061031036e-01,4.214265471984871003e-01,-1.173789738522919990e+01,4.291864411209713598e-02
-8.212500000000000355e-01,7.288228719662761534e-01,4.207860813212857543e-01,-1.170215588001958196e+01,4.324257852848018696e-02
-8.200000000000000622e-01,7.277135525264493143e-01,4.201456154440844082e-01,-1.166646873451371036e+01,4.356878616883783084e-02
-8.187500000000000888e-01,7.266042330866224752e-01,4.195051495668830621e-01,-1.163083594871157445e+01,4.389726703317008843e-02
-8.175000000000001155e-01,7.254949136467955251e-01,4.188646836896817716e-01,-1.159525752261318132e+01,4.422802112147699444e-02
-8.162500000000000311e-01,7.243855942069685749e-01,4.182242178124803700e-01,-1.155973345621852744e+01,4.456104843375852803e-02
-8.150000000000000577e-01,7.232762747671417358e-01,4.175837519352790239e-01,-1.152426374952761634e+01,4.489634897001464758e-02
-8.137499999999999734e-01,7.221669553273146747e-01,4.169432860580776223e-01,-1.148884840254043915e+01,4.523392273024544330e-02
-8.125000000000000000e-01,7.210576358874878355e-01,4.163028201808762763e-01,-1.145348741525701186e+01,4.557376971445079722e-02
-8.112500000000000266e-01,7.199483164476609964e-01,4.156623543036749857e-01,-1.141818078767732558e+01,4.591588992263075791e-02
-8.100000000000000533e-01,7.188389970078340463e-01,4.150218884264736396e-01,-1.138292851980137499e+01,4.626028335478537395e-02
-8.087500000000000799e-01,7.177296775680072072e-01,4.143814225492722936e-01,-1.134773061162916719e+01,4.660695001091457595e-02
-8.075000000000001066e-01,7.166203581281802570e-01,4.137409566720709475e-01,-1.131258706316069862e+01,4.695588989101842636e-02
-8.062500000000000222e-01,7.155110386883533069e-01,4.131004907948695459e-01,-1.127749787439597284e+01,4.730710299509690436e-02
-8.050000000000000488e-01,7.144017192485264678e-01,4.124600249176682554e-01,-1.124246304533498808e+01,4.766058932314994750e-02
-8.037499999999999645e-01,7.132923998086994066e-01,4.118195590404668538e-01,-1.120748257597774078e+01,4.801634887517768763e-02
-8.024999999999999911e-01,7.121830803688725675e-01,4.111790931632655077e-01,-1.117255646632423804e+01,4.837438165117998595e-02
-8.012500000000000178e-01,7.110737609290457284e-01,4.105386272860641617e-01,-1.113768471637447632e+01,4.873468765115689799e-02
-8.000000000000000444e-01,7.099644414892187783e-01,4.098981614088628156e-01,-1.110286732612845384e+01,4.909726687510845844e-02
-7.987500000000000711e-01,7.088551220493919391e-01,4.092576955316615250e-01,-1.106810429558617770e+01,4.946211932303459791e-02
-7.974999999999999867e-01,7.077458026095649890e-01,4.086172296544601235e-01,-1.103339562474763369e+01,4.982924499493539966e-02
-7.962500000000000133e-01,7.066364831697380389e-01,4.079767637772587774e-01,-1.099874131361283247e+01,5.019864389081080819e-02
-7.950000000000000400e-01,7.055271637299111998e-01,4.073362979000574313e-01,-1.096414136218177582e+01,5.057031601066080961e-02
-7.937500000000000666e-01,7.044178442900843606e-01,4.066958320228560853e-01,-1.092959577045445840e+01,5.094426135448543169e-02
-7.924999999999999822e-01,7.033085248502572995e-01,4.060553661456547392e-01,-1.089510453843087845e+01,5.132047992228471606e-02
-7.912500000000000089e-01,7.021992054104304604e-01,4.054149002684533931e-01,-1.086066766611104484e+01,5.169897171405857250e-02
-7.900000000000000355e-01,7.010898859706036212e-01,4.047744343912520470e-01,-1.082628515349495402e+01,5.207973672980705654e-02
-7.887500000000000622e-01,6.999805665307766711e-01,4.041339685140507010e-01,-1.079195700058259710e+01,5.246277496953017511e-02
-7.875000000000000888e-01,6.988712470909498320e-01,4.034935026368493549e-01,-1.075768320737398476e+01,5.284808643322787963e-02
-7.862500000000000044e-01,6.977619276511228819e-01,4.028530367596480088e-01,-1.072346377386910987e+01,5.323567112090022563e-02
-7.850000000000000311e-01,6.966526082112959317e-01,4.022125708824466628e-01,-1.068929870006797778e+01,5.362552903254719922e-02
-7.837500000000000577e-01,6.955432887714690926e-01,4.015721050052453167e-01,-1.065518798597059025e+01,5.401766016816875876e-02
-7.825000000000000844e-01,6.944339693316421425e-01,4.009316391280439706e-01,-1.062113163157694018e+01,5.441206452776498753e-02
-7.812500000000000000e-01,6.933246498918151923e-01,4.002911732508425691e-01,-1.058712963688702935e+01,5.480874211133580226e-02
-7.800000000000000266e-01,6.922153304519883532e-01,3.996507073736412785e-01,-1.055318200190086131e+01,5.520769291888120295e-02
-7.787500000000000533e-01,6.911060110121614031e-01,3.990102414964399324e-01,-1.051928872661843251e+01,5.560891695040127286e-02
-7.775000000000000799e-01,6.899966915723345640e-01,3.983697756192385864e-01,-1.048544981103974827e+01,5.601241420589592873e-02
-7.762499999999999956e-01,6.888873721325076138e-01,3.977293097420371848e-01,-1.045166525516480327e+01,5.641818468536522607e-02
-7.750000000000000222e-01,6.877780526926806637e-01,3.970888438648358387e-01,-1.041793505899359751e+01,5.682622838880915100e-02
-7.737500000000000488e-01,6.866687332528538246e-01,3.964483779876345482e-01,-1.038425922252613454e+01,5.723654531622763414e-02
-7.725000000000000755e-01,6.855594138130269855e-01,3.958079121104332021e-01,-1.035063774576241613e+01,5.764913546762075874e-02
-7.712499999999999911e-01,6.844500943731999243e-01,3.951674462332318005e-01,-1.031707062870242630e+01,5.806399884298858033e-02
-7.700000000000000178e-01,6.833407749333730852e-01,3.945269803560304545e-01,-1.028355787134618815e+01,5.848113544233093236e-02
-7.687500000000000444e-01,6.822314554935462461e-01,3.938865144788291084e-01,-1.025009947369368746e+01,5.890054526564789811e-02
-7.675000000000000711e-01,6.811221360537192959e-01,3.932460486016278178e-01,-1.021669543574492778e+01,5.932222831293951920e-02
-7.662499999999999867e-01,6.800128166138923458e-01,3.926055827244264163e-01,-1.018334575749990911e+01,5.974618458420576789e-02
-7.650000000000000133e-01,6.789034971740655067e-01,3.919651168472250702e-01,-1.015005043895863146e+01,6.017241407944660253e-02
-7.637500000000000400e-01,6.777941777342385565e-01,3.913246509700237241e-01,-1.011680948012109660e+01,6.060091679866206477e-02
-7.625000000000000666e-01,6.766848582944117174e-01,3.906841850928223780e-01,-1.008362288098730097e+01,6.103169274185214072e-02
-7.612499999999999822e-01,6.755755388545847673e-01,3.900437192156210320e-01,-1.005049064155724459e+01,6.146474190901685813e-02
-7.600000000000000089e-01,6.744662194147578171e-01,3.894032533384196859e-01,-1.001741276183092921e+01,6.190006430015618927e-02
-7.587500000000000355e-01,6.733568999749309780e-01,3.887627874612183398e-01,-9.984389241808358406e+00,6.233765991527010636e-02
-7.575000000000000622e-01,6.722475805351041389e-01,3.881223215840169938e-01,-9.951420081489525060e+00,6.277752875435864410e-02
-7.562499999999999778e-01,6.711382610952770778e-01,3.874818557068155922e-01,-9.918505280874430952e+00,6.321967081742187189e-02
-7.550000000000000044e-01,6.700289416554502386e-01,3.868413898296143016e-01,-9.885644839963081409e+00,6.366408610445963012e-02
-7.537500000000000311e-01,6.689196222156233995e-01,3.862009239524129556e-01,-9.852838758755472881e+00,6.411077461547200207e-02
-7.525000000000000577e-01,6.678103027757964494e-01,3.855604580752116095e-01,-9.820087037251600037e+00,6.455973635045907100e-02
-7.512500000000000844e-01,6.667009833359696103e-01,3.849199921980102634e-01,-9.787389675451477089e+00,6.501097130942067037e-02
-7.500000000000000000e-01,6.655916638961425491e-01,3.842795263208088619e-01,-9.754746673355084496e+00,6.546447949235699448e-02
-7.487500000000000266e-01,6.644823444563157100e-01,3.836390604436075713e-01,-9.722158030962440023e+00,6.592026089926784904e-02
-7.475000000000000533e-01,6.633730250164888709e-01,3.829985945664062252e-01,-9.689623748273534787e+00,6.637831553015331731e-02
-7.462500000000000799e-01,6.622637055766619207e-01,3.823581286892048792e-01,-9.657143825288370564e+00,6.683864338501345481e-02
-7.449999999999999956e-01,6.611543861368349706e-01,3.817176628120034776e-01,-9.624718262006943803e+00,6.730124446384820602e-02
-7.437500000000000222e-01,6.600450666970081315e-01,3.810771969348021870e-01,-9.592347058429265161e+00,6.776611876665754319e-02
-7.425000000000000488e-01,6.589357472571811813e-01,3.804367310576008410e-01,-9.560030214555320427e+00,6.823326629344149408e-02
-7.412500000000000755e-01,6.578264278173543422e-01,3.797962651803994949e-01,-9.527767730385122036e+00,6.870268704420008643e-02
-7.399999999999999911e-01,6.567171083775273921e-01,3.791557993031980933e-01,-9.495559605918659329e+00,6.917438101893330638e-02
-7.387500000000000178e-01,6.556077889377004420e-01,3.785153334259967473e-01,-9.463405841155937637e+00,6.964834821764114003e-02
-7.375000000000000444e-01,6.544984694978736028e-01,3.778748675487954567e-01,-9.431306436096960510e+00,7.012458864032354577e-02
-7.362500000000000711e-01,6.533891500580467637e-01,3.772344016715941106e-01,-9.399261390741724398e+00,7.060310228698057911e-02
-7.349999999999999867e-01,6.522798306182197026e-01,3.765939357943927090e-01,-9.367270705090223970e+00,7.108388915761230942e-02
-7.337500000000000133e-01,6.511705111783928634e-01,3.759534699171913630e-01,-9.335334379142469885e+00,7.156694925221858405e-02
-7.325000000000000400e-01,6.500611917385660243e-01,3.753130040399900169e-01,-9.303452412898455037e+00,7.205228257079947241e-02
-7.312500000000000666e-01,6.489518722987390742e-01,3.746725381627887264e-01,-9.271624806358179427e+00,7.253988911335500223e-02
-7.299999999999999822e-01,6.478425528589121241e-01,3.740320722855873248e-01,-9.239851559521644830e+00,7.302976887988517352e-02
-7.287500000000000089e-01,6.467332334190852849e-01,3.733916064083859787e-01,-9.208132672388853024e+00,7.352192187038990301e-02
-7.275000000000000355e-01,6.456239139792583348e-01,3.727511405311846326e-01,-9.176468144959800455e+00,7.401634808486932948e-02
-7.262500000000000622e-01,6.445145945394314957e-01,3.721106746539832866e-01,-9.144857977234492452e+00,7.451304752332328640e-02
-7.249999999999999778e-01,6.434052750996045456e-01,3.714702087767819405e-01,-9.113302169212920134e+00,7.501202018575194030e-02
-7.237500000000000044e-01,6.422959556597775954e-01,3.708297428995805944e-01,-9.081800720895088830e+00,7.551326607215518016e-02
-7.225000000000000311e-01,6.411866362199507563e-01,3.701892770223792484e-01,-9.050353632281002092e+00,7.601678518253300598e-02
-7.212500000000000577e-01,6.400773167801238062e-01,3.695488111451779023e-01,-9.018960903370656368e+00,7.652257751688550103e-02
-7.200000000000000844e-01,6.389679973402969670e-01,3.689083452679765562e-01,-8.987622534164048105e+00,7.703064307521255427e-02
-7.187500000000000000e-01,6.378586779004700169e-01,3.682678793907752102e-01,-8.956338524661182632e+00,7.754098185751427674e-02
-7.175000000000000266e-01,6.367493584606430668e-01,3.676274135135738641e-01,-8.925108874862056396e+00,7.805359386379061293e-02
-7.162500000000000533e-01,6.356400390208162277e-01,3.669869476363725180e-01,-8.893933584766672951e+00,7.856847909404156283e-02
-7.150000000000000799e-01,6.345307195809893885e-01,3.663464817591711720e-01,-8.862812654375032295e+00,7.908563754826707093e-02
-7.137499999999999956e-01,6.334214001411623274e-01,3.657060158819697704e-01,-8.831746083687125548e+00,7.960506922646733152e-02
-7.125000000000000222e-01,6.323120807013354883e-01,3.650655500047684798e-01,-8.800733872702966920e+00,8.012677412864206705e-02
-7.112500000000000488e-01,6.312027612615086491e-01,3.644250841275671338e-01,-8.769776021422545753e+00,8.065075225479147181e-02
-7.100000000000000755e-01,6.300934418216816990e-01,3.637846182503657877e-01,-8.738872529845865600e+00,8.117700360491551803e-02
-7.087499999999999911e-01,6.289841223818547489e-01,3.631441523731643861e-01,-8.708023397972924684e+00,8.170552817901419185e-02
-7.075000000000000178e-01,6.278748029420279098e-01,3.625036864959630400e-01,-8.677228625803728335e+00,8.223632597708745162e-02
-7.062500000000000444e-01,6.267654835022009596e-01,3.618632206187617495e-01,-8.646488213338271223e+00,8.276939699913533899e-02
-7.050000000000000711e-01,6.256561640623741205e-01,3.612227547415604034e-01,-8.615802160576555124e+00,8.330474124515781231e-02
-7.037499999999999867e-01,6.245468446225471704e-01,3.605822888643590018e-01,-8.585170467518580040e+00,8.384235871515494098e-02
-7.025000000000000133e-01,6.234375251827202202e-01,3.599418229871576558e-01,-8.554593134164342416e+00,8.438224940912673888e-02
-7.012500000000000400e-01,6.223282057428933811e-01,3.593013571099563097e-01,-8.524070160513851135e+00,8.492441332707302559e-02
-7.000000000000000666e-01,6.212188863030665420e-01,3.586608912327550192e-01,-8.493601546567100868e+00,8.546885046899398153e-02
-6.987499999999999822e-01,6.201095668632394808e-01,3.580204253555536176e-01,-8.463187292324084510e+00,8.601556083488963445e-02
-6.975000000000000089e-01,6.190002474234126417e-01,3.573799594783522715e-01,-8.432827397784816270e+00,8.656454442475983169e-02
-6.962500000000000355e-01,6.178909279835858026e-01,3.567394936011509254e-01,-8.402521862949285492e+00,8.711580123860462876e-02
-6.950000000000000622e-01,6.167816085437588525e-01,3.560990277239495794e-01,-8.372270687817493950e+00,8.766933127642410895e-02
-6.937499999999999778e-01,6.156722891039319023e-01,3.554585618467482333e-01,-8.342073872389446976e+00,8.822513453821818896e-02
-6.925000000000000044e-01,6.145629696641050632e-01,3.548180959695468872e-01,-8.311931416665139238e+00,8.878321102398682718e-02
-6.912500000000000311e-01,6.134536502242781131e-01,3.541776300923455412e-01,-8.281843320644570738e+00,8.934356073373016238e-02
-6.900000000000000577e-01,6.123443307844512740e-01,3.535371642151441951e-01,-8.251809584327746805e+00,8.990618366744804191e-02
-6.887500000000000844e-01,6.112350113446243238e-01,3.528966983379428490e-01,-8.221830207714660332e+00,9.047107982514060454e-02
-6.875000000000000000e-01,6.101256919047973737e-01,3.522562324607415030e-01,-8.191905190805314874e+00,9.103824920680776700e-02
-6.862500000000000266e-01,6.090163724649705346e-01,3.516157665835401569e-01,-8.162034533599713981e+00,9.160769181244950154e-02
-6.850000000000000533e-01,6.079070530251435844e-01,3.509753007063388108e-01,-8.132218236097848774e+00,9.217940764206593307e-02
-6.837500000000000799e-01,6.067977335853167453e-01,3.503348348291374648e-01,-8.102456298299729909e+00,9.275339669565690892e-02
-6.824999999999999956e-01,6.056884141454897952e-01,3.496943689519360632e-01,-8.072748720205346729e+00,9.332965897322255400e-02
-6.812500000000000222e-01,6.045790947056628450e-01,3.490539030747347726e-01,-8.043095501814706338e+00,9.390819447476279891e-02
-6.800000000000000488e-01,6.034697752658360059e-01,3.484134371975334266e-01,-8.013496643127810515e+00,9.448900320027765753e-02
-6.787500000000000755e-01,6.023604558260091668e-01,3.477729713203320805e-01,-7.983952144144653928e+00,9.507208514976708824e-02
-6.774999999999999911e-01,6.012511363861821057e-01,3.471325054431306789e-01,-7.954462004865232139e+00,9.565744032323127144e-02
-6.762500000000000178e-01,6.001418169463552665e-01,3.464920395659293328e-01,-7.925026225289557580e+00,9.624506872066992957e-02
-6.750000000000000444e-01,5.990324975065284274e-01,3.458515736887280423e-01,-7.895644805417623147e+00,9.683497034208324306e-02
-6.737500000000000711e-01,5.979231780667014773e-01,3.452111078115266962e-01,-7.866317745249427951e+00,9.742714518747121188e-02
-6.724999999999999867e-01,5.968138586268745271e-01,3.445706419343252946e-01,-7.837045044784972880e+00,9.802159325683380831e-02
-6.712500000000000133e-01,5.957045391870476880e-01,3.439301760571239486e-01,-7.807826704024260600e+00,9.861831455017096293e-02
-6.700000000000000400e-01,5.945952197472207379e-01,3.432897101799226025e-01,-7.778662722967286669e+00,9.921730906748278678e-02
-6.687500000000000666e-01,5.934859003073938988e-01,3.426492443027213119e-01,-7.749553101614058193e+00,9.981857680876918271e-02
-6.674999999999999822e-01,5.923765808675669486e-01,3.420087784255199104e-01,-7.720497839964565401e+00,1.004221177740302479e-01
-6.662500000000000089e-01,5.912672614277399985e-01,3.413683125483185643e-01,-7.691496938018815399e+00,1.010279319632659267e-01
-6.650000000000000355e-01,5.901579419879131594e-01,3.407278466711172182e-01,-7.662550395776809076e+00,1.016360193764761638e-01
-6.637500000000000622e-01,5.890486225480862092e-01,3.400873807939158722e-01,-7.633658213238539325e+00,1.022463800136610562e-01
-6.624999999999999778e-01,5.879393031082592591e-01,3.394469149167145261e-01,-7.604820390404011476e+00,1.028590138748205901e-01
-6.612500000000000044e-01,5.868299836684324200e-01,3.388064490395131800e-01,-7.576036927273226418e+00,1.034739209599546822e-01
-6.600000000000000311e-01,5.857206642286054699e-01,3.381659831623118340e-01,-7.547307823846180597e+00,1.040911012690634574e-01
-6.587500000000000577e-01,5.846113447887786307e-01,3.375255172851104879e-01,-7.518633080122875789e+00,1.047105548021468047e-01
-6.575000000000000844e-01,5.835020253489517916e-01,3.368850514079091973e-01,-7.490012696103315548e+00,1.053322815592047518e-01
-6.562500000000000000e-01,5.823927059091247305e-01,3.362445855307077958e-01,-7.461446671787488327e+00,1.059562815402374097e-01
-6.550000000000000266e-01,5.812833864692978914e-01,3.356041196535064497e-01,-7.432935007175409226e+00,1.065825547452445843e-01
-6.537500000000000533e-01,5.801740670294710522e-01,3.349636537763051036e-01,-7.404477702267068473e+00,1.072111011742264280e-01
-6.525000000000000799e-01,5.790647475896441021e-01,3.343231878991037576e-01,-7.376074757062466958e+00,1.078419208271828716e-01
-6.512499999999999956e-01,5.779554281498171520e-01,3.336827220219023560e-01,-7.347726171561606456e+00,1.084750137041139706e-01
-6.500000000000000222e-01,5.768461087099903128e-01,3.330422561447010654e-01,-7.319431945764489633e+00,1.091103798050196277e-01
-6.487500000000000488e-01,5.757367892701633627e-01,3.324017902674997194e-01,-7.291192079671110271e+00,1.097480191298999680e-01
-6.475000000000000755e-01,5.746274698303365236e-01,3.317613243902983733e-01,-7.263006573281475475e+00,1.103879316787548664e-01
-6.462499999999999911e-01,5.735181503905095735e-01,3.311208585130969717e-01,-7.234875426595578141e+00,1.110301174515844341e-01
-6.450000000000000178e-01,5.724088309506826233e-01,3.304803926358956812e-01,-7.206798639613423596e+00,1.116745764483885739e-01
-6.437500000000000444e-01,5.712995115108557842e-01,3.298399267586943351e-01,-7.178776212335010065e+00,1.123213086691673412e-01
-6.425000000000000711e-01,5.701901920710289451e-01,3.291994608814929890e-01,-7.150808144760338436e+00,1.129703141139207084e-01
-6.412499999999999867e-01,5.690808726312018839e-01,3.285589950042915874e-01,-7.122894436889401604e+00,1.136215927826488281e-01
-6.400000000000000133e-01,5.679715531913750448e-01,3.279185291270902414e-01,-7.095035088722212002e+00,1.142751446753513950e-01
-6.387500000000000400e-01,5.668622337515482057e-01,3.272780632498889508e-01,-7.067230100258763414e+00,1.149309697920286033e-01
-6.375000000000000666e-01,5.657529143117212556e-01,3.266375973726876047e-01,-7.039479471499052288e+00,1.155890681326805086e-01
-6.362499999999999822e-01,5.646435948718943054e-01,3.259971314954862032e-01,-7.011783202443081287e+00,1.162494396973070693e-01
-6.350000000000000089e-01,5.635342754320674663e-01,3.253566656182848571e-01,-6.984141293090854852e+00,1.169120844859080771e-01
-6.337500000000000355e-01,5.624249559922405162e-01,3.247161997410835110e-01,-6.956553743442367654e+00,1.175770024984838097e-01
-6.325000000000000622e-01,5.613156365524136771e-01,3.240757338638822205e-01,-6.929020553497622359e+00,1.182441937350341005e-01
-6.312499999999999778e-01,5.602063171125867269e-01,3.234352679866808189e-01,-6.901541723256614524e+00,1.189136581955591160e-01
-6.300000000000000044e-01,5.590969976727597768e-01,3.227948021094794728e-01,-6.874117252719349480e+00,1.195853958800587175e-01
-6.287500000000000311e-01,5.579876782329329377e-01,3.221543362322781268e-01,-6.846747141885827226e+00,1.202594067885328771e-01
-6.275000000000000577e-01,5.568783587931059875e-01,3.215138703550767807e-01,-6.819431390756044209e+00,1.209356909209817338e-01
-6.262500000000000844e-01,5.557690393532791484e-01,3.208734044778754901e-01,-6.792169999330003094e+00,1.216142482774050931e-01
-6.250000000000000000e-01,5.546597199134521983e-01,3.202329386006740886e-01,-6.764962967607700328e+00,1.222950788578032050e-01
-6.237500000000000266e-01,5.535504004736252481e-01,3.195924727234727425e-01,-6.737810295589140352e+00,1.229781826621758750e-01
-6.225000000000000533e-01,5.524410810337984090e-01,3.189520068462713964e-01,-6.710711983274321391e+00,1.236635596905230755e-01
-6.212500000000000799e-01,5.513317615939715699e-01,3.183115409690700504e-01,-6.683668030663242554e+00,1.243512099428449452e-01
-6.199999999999999956e-01,5.502224421541445087e-01,3.176710750918687043e-01,-6.656678437755902955e+00,1.250411334191415258e-01
-6.187500000000000222e-01,5.491131227143176696e-01,3.170306092146673582e-01,-6.629743204552307034e+00,1.257333301194126507e-01
-6.175000000000000488e-01,5.480038032744908305e-01,3.163901433374660122e-01,-6.602862331052453015e+00,1.264278000436583616e-01
-6.162500000000000755e-01,5.468944838346638804e-01,3.157496774602646661e-01,-6.576035817256335569e+00,1.271245431918787694e-01
-6.149999999999999911e-01,5.457851643948369302e-01,3.151092115830632645e-01,-6.549263663163961802e+00,1.278235595640738187e-01
-6.137500000000000178e-01,5.446758449550100911e-01,3.144687457058619739e-01,-6.522545868775329936e+00,1.285248491602433707e-01
-6.125000000000000444e-01,5.435665255151831410e-01,3.138282798286606279e-01,-6.495882434090436419e+00,1.292284119803875919e-01
-6.112500000000000711e-01,5.424572060753563019e-01,3.131878139514592818e-01,-6.469273359109285693e+00,1.299342480245063713e-01
-6.099999999999999867e-01,5.413478866355293517e-01,3.125473480742578802e-01,-6.442718643831873315e+00,1.306423572925998755e-01
-6.087500000000000133e-01,5.402385671957024016e-01,3.119068821970565342e-01,-6.416218288258202840e+00,1.313527397846679934e-01
-6.075000000000000400e-01,5.391292477558755625e-01,3.112664163198552436e-01,-6.389772292388274266e+00,1.320653955007106695e-01
-6.062500000000000666e-01,5.380199283160486123e-01,3.106259504426538975e-01,-6.363380656222084930e+00,1.327803244407279593e-01
-6.049999999999999822e-01,5.369106088762216622e-01,3.099854845654524960e-01,-6.337043379759636608e+00,1.334975266047199183e-01
-6.037500000000000089e-01,5.358012894363948231e-01,3.093450186882511499e-01,-6.310760463000931964e+00,1.342170019926864910e-01
-6.025000000000000355e-01,5.346919699965678729e-01,3.087045528110498038e-01,-6.284531905945965669e+00,1.349387506046276497e-01
-6.012500000000000622e-01,5.335826505567410338e-01,3.080640869338485133e-01,-6.258357708594742164e+00,1.356627724405433943e-01
-5.999999999999999778e-01,5.324733311169140837e-01,3.074236210566471117e-01,-6.232237870947257008e+00,1.363890675004338360e-01
-5.987500000000000044e-01,5.313640116770871336e-01,3.067831551794457656e-01,-6.206172393003512866e+00,1.371176357842988636e-01
-5.975000000000000311e-01,5.302546922372602944e-01,3.061426893022444196e-01,-6.180161274763510626e+00,1.378484772921385049e-01
-5.962500000000000577e-01,5.291453727974334553e-01,3.055022234250430735e-01,-6.154204516227250288e+00,1.385815920239527044e-01
-5.950000000000000844e-01,5.280360533576065052e-01,3.048617575478417829e-01,-6.128302117394730963e+00,1.393169799797415731e-01
-5.937500000000000000e-01,5.269267339177795550e-01,3.042212916706403814e-01,-6.102454078265949988e+00,1.400546411595050833e-01
-5.925000000000000266e-01,5.258174144779527159e-01,3.035808257934390353e-01,-6.076660398840912691e+00,1.407945755632432072e-01
-5.912500000000000533e-01,5.247080950381257658e-01,3.029403599162376892e-01,-6.050921079119612855e+00,1.415367831909559448e-01
-5.900000000000000799e-01,5.235987755982989267e-01,3.022998940390363432e-01,-6.025236119102057586e+00,1.422812640426432407e-01
-5.887499999999999956e-01,5.224894561584719765e-01,3.016594281618349971e-01,-5.999605518788239777e+00,1.430280181183052335e-01
-5.875000000000000222e-01,5.213801367186450264e-01,3.010189622846336510e-01,-5.974029278178162983e+00,1.437770454179418400e-01
-5.862500000000000488e-01,5.202708172788181873e-01,3.003784964074323049e-01,-5.948507397271830754e+00,1.445283459415530047e-01
-5.850000000000000755e-01,5.191614978389913482e-01,2.997380305302309589e-01,-5.923039876069237764e+00,1.452819196891387832e-01
-5.837499999999999911e-01,5.180521783991642870e-01,2.990975646530295573e-01,-5.897626714570382234e+00,1.460377666606992864e-01
-5.825000000000000178e-01,5.169428589593374479e-01,2.984570987758282667e-01,-5.872267912775272158e+00,1.467958868562342922e-01
-5.812500000000000444e-01,5.158335395195106088e-01,2.978166328986269207e-01,-5.846963470683901321e+00,1.475562802757439396e-01
-5.800000000000000711e-01,5.147242200796836586e-01,2.971761670214255746e-01,-5.821713388296269720e+00,1.483189469192282561e-01
-5.787499999999999867e-01,5.136149006398567085e-01,2.965357011442241730e-01,-5.796517665612379133e+00,1.490838867866871864e-01
-5.775000000000000133e-01,5.125055812000298694e-01,2.958952352670228270e-01,-5.771376302632233113e+00,1.498510998781207304e-01
-5.762500000000000400e-01,5.113962617602029193e-01,2.952547693898215364e-01,-5.746289299355825442e+00,1.506205861935288604e-01
-5.750000000000000666e-01,5.102869423203760801e-01,2.946143035126201903e-01,-5.721256655783159673e+00,1.513923457329115763e-01
-5.737499999999999822e-01,5.091776228805491300e-01,2.939738376354187888e-01,-5.696278371914232252e+00,1.521663784962689892e-01
-5.725000000000000089e-01,5.080683034407221799e-01,2.933333717582174427e-01,-5.671354447749045846e+00,1.529426844836009602e-01
-5.712500000000000355e-01,5.069589840008953407e-01,2.926929058810160966e-01,-5.646484883287603118e+00,1.537212636949076006e-01
-5.700000000000000622e-01,5.058496645610683906e-01,2.920524400038148061e-01,-5.621669678529899628e+00,1.545021161301888268e-01
-5.687499999999999778e-01,5.047403451212414405e-01,2.914119741266134045e-01,-5.596908833475935374e+00,1.552852417894447223e-01
-5.675000000000000044e-01,5.036310256814146014e-01,2.907715082494120584e-01,-5.572202348125716576e+00,1.560706406726751205e-01
-5.662500000000000311e-01,5.025217062415876512e-01,2.901310423722107124e-01,-5.547550222479233462e+00,1.568583127798802712e-01
-5.650000000000000577e-01,5.014123868017608121e-01,2.894905764950093663e-01,-5.522952456536495802e+00,1.576482581110599246e-01
-5.637500000000000844e-01,5.003030673619339730e-01,2.888501106178080757e-01,-5.498409050297497380e+00,1.584404766662141917e-01
-5.625000000000000000e-01,4.991937479221069673e-01,2.882096447406066742e-01,-5.473920003762238196e+00,1.592349684453431835e-01
-5.612500000000000266e-01,4.980844284822800727e-01,2.875691788634053281e-01,-5.449485316930720913e+00,1.600317334484467058e-01
-5.600000000000000533e-01,4.969751090424531781e-01,2.869287129862039820e-01,-5.425104989802943756e+00,1.608307716755248973e-01
-5.587500000000000799e-01,4.958657896026263390e-01,2.862882471090026915e-01,-5.400779022378910277e+00,1.616320831265776470e-01
-5.574999999999999956e-01,4.947564701627993333e-01,2.856477812318012899e-01,-5.376507414658613371e+00,1.624356678016051492e-01
-5.562500000000000222e-01,4.936471507229724387e-01,2.850073153545999438e-01,-5.352290166642059255e+00,1.632415257006071818e-01
-5.550000000000000488e-01,4.925378312831455441e-01,2.843668494773985977e-01,-5.328127278329246153e+00,1.640496568235838282e-01
-5.537500000000000755e-01,4.914285118433187050e-01,2.837263836001972517e-01,-5.304018749720175840e+00,1.648600611705350050e-01
-5.524999999999999911e-01,4.903191924034916993e-01,2.830859177229958501e-01,-5.279964580814842989e+00,1.656727387414609343e-01
-5.512500000000000178e-01,4.892098729636648047e-01,2.824454518457945595e-01,-5.255964771613252928e+00,1.664876895363614495e-01
-5.500000000000000444e-01,4.881005535238379656e-01,2.818049859685932135e-01,-5.232019322115403881e+00,1.673049135552364952e-01
-5.487500000000000711e-01,4.869912340840110709e-01,2.811645200913918674e-01,-5.208128232321295847e+00,1.681244107980862379e-01
-5.474999999999999867e-01,4.858819146441840653e-01,2.805240542141904658e-01,-5.184291502230926163e+00,1.689461812649107053e-01
-5.462500000000000133e-01,4.847725952043572262e-01,2.798835883369891753e-01,-5.160509131844301045e+00,1.697702249557096199e-01
-5.450000000000000400e-01,4.836632757645303315e-01,2.792431224597878292e-01,-5.136781121161415165e+00,1.705965418704832037e-01
-5.437500000000000666e-01,4.825539563247034369e-01,2.786026565825864831e-01,-5.113107470182269410e+00,1.714251320092314013e-01
-5.424999999999999822e-01,4.814446368848764868e-01,2.779621907053850816e-01,-5.089488178906864668e+00,1.722559953719542680e-01
-5.412500000000000089e-01,4.803353174450495922e-01,2.773217248281837355e-01,-5.065923247335200941e+00,1.730891319586516652e-01
-5.400000000000000355e-01,4.792259980052226975e-01,2.766812589509824449e-01,-5.042412675467278227e+00,1.739245417693237317e-01
-5.387500000000000622e-01,4.781166785653958029e-01,2.760407930737810989e-01,-5.018956463303096527e+00,1.747622248039704118e-01
-5.374999999999999778e-01,4.770073591255688528e-01,2.754003271965796973e-01,-4.995554610842654952e+00,1.756021810625917334e-01
-5.362500000000000044e-01,4.758980396857419581e-01,2.747598613193783512e-01,-4.972207118085955280e+00,1.764444105451876410e-01
-5.350000000000000311e-01,4.747887202459150635e-01,2.741193954421770052e-01,-4.948913985032995733e+00,1.772889132517581623e-01
-5.337500000000000577e-01,4.736794008060882244e-01,2.734789295649757146e-01,-4.925675211683778976e+00,1.781356891823032695e-01
-5.324999999999999734e-01,4.725700813662612187e-01,2.728384636877743130e-01,-4.902490798038298792e+00,1.789847383368230738e-01
-5.312500000000000000e-01,4.714607619264343241e-01,2.721979978105729669e-01,-4.879360744096563174e+00,1.798360607153174362e-01
-5.300000000000000266e-01,4.703514424866074850e-01,2.715575319333716209e-01,-4.856285049858568570e+00,1.806896563177864401e-01
-5.287500000000000533e-01,4.692421230467805904e-01,2.709170660561702748e-01,-4.833263715324313203e+00,1.815455251442300577e-01
-5.275000000000000799e-01,4.681328036069536958e-01,2.702766001789689843e-01,-4.810296740493799739e+00,1.824036671946482890e-01
-5.262499999999999956e-01,4.670234841671267456e-01,2.696361343017675827e-01,-4.787384125367025511e+00,1.832640824690411896e-01
-5.250000000000000222e-01,4.659141647272998510e-01,2.689956684245662366e-01,-4.764525869943994074e+00,1.841267709674086206e-01
-5.237500000000000488e-01,4.648048452874729564e-01,2.683552025473648905e-01,-4.741721974224702763e+00,1.849917326897507208e-01
-5.225000000000000755e-01,4.636955258476460617e-01,2.677147366701635445e-01,-4.718972438209152465e+00,1.858589676360674348e-01
-5.212499999999999911e-01,4.625862064078191116e-01,2.670742707929621984e-01,-4.696277261897342292e+00,1.867284758063587347e-01
-5.200000000000000178e-01,4.614768869679922170e-01,2.664338049157608523e-01,-4.673636445289273134e+00,1.876002572006246760e-01
-5.187500000000000444e-01,4.603675675281653223e-01,2.657933390385595063e-01,-4.651049988384945877e+00,1.884743118188652589e-01
-5.175000000000000711e-01,4.592582480883384832e-01,2.651528731613581602e-01,-4.628517891184359634e+00,1.893506396610803999e-01
-5.162499999999999867e-01,4.581489286485114776e-01,2.645124072841567586e-01,-4.606040153687510852e+00,1.902292407272702379e-01
-5.150000000000000133e-01,4.570396092086845830e-01,2.638719414069554681e-01,-4.583616775894405748e+00,1.911101150174346897e-01
-5.137500000000000400e-01,4.559302897688577438e-01,2.632314755297541220e-01,-4.561247757805042546e+00,1.919932625315736718e-01
-5.125000000000000666e-01,4.548209703290308492e-01,2.625910096525527759e-01,-4.538933099419418582e+00,1.928786832696873232e-01
-5.112499999999999822e-01,4.537116508892038436e-01,2.619505437753513744e-01,-4.516672800737534743e+00,1.937663772317756161e-01
-5.100000000000000089e-01,4.526023314493770044e-01,2.613100778981500283e-01,-4.494466861759392806e+00,1.946563444178385227e-01
-5.087500000000000355e-01,4.514930120095501098e-01,2.606696120209487377e-01,-4.472315282484992771e+00,1.955485848278760153e-01
-5.075000000000000622e-01,4.503836925697232152e-01,2.600291461437473917e-01,-4.450218062914332862e+00,1.964430984618881215e-01
-5.062499999999999778e-01,4.492743731298962651e-01,2.593886802665459901e-01,-4.428175203047412190e+00,1.973398853198748970e-01
-5.050000000000000044e-01,4.481650536900693704e-01,2.587482143893446440e-01,-4.406186702884235196e+00,1.982389454018362307e-01
-5.037500000000000311e-01,4.470557342502424758e-01,2.581077485121432979e-01,-4.384252562424796551e+00,1.991402787077722059e-01
-5.025000000000000577e-01,4.459464148104155812e-01,2.574672826349420074e-01,-4.362372781669099808e+00,2.000438852376827947e-01
-5.012499999999999734e-01,4.448370953705886310e-01,2.568268167577406058e-01,-4.340547360617143191e+00,2.009497649915679973e-01
-5.000000000000000000e-01,4.437277759307617364e-01,2.561863508805392597e-01,-4.318776299268929364e+00,2.018579179694278136e-01
-4.987500000000000266e-01,4.426184564909348418e-01,2.555458850033379137e-01,-4.297059597624454774e+00,2.027683441712622714e-01
-4.975000000000000533e-01,4.415091370511080027e-01,2.549054191261365676e-01,-4.275397255683721198e+00,2.036810435970713429e-01
-4.962500000000000799e-01,4.403998176112811080e-01,2.542649532489352771e-01,-4.253789273446729524e+00,2.045960162468550003e-01
-4.949999999999999956e-01,4.392904981714541024e-01,2.536244873717338755e-01,-4.232235650913476199e+00,2.055132621206134103e-01
-4.937500000000000222e-01,4.381811787316272078e-01,2.529840214945325294e-01,-4.210736388083965664e+00,2.064327812183462951e-01
-4.925000000000000488e-01,4.370718592918003687e-01,2.523435556173311833e-01,-4.189291484958197032e+00,2.073545735400537660e-01
-4.912500000000000755e-01,4.359625398519734740e-01,2.517030897401298373e-01,-4.167900941536168524e+00,2.082786390857359060e-01
-4.899999999999999911e-01,4.348532204121464684e-01,2.510626238629284912e-01,-4.146564757817878366e+00,2.092049778553927708e-01
-4.887500000000000178e-01,4.337439009723196293e-01,2.504221579857271451e-01,-4.125282933803332774e+00,2.101335898490240828e-01
-4.875000000000000444e-01,4.326345815324927346e-01,2.497816921085257991e-01,-4.104055469492525532e+00,2.110644750666301195e-01
-4.862500000000000711e-01,4.315252620926658400e-01,2.491412262313244530e-01,-4.082882364885460191e+00,2.119976335082107144e-01
-4.849999999999999867e-01,4.304159426528388899e-01,2.485007603541230792e-01,-4.061763619982134976e+00,2.129330651737660340e-01
-4.837500000000000133e-01,4.293066232130119952e-01,2.478602944769217331e-01,-4.040699234782550775e+00,2.138707700632958841e-01
-4.825000000000000400e-01,4.281973037731851006e-01,2.472198285997204148e-01,-4.019689209286707587e+00,2.148107481768004035e-01
-4.812500000000000666e-01,4.270879843333582060e-01,2.465793627225190687e-01,-3.998733543494605414e+00,2.157529995142794810e-01
-4.799999999999999822e-01,4.259786648935312559e-01,2.459388968453176672e-01,-3.977832237406243365e+00,2.166975240757332000e-01
-4.787500000000000089e-01,4.248693454537043612e-01,2.452984309681163488e-01,-3.956985291021622775e+00,2.176443218611615049e-01
-4.775000000000000355e-01,4.237600260138774666e-01,2.446579650909150028e-01,-3.936192704340743642e+00,2.185933928705644513e-01
-4.762500000000000622e-01,4.226507065740506275e-01,2.440174992137136845e-01,-3.915454477363605967e+00,2.195447371039419282e-01
-4.749999999999999778e-01,4.215413871342236218e-01,2.433770333365122829e-01,-3.894770610090206642e+00,2.204983545612942963e-01
-4.737500000000000044e-01,4.204320676943967272e-01,2.427365674593109646e-01,-3.874141102520549662e+00,2.214542452426211117e-01
-4.725000000000000311e-01,4.193227482545698881e-01,2.420961015821096185e-01,-3.853565954654634584e+00,2.224124091479224297e-01
-4.712500000000000577e-01,4.182134288147429935e-01,2.414556357049082724e-01,-3.833045166492459632e+00,2.233728462771984724e-01
-4.699999999999999734e-01,4.171041093749159878e-01,2.408151698277068986e-01,-3.812578738034023473e+00,2.243355566304491844e-01
-4.687500000000000000e-01,4.159947899350891487e-01,2.401747039505055525e-01,-3.792166669279330993e+00,2.253005402076743713e-01
-4.675000000000000266e-01,4.148854704952622541e-01,2.395342380733042342e-01,-3.771808960228378638e+00,2.262677970088742829e-01
-4.662500000000000533e-01,4.137761510554353594e-01,2.388937721961028882e-01,-3.751505610881166408e+00,2.272373270340487805e-01
-4.650000000000000799e-01,4.126668316156084648e-01,2.382533063189015421e-01,-3.731256621237696525e+00,2.282091302831979196e-01
-4.637499999999999956e-01,4.115575121757815147e-01,2.376128404417001683e-01,-3.711061991297964990e+00,2.291832067563217556e-01
-4.625000000000000222e-01,4.104481927359546201e-01,2.369723745644988222e-01,-3.690921721061975802e+00,2.301595564534201221e-01
-4.612500000000000488e-01,4.093388732961277254e-01,2.363319086872975039e-01,-3.670835810529728960e+00,2.311381793744930746e-01
-4.600000000000000755e-01,4.082295538563008863e-01,2.356914428100961578e-01,-3.650804259701221799e+00,2.321190755195406130e-01
-4.587499999999999911e-01,4.071202344164738807e-01,2.350509769328947562e-01,-3.630827068576452987e+00,2.331022448885629039e-01
-4.575000000000000178e-01,4.060109149766469860e-01,2.344105110556934379e-01,-3.610904237155428298e+00,2.340876874815597530e-01
-4.562500000000000444e-01,4.049015955368201469e-01,2.337700451784920919e-01,-3.591035765438143734e+00,2.350754032985311326e-01
-4.550000000000000711e-01,4.037922760969932523e-01,2.331295793012907736e-01,-3.571221653424599740e+00,2.360653923394771814e-01
-4.537499999999999867e-01,4.026829566571662467e-01,2.324891134240893720e-01,-3.551461901114795428e+00,2.370576546043979549e-01
-4.525000000000000133e-01,4.015736372173394075e-01,2.318486475468880259e-01,-3.531756508508733905e+00,2.380521900932932589e-01
-4.512500000000000400e-01,4.004643177775125129e-01,2.312081816696867076e-01,-3.512105475606412508e+00,2.390489988061631765e-01
-4.500000000000000666e-01,3.993549983376856183e-01,2.305677157924853615e-01,-3.492508802407832125e+00,2.400480807430077634e-01
-4.487499999999999822e-01,3.982456788978586681e-01,2.299272499152839877e-01,-3.472966488912991423e+00,2.410494359038268808e-01
-4.475000000000000089e-01,3.971363594580317735e-01,2.292867840380826416e-01,-3.453478535121892623e+00,2.420530642886206674e-01
-4.462500000000000355e-01,3.960270400182048789e-01,2.286463181608812956e-01,-3.434044941034535281e+00,2.430589658973890677e-01
-4.450000000000000622e-01,3.949177205783779843e-01,2.280058522836799773e-01,-3.414665706650918064e+00,2.440671407301320817e-01
-4.437499999999999778e-01,3.938084011385510341e-01,2.273653864064785757e-01,-3.395340831971040974e+00,2.450775887868497094e-01
-4.425000000000000044e-01,3.926990816987241395e-01,2.267249205292772574e-01,-3.376070316994905340e+00,2.460903100675419508e-01
-4.412500000000000311e-01,3.915897622588972449e-01,2.260844546520759113e-01,-3.356854161722511165e+00,2.471053045722088060e-01
-4.400000000000000577e-01,3.904804428190704058e-01,2.254439887748745652e-01,-3.337692366153858448e+00,2.481225723008502748e-01
-4.387499999999999734e-01,3.893711233792434001e-01,2.248035228976731914e-01,-3.318584930288944523e+00,2.491421132534664129e-01
-4.375000000000000000e-01,3.882618039394165055e-01,2.241630570204718453e-01,-3.299531854127772501e+00,2.501639274300571092e-01
-4.362500000000000266e-01,3.871524844995896664e-01,2.235225911432705270e-01,-3.280533137670342381e+00,2.511880148306223637e-01
-4.350000000000000533e-01,3.860431650597627717e-01,2.228821252660691810e-01,-3.261588780916651942e+00,2.522143754551624539e-01
-4.337500000000000799e-01,3.849338456199358771e-01,2.222416593888678626e-01,-3.242698783866702961e+00,2.532430093036769914e-01
-4.324999999999999956e-01,3.838245261801088715e-01,2.216011935116664611e-01,-3.223863146520492773e+00,2.542739163761662535e-01
-4.312500000000000222e-01,3.827152067402820323e-01,2.209607276344651150e-01,-3.205081868878025819e+00,2.553070966726299629e-01
-4.300000000000000488e-01,3.816058873004551377e-01,2.203202617572637967e-01,-3.186354950939298991e+00,2.563425501930683970e-01
-4.287500000000000755e-01,3.804965678606282431e-01,2.196797958800624506e-01,-3.167682392704313177e+00,2.573802769374814448e-01
-4.274999999999999911e-01,3.793872484208012930e-01,2.190393300028610490e-01,-3.149064194173067488e+00,2.584202769058691063e-01
-4.262500000000000178e-01,3.782779289809743983e-01,2.183988641256597307e-01,-3.130500355345563701e+00,2.594625500982314925e-01
-4.250000000000000444e-01,3.771686095411475037e-01,2.177583982484583847e-01,-3.111990876221800484e+00,2.605070965145682704e-01
-4.237500000000000711e-01,3.760592901013206091e-01,2.171179323712570663e-01,-3.093535756801778280e+00,2.615539161548798286e-01
-4.224999999999999867e-01,3.749499706614936589e-01,2.164774664940556648e-01,-3.075134997085495758e+00,2.626030090191661115e-01
-4.212500000000000133e-01,3.738406512216667643e-01,2.158370006168543465e-01,-3.056788597072955138e+00,2.636543751074268416e-01
-4.200000000000000400e-01,3.727313317818398697e-01,2.151965347396530004e-01,-3.038496556764155532e+00,2.647080144196620743e-01
-4.187500000000000666e-01,3.716220123420130306e-01,2.145560688624516543e-01,-3.020258876159097383e+00,2.657639269558720874e-01
-4.174999999999999822e-01,3.705126929021860249e-01,2.139156029852502805e-01,-3.002075555257777140e+00,2.668221127160567141e-01
-4.162500000000000089e-01,3.694033734623591303e-01,2.132751371080489344e-01,-2.983946594060199686e+00,2.678825717002158435e-01
-4.150000000000000355e-01,3.682940540225322912e-01,2.126346712308476161e-01,-2.965871992566365023e+00,2.689453039083498087e-01
-4.137500000000000622e-01,3.671847345827053966e-01,2.119942053536462701e-01,-2.947851750776269153e+00,2.700103093404582211e-01
-4.124999999999999778e-01,3.660754151428783909e-01,2.113537394764448685e-01,-2.929885868689912520e+00,2.710775879965413582e-01
-4.112500000000000044e-01,3.649660957030515518e-01,2.107132735992435502e-01,-2.911974346307300010e+00,2.721471398765988869e-01
-4.100000000000000311e-01,3.638567762632246572e-01,2.100728077220422041e-01,-2.894117183628427625e+00,2.732189649806313625e-01
-4.087500000000000577e-01,3.627474568233977625e-01,2.094323418448408858e-01,-2.876314380653295366e+00,2.742930633086383407e-01
-4.074999999999999734e-01,3.616381373835708124e-01,2.087918759676394842e-01,-2.858565937381903233e+00,2.753694348606197106e-01
-4.062500000000000000e-01,3.605288179437439178e-01,2.081514100904381381e-01,-2.840871853814253001e+00,2.764480796365760273e-01
-4.050000000000000266e-01,3.594194985039170231e-01,2.075109442132368198e-01,-2.823232129950343783e+00,2.775289976365069577e-01
-4.037500000000000533e-01,3.583101790640901285e-01,2.068704783360354738e-01,-2.805646765790174690e+00,2.786121888604121688e-01
-4.025000000000000799e-01,3.572008596242632894e-01,2.062300124588341554e-01,-2.788115761333747944e+00,2.796976533082921046e-01
-4.012499999999999956e-01,3.560915401844362838e-01,2.055895465816327539e-01,-2.770639116581059547e+00,2.807853909801469872e-01
-4.000000000000000222e-01,3.549822207446093891e-01,2.049490807044314078e-01,-2.753216831532113495e+00,2.818754018759762614e-01
-3.987500000000000488e-01,3.538729013047825500e-01,2.043086148272300895e-01,-2.735848906186908902e+00,2.829676859957799273e-01
-3.975000000000000755e-01,3.527635818649556554e-01,2.036681489500287434e-01,-2.718535340545444878e+00,2.840622433395583180e-01
-3.962499999999999911e-01,3.516542624251286497e-01,2.030276830728273696e-01,-2.701276134607719648e+00,2.851590739073116554e-01
-3.950000000000000178e-01,3.505449429853018106e-01,2.023872171956260235e-01,-2.684071288373738540e+00,2.862581776990392735e-01
-3.937500000000000444e-01,3.494356235454749160e-01,2.017467513184246775e-01,-2.666920801843496225e+00,2.873595547147415052e-01
-3.925000000000000711e-01,3.483263041056480214e-01,2.011062854412233591e-01,-2.649824675016995368e+00,2.884632049544185728e-01
-3.912499999999999867e-01,3.472169846658210712e-01,2.004658195640219576e-01,-2.632782907894234636e+00,2.895691284180702540e-01
-3.900000000000000133e-01,3.461076652259941766e-01,1.998253536868206393e-01,-2.615795500475215363e+00,2.906773251056964380e-01
-3.887500000000000400e-01,3.449983457861672820e-01,1.991848878096192932e-01,-2.598862452759937103e+00,2.917877950172972357e-01
-3.875000000000000666e-01,3.438890263463403874e-01,1.985444219324179471e-01,-2.581983764748399857e+00,2.929005381528727581e-01
-3.862499999999999822e-01,3.427797069065134372e-01,1.979039560552165733e-01,-2.565159436440603180e+00,2.940155545124226721e-01
-3.850000000000000089e-01,3.416703874666865426e-01,1.972634901780152272e-01,-2.548389467836547073e+00,2.951328440959474220e-01
-3.837500000000000355e-01,3.405610680268596480e-01,1.966230243008139089e-01,-2.531673858936231980e+00,2.962524069034467855e-01
-3.825000000000000622e-01,3.394517485870328088e-01,1.959825584236125628e-01,-2.515012609739658789e+00,2.973742429349206517e-01
-3.812499999999999778e-01,3.383424291472058032e-01,1.953420925464111613e-01,-2.498405720246824391e+00,2.984983521903691317e-01
-3.800000000000000044e-01,3.372331097073789086e-01,1.947016266692098430e-01,-2.481853190457732339e+00,2.996247346697923364e-01
-3.787500000000000311e-01,3.361237902675520695e-01,1.940611607920084969e-01,-2.465355020372381301e+00,3.007533903731900438e-01
-3.775000000000000577e-01,3.350144708277251748e-01,1.934206949148071786e-01,-2.448911209990771276e+00,3.018843193005623649e-01
-3.762499999999999734e-01,3.339051513878981692e-01,1.927802290376057770e-01,-2.432521759312900045e+00,3.030175214519095217e-01
-3.750000000000000000e-01,3.327958319480712746e-01,1.921397631604044309e-01,-2.416186668338771160e+00,3.041529968272310702e-01
-3.737500000000000266e-01,3.316865125082444354e-01,1.914992972832031126e-01,-2.399905937068383732e+00,3.052907454265272325e-01
-3.725000000000000533e-01,3.305771930684175408e-01,1.908588314060017666e-01,-2.383679565501736874e+00,3.064307672497980084e-01
-3.712500000000000799e-01,3.294678736285906462e-01,1.902183655288004482e-01,-2.367507553638831030e+00,3.075730622970436201e-01
-3.699999999999999956e-01,3.283585541887636960e-01,1.895778996515990467e-01,-2.351389901479664868e+00,3.087176305682637345e-01
-3.687500000000000222e-01,3.272492347489368014e-01,1.889374337743977283e-01,-2.335326609024240163e+00,3.098644720634583516e-01
-3.675000000000000488e-01,3.261399153091099068e-01,1.882969678971963823e-01,-2.319317676272556916e+00,3.110135867826276934e-01
-3.662500000000000755e-01,3.250305958692830122e-01,1.876565020199950362e-01,-2.303363103224613795e+00,3.121649747257716490e-01
-3.649999999999999911e-01,3.239212764294560620e-01,1.870160361427936624e-01,-2.287462889880411243e+00,3.133186358928902182e-01
-3.637500000000000178e-01,3.228119569896291674e-01,1.863755702655923163e-01,-2.271617036239950149e+00,3.144745702839832902e-01
-3.625000000000000444e-01,3.217026375498022728e-01,1.857351043883909980e-01,-2.255825542303230069e+00,3.156327778990511979e-01
-3.612500000000000711e-01,3.205933181099754337e-01,1.850946385111896519e-01,-2.240088408070251891e+00,3.167932587380936083e-01
-3.599999999999999867e-01,3.194839986701484280e-01,1.844541726339882504e-01,-2.224405633541011618e+00,3.179560128011106324e-01
-3.587500000000000133e-01,3.183746792303215334e-01,1.838137067567869321e-01,-2.208777218715514135e+00,3.191210400881022702e-01
-3.575000000000000400e-01,3.172653597904946943e-01,1.831732408795855860e-01,-2.193203163593758109e+00,3.202883405990685217e-01
-3.562500000000000666e-01,3.161560403506677996e-01,1.825327750023842677e-01,-2.177683468175742654e+00,3.214579143340093870e-01
-3.549999999999999822e-01,3.150467209108407940e-01,1.818923091251828661e-01,-2.162218132461465547e+00,3.226297612929250880e-01
-3.537500000000000089e-01,3.139374014710139549e-01,1.812518432479815200e-01,-2.146807156450932119e+00,3.238038814758150696e-01
-3.525000000000000355e-01,3.128280820311870603e-01,1.806113773707802017e-01,-2.131450540144138817e+00,3.249802748826796650e-01
-3.512500000000000622e-01,3.117187625913601656e-01,1.799709114935788556e-01,-2.116148283541086528e+00,3.261589415135190961e-01
-3.499999999999999778e-01,3.106094431515332155e-01,1.793304456163774818e-01,-2.100900386641774364e+00,3.273398813683332520e-01
-3.487500000000000044e-01,3.095001237117063209e-01,1.786899797391761358e-01,-2.085706849446204103e+00,3.285230944471215775e-01
-3.475000000000000311e-01,3.083908042718794262e-01,1.780495138619747897e-01,-2.070567671954373523e+00,3.297085807498848498e-01
-3.462500000000000577e-01,3.072814848320525316e-01,1.774090479847734714e-01,-2.055482854166284845e+00,3.308963402766226247e-01
-3.449999999999999734e-01,3.061721653922255815e-01,1.767685821075720698e-01,-2.040452396081935849e+00,3.320863730273352354e-01
-3.437500000000000000e-01,3.050628459523986868e-01,1.761281162303707515e-01,-2.025476297701328754e+00,3.332786790020221268e-01
-3.425000000000000266e-01,3.039535265125717922e-01,1.754876503531694054e-01,-2.010554559024462229e+00,3.344732582006839650e-01
-3.412500000000000533e-01,3.028442070727449531e-01,1.748471844759680593e-01,-1.995687180051337828e+00,3.356701106233200838e-01
-3.400000000000000799e-01,3.017348876329180585e-01,1.742067185987667410e-01,-1.980874160781952886e+00,3.368692362699311493e-01
-3.387499999999999956e-01,3.006255681930910528e-01,1.735662527215653395e-01,-1.966115501216307848e+00,3.380706351405167176e-01
-3.375000000000000222e-01,2.995162487532642137e-01,1.729257868443640211e-01,-1.951411201354405600e+00,3.392743072350767886e-01
-3.362500000000000488e-01,2.984069293134373191e-01,1.722853209671626751e-01,-1.936761261196243700e+00,3.404802525536116953e-01
-3.350000000000000755e-01,2.972976098736104245e-01,1.716448550899613290e-01,-1.922165680741822369e+00,3.416884710961209937e-01
-3.337499999999999911e-01,2.961882904337834743e-01,1.710043892127599552e-01,-1.907624459991141164e+00,3.428989628626050168e-01
-3.325000000000000178e-01,2.950789709939565797e-01,1.703639233355586091e-01,-1.893137598944202082e+00,3.441117278530636536e-01
-3.312500000000000444e-01,2.939696515541296851e-01,1.697234574583572908e-01,-1.878705097601003127e+00,3.453267660674969042e-01
-3.300000000000000711e-01,2.928603321143027904e-01,1.690829915811559447e-01,-1.864326955961545407e+00,3.465440775059046574e-01
-3.287499999999999867e-01,2.917510126744758403e-01,1.684425257039545432e-01,-1.850003174025827812e+00,3.477636621682872464e-01
-3.275000000000000133e-01,2.906416932346489457e-01,1.678020598267532248e-01,-1.835733751793852120e+00,3.489855200546442271e-01
-3.262500000000000400e-01,2.895323737948220510e-01,1.671615939495518788e-01,-1.821518689265616553e+00,3.502096511649758215e-01
-3.250000000000000666e-01,2.884230543549952119e-01,1.665211280723505605e-01,-1.807357986441122666e+00,3.514360554992821406e-01
-3.237499999999999822e-01,2.873137349151682063e-01,1.658806621951491589e-01,-1.793251643320368016e+00,3.526647330575632955e-01
-3.225000000000000089e-01,2.862044154753413117e-01,1.652401963179478406e-01,-1.779199659903355712e+00,3.538956838398187310e-01
-3.212500000000000355e-01,2.850950960355144725e-01,1.645997304407464945e-01,-1.765202036190084423e+00,3.551289078460487803e-01
-3.200000000000000622e-01,2.839857765956875779e-01,1.639592645635451484e-01,-1.751258772180553480e+00,3.563644050762536652e-01
-3.187499999999999778e-01,2.828764571558605723e-01,1.633187986863437746e-01,-1.737369867874762219e+00,3.576021755304332750e-01
-3.175000000000000044e-01,2.817671377160337332e-01,1.626783328091424285e-01,-1.723535323272713526e+00,3.588422192085871654e-01
-3.162500000000000311e-01,2.806578182762068385e-01,1.620378669319411102e-01,-1.709755138374405403e+00,3.600845361107158915e-01
-3.150000000000000577e-01,2.795484988363799439e-01,1.613974010547397642e-01,-1.696029313179837850e+00,3.613291262368192314e-01
-3.137499999999999734e-01,2.784391793965529383e-01,1.607569351775383626e-01,-1.682357847689009978e+00,3.625759895868971849e-01
-3.125000000000000000e-01,2.773298599567260991e-01,1.601164693003370443e-01,-1.668740741901924896e+00,3.638251261609496412e-01
-3.112500000000000266e-01,2.762205405168992045e-01,1.594760034231356982e-01,-1.655177995818580161e+00,3.650765359589767112e-01
-3.100000000000000533e-01,2.751112210770723099e-01,1.588355375459343799e-01,-1.641669609438976218e+00,3.663302189809782838e-01
-3.087499999999999689e-01,2.740019016372453597e-01,1.581950716687329783e-01,-1.628215582763112401e+00,3.675861752269548033e-01
-3.074999999999999956e-01,2.728925821974184651e-01,1.575546057915316323e-01,-1.614815915790990264e+00,3.688444046969057144e-01
-3.062500000000000222e-01,2.717832627575915705e-01,1.569141399143303139e-01,-1.601470608522608918e+00,3.701049073908313503e-01
-3.050000000000000488e-01,2.706739433177646759e-01,1.562736740371289679e-01,-1.588179660957968142e+00,3.713676833087314888e-01
-3.037500000000000755e-01,2.695646238779378367e-01,1.556332081599276496e-01,-1.574943073097069268e+00,3.726327324506062411e-01
-3.024999999999999911e-01,2.684553044381108311e-01,1.549927422827262480e-01,-1.561760844939908965e+00,3.739000548164558291e-01
-3.012500000000000178e-01,2.673459849982839365e-01,1.543522764055249019e-01,-1.548632976486491231e+00,3.751696504062799198e-01
-3.000000000000000444e-01,2.662366655584570974e-01,1.537118105283235836e-01,-1.535559467736814510e+00,3.764415192200785132e-01
-2.987500000000000711e-01,2.651273461186302027e-01,1.530713446511222375e-01,-1.522540318690878358e+00,3.777156612578519423e-01
-2.975000000000000977e-01,2.640180266788033081e-01,1.524308787739209192e-01,-1.509575529348683220e+00,3.789920765195998742e-01
-2.962500000000001243e-01,2.629087072389764135e-01,1.517904128967195732e-01,-1.496665099710228430e+00,3.802707650053224198e-01
-2.949999999999999289e-01,2.617993877991493523e-01,1.511499470195181161e-01,-1.483809029775512878e+00,3.815517267150196901e-01
-2.937499999999999556e-01,2.606900683593224577e-01,1.505094811423167978e-01,-1.471007319544540337e+00,3.828349616486913520e-01
-2.924999999999999822e-01,2.595807489194956186e-01,1.498690152651154517e-01,-1.458259969017308810e+00,3.841204698063377387e-01
-2.912500000000000089e-01,2.584714294796687239e-01,1.492285493879141334e-01,-1.445566978193817853e+00,3.854082511879587392e-01
-2.900000000000000355e-01,2.573621100398418293e-01,1.485880835107127873e-01,-1.432928347074067243e+00,3.866983057935542423e-01
-2.887500000000000622e-01,2.562527906000149347e-01,1.479476176335114412e-01,-1.420344075658058314e+00,3.879906336231245811e-01
-2.875000000000000888e-01,2.551434711601880956e-01,1.473071517563101229e-01,-1.407814163945790176e+00,3.892852346766693117e-01
-2.862500000000001155e-01,2.540341517203612010e-01,1.466666858791087769e-01,-1.395338611937262607e+00,3.905821089541886559e-01
-2.849999999999999201e-01,2.529248322805341398e-01,1.460262200019073475e-01,-1.382917419632474054e+00,3.918812564556829470e-01
-2.837499999999999467e-01,2.518155128407072452e-01,1.453857541247060015e-01,-1.370550587031428069e+00,3.931826771811518517e-01
-2.824999999999999734e-01,2.507061934008803505e-01,1.447452882475046554e-01,-1.358238114134123098e+00,3.944863711305952592e-01
-2.812500000000000000e-01,2.495968739610534837e-01,1.441048223703033371e-01,-1.345980000940559362e+00,3.957923383040130583e-01
-2.800000000000000266e-01,2.484875545212265890e-01,1.434643564931019910e-01,-1.333776247450735752e+00,3.971005787014055821e-01
-2.787500000000000533e-01,2.473782350813997222e-01,1.428238906159006727e-01,-1.321626853664653822e+00,3.984110923227727197e-01
-2.775000000000000799e-01,2.462689156415728275e-01,1.421834247386993266e-01,-1.309531819582312018e+00,3.997238791681145820e-01
-2.762500000000001066e-01,2.451595962017459607e-01,1.415429588614980083e-01,-1.297491145203711671e+00,4.010389392374309470e-01
-2.750000000000001332e-01,2.440502767619190660e-01,1.409024929842966622e-01,-1.285504830528851894e+00,4.023562725307219257e-01
-2.737499999999999378e-01,2.429409573220920049e-01,1.402620271070952052e-01,-1.273572875557730910e+00,4.036758790479878511e-01
-2.724999999999999645e-01,2.418316378822651103e-01,1.396215612298938868e-01,-1.261695280290352938e+00,4.049977587892281683e-01
-2.712499999999999911e-01,2.407223184424382434e-01,1.389810953526925408e-01,-1.249872044726715981e+00,4.063219117544428771e-01
-2.700000000000000178e-01,2.396129990026113488e-01,1.383406294754912225e-01,-1.238103168866819370e+00,4.076483379436325327e-01
-2.687500000000000444e-01,2.385036795627844819e-01,1.377001635982898764e-01,-1.226388652710664218e+00,4.089770373567965800e-01
-2.675000000000000711e-01,2.373943601229575873e-01,1.370596977210885303e-01,-1.214728496258249413e+00,4.103080099939352410e-01
-2.662500000000000977e-01,2.362850406831307204e-01,1.364192318438872120e-01,-1.203122699509575844e+00,4.116412558550485157e-01
-2.650000000000001243e-01,2.351757212433038258e-01,1.357787659666858660e-01,-1.191571262464642844e+00,4.129767749401364041e-01
-2.637499999999999289e-01,2.340664018034767646e-01,1.351383000894844366e-01,-1.180074185123449304e+00,4.143145672491992393e-01
-2.624999999999999556e-01,2.329570823636498700e-01,1.344978342122830905e-01,-1.168631467485997666e+00,4.156546327822365772e-01
-2.612499999999999822e-01,2.318477629238230031e-01,1.338573683350817445e-01,-1.157243109552287708e+00,4.169969715392484177e-01
-2.600000000000000089e-01,2.307384434839961085e-01,1.332169024578804262e-01,-1.145909111322318097e+00,4.183415835202348720e-01
-2.587500000000000355e-01,2.296291240441692416e-01,1.325764365806790801e-01,-1.134629472796089722e+00,4.196884687251958290e-01
-2.575000000000000622e-01,2.285198046043423470e-01,1.319359707034777618e-01,-1.123404193973601695e+00,4.210376271541313997e-01
-2.562500000000000888e-01,2.274104851645154801e-01,1.312955048262764157e-01,-1.112233274854855125e+00,4.223890588070418062e-01
-2.550000000000001155e-01,2.263011657246885855e-01,1.306550389490750697e-01,-1.101116715439848903e+00,4.237427636839266043e-01
-2.537499999999999201e-01,2.251918462848614966e-01,1.300145730718736403e-01,-1.090054515728581697e+00,4.250987417847864602e-01
-2.524999999999999467e-01,2.240825268450346297e-01,1.293741071946722943e-01,-1.079046675721057724e+00,4.264569931096207078e-01
-2.512499999999999734e-01,2.229732074052077351e-01,1.287336413174709759e-01,-1.068093195417274321e+00,4.278175176584293471e-01
-2.500000000000000000e-01,2.218638879653808682e-01,1.280931754402696299e-01,-1.057194074817232154e+00,4.291803154312128221e-01
-2.487500000000000266e-01,2.207545685255540013e-01,1.274527095630682838e-01,-1.046349313920930113e+00,4.305453864279706888e-01
-2.475000000000000533e-01,2.196452490857271067e-01,1.268122436858669655e-01,-1.035558912728369307e+00,4.319127306487031692e-01
-2.462500000000000799e-01,2.185359296459002398e-01,1.261717778086656194e-01,-1.024822871239549515e+00,4.332823480934105964e-01
-2.450000000000001066e-01,2.174266102060733452e-01,1.255313119314643011e-01,-1.014141189454470293e+00,4.346542387620923042e-01
-2.437500000000001332e-01,2.163172907662464783e-01,1.248908460542629550e-01,-1.003513867373132307e+00,4.360284026547487368e-01
-2.424999999999999378e-01,2.152079713264193894e-01,1.242503801770615118e-01,-9.929409049955331135e-01,4.374048397713801162e-01
-2.412499999999999645e-01,2.140986518865924948e-01,1.236099142998601796e-01,-9.824223023216762662e-01,4.387835501119858872e-01
-2.399999999999999911e-01,2.129893324467656279e-01,1.229694484226588336e-01,-9.719580593515608768e-01,4.401645336765661609e-01
-2.387500000000000178e-01,2.118800130069387333e-01,1.223289825454575014e-01,-9.615481760851860571e-01,4.415477904651211594e-01
-2.375000000000000444e-01,2.107706935671118664e-01,1.216885166682561692e-01,-9.511926525225522511e-01,4.429333204776506605e-01
-2.362500000000000711e-01,2.096613741272849718e-01,1.210480507910548370e-01,-9.408914886636590147e-01,4.443211237141547754e-01
-2.350000000000000977e-01,2.085520546874581049e-01,1.204075849138535048e-01,-9.306446845085070141e-01,4.457112001746336150e-01
-2.337500000000001243e-01,2.074427352476312103e-01,1.197671190366521726e-01,-9.204522400570955831e-01,4.471035498590869572e-01
-2.324999999999999289e-01,2.063334158078041491e-01,1.191266531594507155e-01,-9.103141553094233895e-01,4.484981727675152463e-01
-2.312499999999999556e-01,2.052240963679772545e-01,1.184861872822493833e-01,-9.002304302654935420e-01,4.498950688999181491e-01
-2.299999999999999822e-01,2.041147769281503876e-01,1.178457214050480512e-01,-8.902010649253051522e-01,4.512942382562952215e-01
-2.287500000000000089e-01,2.030054574883234930e-01,1.172052555278467190e-01,-8.802260592888571100e-01,4.526956808366470186e-01
-2.275000000000000355e-01,2.018961380484966261e-01,1.165647896506453868e-01,-8.703054133561500816e-01,4.540993966409735405e-01
-2.262500000000000622e-01,2.007868186086697315e-01,1.159243237734440407e-01,-8.604391271271838448e-01,4.555053856692745651e-01
-2.250000000000000888e-01,1.996774991688428647e-01,1.152838578962427085e-01,-8.506272006019586218e-01,4.569136479215504254e-01
-2.237500000000001155e-01,1.985681797290159700e-01,1.146433920190413763e-01,-8.408696337804739684e-01,4.583241833978006774e-01
-2.224999999999999201e-01,1.974588602891889089e-01,1.140029261418399331e-01,-8.311664266627287745e-01,4.597369920980258762e-01
-2.212499999999999467e-01,1.963495408493620142e-01,1.133624602646386009e-01,-8.215175792487261486e-01,4.611520740222253556e-01
-2.199999999999999734e-01,1.952402214095351474e-01,1.127219943874372549e-01,-8.119230915384643144e-01,4.625694291703997818e-01
-2.187500000000000000e-01,1.941309019697082527e-01,1.120815285102359227e-01,-8.023829635319432718e-01,4.639890575425483776e-01
-2.175000000000000266e-01,1.930215825298813859e-01,1.114410626330345905e-01,-7.928971952291630210e-01,4.654109591386720313e-01
-2.162500000000000533e-01,1.919122630900544912e-01,1.108005967558332583e-01,-7.834657866301237839e-01,4.668351339587700766e-01
-2.150000000000000799e-01,1.908029436502276244e-01,1.101601308786319261e-01,-7.740887377348253384e-01,4.682615820028427356e-01
-2.137500000000001066e-01,1.896936242104007297e-01,1.095196650014305939e-01,-7.647660485432679067e-01,4.696903032708900083e-01
-2.124999999999999112e-01,1.885843047705736686e-01,1.088791991242291368e-01,-7.554977190554494904e-01,4.711212977629122278e-01
-2.112499999999999378e-01,1.874749853307467740e-01,1.082387332470278046e-01,-7.462837492713734200e-01,4.725545654789087280e-01
-2.099999999999999645e-01,1.863656658909199071e-01,1.075982673698264724e-01,-7.371241391910388074e-01,4.739901064188797308e-01
-2.087499999999999911e-01,1.852563464510930125e-01,1.069578014926251402e-01,-7.280188888144443204e-01,4.754279205828256805e-01
-2.075000000000000178e-01,1.841470270112661456e-01,1.063173356154238081e-01,-7.189679981415912913e-01,4.768680079707460218e-01
-2.062500000000000444e-01,1.830377075714392510e-01,1.056768697382224620e-01,-7.099714671724788317e-01,4.783103685826408658e-01
-2.050000000000000711e-01,1.819283881316123841e-01,1.050364038610211298e-01,-7.010292959071073859e-01,4.797550024185104345e-01
-2.037500000000000977e-01,1.808190686917854895e-01,1.043959379838197976e-01,-6.921414843454765098e-01,4.812019094783548390e-01
-2.025000000000001243e-01,1.797097492519586226e-01,1.037554721066184654e-01,-6.833080324875868694e-01,4.826510897621736351e-01
-2.012499999999999289e-01,1.786004298121315337e-01,1.031150062294170222e-01,-6.745289403334362444e-01,4.841025432699673781e-01
-1.999999999999999556e-01,1.774911103723046668e-01,1.024745403522156761e-01,-6.658042078830281874e-01,4.855562700017354016e-01
-1.987499999999999822e-01,1.763817909324777722e-01,1.018340744750143440e-01,-6.571338351363609220e-01,4.870122699574782610e-01
-1.975000000000000089e-01,1.752724714926509053e-01,1.011936085978130118e-01,-6.485178220934346704e-01,4.884705431371954010e-01
-1.962500000000000355e-01,1.741631520528240107e-01,1.005531427206116796e-01,-6.399561687542489885e-01,4.899310895408874877e-01
-1.950000000000000622e-01,1.730538326129971438e-01,9.991267684341034738e-02,-6.314488751188045423e-01,4.913939091685539662e-01
-1.937500000000000888e-01,1.719445131731702492e-01,9.927221096620901519e-02,-6.229959411871004438e-01,4.928590020201950583e-01
-1.925000000000001155e-01,1.708351937333433823e-01,9.863174508900766913e-02,-6.145973669591375810e-01,4.943263680958108752e-01
-1.912499999999999201e-01,1.697258742935162934e-01,9.799127921180622591e-02,-6.062531524349139556e-01,4.957960073954016389e-01
-1.899999999999999467e-01,1.686165548536893988e-01,9.735081333460489372e-02,-5.979632976144328982e-01,4.972679199189665722e-01
-1.887499999999999734e-01,1.675072354138625319e-01,9.671034745740356153e-02,-5.897278024976924105e-01,4.987421056665062302e-01
-1.875000000000000000e-01,1.663979159740356373e-01,9.606988158020221547e-02,-5.815466670846929365e-01,5.002185646380203909e-01
-1.862500000000000266e-01,1.652885965342087704e-01,9.542941570300088328e-02,-5.734198913754342541e-01,5.016972968335091654e-01
-1.850000000000000533e-01,1.641792770943819035e-01,9.478894982579955109e-02,-5.653474753699165856e-01,5.031783022529728866e-01
-1.837500000000000799e-01,1.630699576545550089e-01,9.414848394859821890e-02,-5.573294190681394866e-01,5.046615808964108885e-01
-1.825000000000001066e-01,1.619606382147281420e-01,9.350801807139688671e-02,-5.493657224701036235e-01,5.061471327638236151e-01
-1.812499999999999112e-01,1.608513187749010531e-01,9.286755219419542962e-02,-5.414563855758069977e-01,5.076349578552113995e-01
-1.799999999999999378e-01,1.597419993350741585e-01,9.222708631699409743e-02,-5.336014083852524958e-01,5.091250561705732425e-01
-1.787499999999999645e-01,1.586326798952472916e-01,9.158662043979276524e-02,-5.258007908984392298e-01,5.106174277099099212e-01
-1.774999999999999911e-01,1.575233604554203970e-01,9.094615456259143305e-02,-5.180545331153664224e-01,5.121120724732211027e-01
-1.762500000000000178e-01,1.564140410155935301e-01,9.030568868539010086e-02,-5.103626350360347397e-01,5.136089904605070089e-01
-1.750000000000000444e-01,1.553047215757666355e-01,8.966522280818876867e-02,-5.027250966604438487e-01,5.151081816717674178e-01
-1.737500000000000711e-01,1.541954021359397686e-01,8.902475693098742260e-02,-4.951419179885938604e-01,5.166096461070024404e-01
-1.725000000000000977e-01,1.530860826961128740e-01,8.838429105378609041e-02,-4.876130990204846638e-01,5.181133837662120767e-01
-1.712500000000001243e-01,1.519767632562860071e-01,8.774382517658475822e-02,-4.801386397561163699e-01,5.196193946493962157e-01
-1.699999999999999289e-01,1.508674438164589182e-01,8.710335929938331501e-02,-4.727185401954875354e-01,5.211276787565557456e-01
-1.687499999999999556e-01,1.497581243766320513e-01,8.646289342218198282e-02,-4.653528003386010470e-01,5.226382360876891120e-01
-1.674999999999999822e-01,1.486488049368051567e-01,8.582242754498063675e-02,-4.580414201854552392e-01,5.241510666427972032e-01
-1.662500000000000089e-01,1.475394854969782898e-01,8.518196166777930456e-02,-4.507843997360505561e-01,5.256661704218800191e-01
-1.650000000000000355e-01,1.464301660571513952e-01,8.454149579057797237e-02,-4.435817389903863317e-01,5.271835474249372266e-01
-1.637500000000000622e-01,1.453208466173245283e-01,8.390102991337664018e-02,-4.364334379484633430e-01,5.287031976519691590e-01
-1.625000000000000888e-01,1.442115271774976337e-01,8.326056403617530799e-02,-4.293394966102810351e-01,5.302251211029760380e-01
-1.612500000000001155e-01,1.431022077376707669e-01,8.262009815897397580e-02,-4.222999149758396298e-01,5.317493177779571978e-01
-1.599999999999999201e-01,1.419928882978436779e-01,8.197963228177251871e-02,-4.153146930451377949e-01,5.332757876769135263e-01
-1.587499999999999467e-01,1.408835688580168111e-01,8.133916640457118652e-02,-4.083838308181780841e-01,5.348045307998438025e-01
-1.574999999999999734e-01,1.397742494181899164e-01,8.069870052736985433e-02,-4.015073282949591649e-01,5.363355471467488034e-01
-1.562500000000000000e-01,1.386649299783630496e-01,8.005823465016852214e-02,-3.946851854754812594e-01,5.378688367176286400e-01
-1.550000000000000266e-01,1.375556105385361549e-01,7.941776877296718995e-02,-3.879174023597440346e-01,5.394043995124829793e-01
-1.537500000000000533e-01,1.364462910987092881e-01,7.877730289576584388e-02,-3.812039789477478235e-01,5.409422355313119324e-01
-1.525000000000000799e-01,1.353369716588823934e-01,7.813683701856451169e-02,-3.745449152394924042e-01,5.424823447741154991e-01
-1.512500000000001066e-01,1.342276522190555266e-01,7.749637114136317950e-02,-3.679402112349778875e-01,5.440247272408936796e-01
-1.499999999999999112e-01,1.331183327792284377e-01,7.685590526416173629e-02,-3.613898669342029413e-01,5.455693829316468069e-01
-1.487499999999999378e-01,1.320090133394015708e-01,7.621543938696040410e-02,-3.548938823371702300e-01,5.471163118463741037e-01
-1.474999999999999645e-01,1.308996938995746762e-01,7.557497350975905803e-02,-3.484522574438781994e-01,5.486655139850760143e-01
-1.462499999999999911e-01,1.297903744597478093e-01,7.493450763255772584e-02,-3.420649922543271826e-01,5.502169893477528717e-01
-1.450000000000000178e-01,1.286810550199209147e-01,7.429404175535639365e-02,-3.357320867685168464e-01,5.517707379344038987e-01
-1.437500000000000444e-01,1.275717355800940478e-01,7.365357587815506146e-02,-3.294535409864475239e-01,5.533267597450298725e-01
-1.425000000000000711e-01,1.264624161402671532e-01,7.301311000095372927e-02,-3.232293549081189932e-01,5.548850547796302379e-01
-1.412500000000000977e-01,1.253530967004402863e-01,7.237264412375239708e-02,-3.170595285335313651e-01,5.564456230382055502e-01
-1.400000000000001243e-01,1.242437772606133917e-01,7.173217824655105102e-02,-3.109440618626845287e-01,5.580084645207551430e-01
-1.387499999999999289e-01,1.231344578207863166e-01,7.109171236934960780e-02,-3.048829548955775959e-01,5.595735792272799047e-01
-1.374999999999999556e-01,1.220251383809594359e-01,7.045124649214827561e-02,-2.988762076322124539e-01,5.611409671577789471e-01
-1.362499999999999822e-01,1.209158189411325551e-01,6.981078061494694342e-02,-2.929238200725882146e-01,5.627106283122524921e-01
-1.350000000000000089e-01,1.198064995013056744e-01,6.917031473774561123e-02,-2.870257922167048781e-01,5.642825626907005399e-01
-1.337500000000000355e-01,1.186971800614787936e-01,6.852984886054426517e-02,-2.811821240645623332e-01,5.658567702931235344e-01
-1.325000000000000622e-01,1.175878606216519129e-01,6.788938298334293298e-02,-2.753928156161606911e-01,5.674332511195209205e-01
-1.312500000000000888e-01,1.164785411818250321e-01,6.724891710614160079e-02,-2.696578668714999516e-01,5.690120051698931425e-01
-1.300000000000001155e-01,1.153692217419981514e-01,6.660845122894026860e-02,-2.639772778305800038e-01,5.705930324442397561e-01
-1.287499999999999201e-01,1.142599023021710763e-01,6.596798535173881151e-02,-2.583510484933999596e-01,5.721763329425613165e-01
-1.274999999999999467e-01,1.131505828623441956e-01,6.532751947453747932e-02,-2.527791788599618172e-01,5.737619066648571575e-01
-1.262499999999999734e-01,1.120412634225173149e-01,6.468705359733614713e-02,-2.472616689302644388e-01,5.753497536111276123e-01
-1.250000000000000000e-01,1.109319439826904341e-01,6.404658772013481494e-02,-2.417985187043080464e-01,5.769398737813727918e-01
-1.237500000000000266e-01,1.098226245428635534e-01,6.340612184293348275e-02,-2.363897281820923346e-01,5.785322671755925850e-01
-1.225000000000000533e-01,1.087133051030366726e-01,6.276565596573215056e-02,-2.310352973636175811e-01,5.801269337937868809e-01
-1.212500000000000799e-01,1.076039856632097919e-01,6.212519008853081143e-02,-2.257352262488837302e-01,5.817238736359560125e-01
-1.200000000000001066e-01,1.064946662233829111e-01,6.148472421132947924e-02,-2.204895148378906711e-01,5.833230867020996468e-01
-1.187499999999999112e-01,1.053853467835558361e-01,6.084425833412802909e-02,-2.152981631306375987e-01,5.849245729922181170e-01
-1.174999999999999378e-01,1.042760273437289553e-01,6.020379245692669690e-02,-2.101611711271262894e-01,5.865283325063110897e-01
-1.162499999999999645e-01,1.031667079039020746e-01,5.956332657972535777e-02,-2.050785388273558274e-01,5.881343652443785652e-01
-1.149999999999999911e-01,1.020573884640751938e-01,5.892286070252402558e-02,-2.000502662313262681e-01,5.897426712064206544e-01
-1.137500000000000178e-01,1.009480690242483131e-01,5.828239482532269339e-02,-1.950763533390375004e-01,5.913532503924373573e-01
-1.125000000000000444e-01,9.983874958442143233e-02,5.764192894812135426e-02,-1.901568001504896355e-01,5.929661028024287850e-01
-1.112500000000000711e-01,9.872943014459455158e-02,5.700146307092002207e-02,-1.852916066656826177e-01,5.945812284363946043e-01
-1.100000000000000977e-01,9.762011070476767083e-02,5.636099719371868988e-02,-1.804807728846164749e-01,5.961986272943353704e-01
-1.087500000000001243e-01,9.651079126494079008e-02,5.572053131651735075e-02,-1.757242988072912071e-01,5.978182993762504172e-01
-1.074999999999999289e-01,9.540147182511371504e-02,5.508006543931590754e-02,-1.710221844337059538e-01,5.994402446821405217e-01
-1.062499999999999556e-01,9.429215238528683429e-02,5.443959956211456841e-02,-1.663744297638623804e-01,6.010644632120047959e-01
-1.049999999999999822e-01,9.318283294545995354e-02,5.379913368491323622e-02,-1.617810347977596819e-01,6.026909549658437948e-01
-1.037500000000000089e-01,9.207351350563307280e-02,5.315866780771190403e-02,-1.572419995353978306e-01,6.043197199436574074e-01
-1.025000000000000355e-01,9.096419406580619205e-02,5.251820193051056490e-02,-1.527573239767768265e-01,6.059507581454458558e-01
-1.012500000000000622e-01,8.985487462597931130e-02,5.187773605330923271e-02,-1.483270081218967251e-01,6.075840695712086958e-01
-1.000000000000000888e-01,8.874555518615243055e-02,5.123727017610790052e-02,-1.439510519707574709e-01,6.092196542209460386e-01
-9.875000000000011546e-02,8.763623574632554980e-02,5.059680429890656139e-02,-1.396294555233590085e-01,6.108575120946583281e-01
-9.749999999999992006e-02,8.652691630649846088e-02,4.995633842170511124e-02,-1.353622187797006993e-01,6.124976431923454534e-01
-9.624999999999994671e-02,8.541759686667158014e-02,4.931587254450377905e-02,-1.311493417397840144e-01,6.141400475140066373e-01
-9.499999999999997335e-02,8.430827742684469939e-02,4.867540666730244686e-02,-1.269908244036082046e-01,6.157847250596428790e-01
-9.375000000000000000e-02,8.319895798701781864e-02,4.803494079010110773e-02,-1.228866667711732141e-01,6.174316758292534013e-01
-9.250000000000002665e-02,8.208963854719095177e-02,4.739447491289977554e-02,-1.188368688424791264e-01,6.190808998228385374e-01
-9.125000000000005329e-02,8.098031910736407102e-02,4.675400903569844335e-02,-1.148414306175259136e-01,6.207323970403982871e-01
-9.000000000000007994e-02,7.987099966753719027e-02,4.611354315849711116e-02,-1.109003520963135481e-01,6.223861674819328726e-01
-8.875000000000010658e-02,7.876168022771030952e-02,4.547307728129577203e-02,-1.070136332788420019e-01,6.240422111474418498e-01
-8.749999999999991118e-02,7.765236078788322061e-02,4.483261140409432188e-02,-1.031812741651106369e-01,6.257005280369257738e-01
-8.624999999999993783e-02,7.654304134805633986e-02,4.419214552689298969e-02,-9.940327475512084066e-02,6.273611181503839784e-01
-8.499999999999996447e-02,7.543372190822945911e-02,4.355167964969165750e-02,-9.567963504887189163e-02,6.290239814878171298e-01
-8.374999999999999112e-02,7.432440246840257836e-02,4.291121377249031837e-02,-9.201035504636380369e-02,6.306891180492245619e-01
-8.250000000000001776e-02,7.321508302857569761e-02,4.227074789528898618e-02,-8.839543474759659070e-02,6.323565278346067187e-01
-8.125000000000004441e-02,7.210576358874881686e-02,4.163028201808765399e-02,-8.483487415257025266e-02,6.340262108439634892e-01
-8.000000000000007105e-02,7.099644414892193611e-02,4.098981614088631487e-02,-8.132867326128473406e-02,6.356981670772949844e-01
-7.875000000000009770e-02,6.988712470909505536e-02,4.034935026368498268e-02,-7.787683207374010430e-02,6.373723965346007603e-01
-7.750000000000012434e-02,6.877780526926817461e-02,3.970888438648365049e-02,-7.447935058993632174e-02,6.390488992158817050e-01
-7.624999999999992895e-02,6.766848582944109958e-02,3.906841850928220033e-02,-7.113622880987280350e-02,6.407276751211371524e-01
-7.499999999999995559e-02,6.655916638961421883e-02,3.842795263208086814e-02,-6.784746673355074309e-02,6.424087242503669914e-01
-7.374999999999998224e-02,6.544984694978733808e-02,3.778748675487952902e-02,-6.461306436096955763e-02,6.440920466035716663e-01
-7.250000000000000888e-02,6.434052750996045733e-02,3.714702087767819683e-02,-6.143302169212920549e-02,6.457776421807506217e-01
-7.125000000000003553e-02,6.323120807013357658e-02,3.650655500047686464e-02,-5.830733872702974219e-02,6.474655109819041909e-01
-7.000000000000006217e-02,6.212188863030669583e-02,3.586608912327552551e-02,-5.523601546567112608e-02,6.491556530070327069e-01
-6.875000000000008882e-02,6.101256919047981508e-02,3.522562324607419332e-02,-5.221905190805335717e-02,6.508480682561355035e-01
-6.750000000000011546e-02,5.990324975065293434e-02,3.458515736887286113e-02,-4.925644805417646321e-02,6.525427567292131359e-01
-6.624999999999992006e-02,5.879393031082585930e-02,3.394469149167141098e-02,-4.634820390403993073e-02,6.542397184262657150e-01
-6.499999999999994671e-02,5.768461087099897855e-02,3.330422561447007879e-02,-4.349431945764475893e-02,6.559389533472923528e-01
-6.374999999999997335e-02,5.657529143117209780e-02,3.266375973726873966e-02,-4.069479471499044820e-02,6.576404614922936043e-01
-6.250000000000000000e-02,5.546597199134521705e-02,3.202329386006740747e-02,-3.794962967607701243e-02,6.593442428612698025e-01
-6.125000000000002665e-02,5.435665255151833630e-02,3.138282798286607528e-02,-3.525882434090439610e-02,6.610502974542205035e-01
-6.000000000000005329e-02,5.324733311169145555e-02,3.074236210566473962e-02,-3.262237870947266860e-02,6.627586252711458181e-01
-5.875000000000007994e-02,5.213801367186457481e-02,3.010189622846340396e-02,-3.004029278178178830e-02,6.644692263120457465e-01
-5.750000000000010658e-02,5.102869423203769406e-02,2.946143035126206830e-02,-2.751256655783177602e-02,6.661821005769202886e-01
-5.624999999999991118e-02,4.991937479221061902e-02,2.882096447406062162e-02,-2.503920003762220153e-02,6.678972480657696664e-01
-5.499999999999993783e-02,4.881005535238373827e-02,2.818049859685928596e-02,-2.262019322115390446e-02,6.696146687785934359e-01
-5.374999999999996447e-02,4.770073591255685752e-02,2.754003271965795377e-02,-2.025554610842648928e-02,6.713343627153918192e-01
-5.249999999999999112e-02,4.659141647272997677e-02,2.689956684245661811e-02,-1.794525869943992130e-02,6.730563298761648161e-01
-5.125000000000001776e-02,4.548209703290309602e-02,2.625910096525528245e-02,-1.568933099419420746e-02,6.747805702609124268e-01
-5.000000000000004441e-02,4.437277759307621527e-02,2.561863508805395026e-02,-1.348776299268936857e-02,6.765070838696345401e-01
-4.875000000000007105e-02,4.326345815324933453e-02,2.497816921085261460e-02,-1.134055469492536994e-02,6.782358707023313782e-01
-4.750000000000009770e-02,4.215413871342245378e-02,2.433770333365127894e-02,-9.247706100902232385e-03,6.799669307590029410e-01
-4.625000000000012434e-02,4.104481927359557303e-02,2.369723745644994675e-02,-7.209217210619962846e-03,6.817002640396488955e-01
-4.499999999999992895e-02,3.993549983376849105e-02,2.305677157924849660e-02,-5.225088024078200499e-03,6.834358705442700188e-01
-4.374999999999995559e-02,3.882618039394161030e-02,2.241630570204716094e-02,-3.295318541277660052e-03,6.851737502728653118e-01
-4.249999999999998224e-02,3.771686095411472955e-02,2.177583982484582875e-02,-1.419908762217973741e-03,6.869139032254349964e-01
-4.125000000000000888e-02,3.660754151428784881e-02,2.113537394764449309e-02,4.011413131008514932e-04,6.886563294019798498e-01
-4.000000000000003553e-02,3.549822207446096806e-02,2.049490807044315743e-02,2.167831684678815651e-03,6.904010288024987618e-01
-3.875000000000006217e-02,3.438890263463408731e-02,1.985444219324182524e-02,3.880162352515918733e-03,6.921480014269925096e-01
-3.750000000000008882e-02,3.327958319480720656e-02,1.921397631604048958e-02,5.538133316612167678e-03,6.938972472754610932e-01
-3.625000000000011546e-02,3.217026375498032581e-02,1.857351043883915392e-02,7.141744576967555547e-03,6.956487663479039574e-01
-3.499999999999992006e-02,3.106094431515325077e-02,1.793304456163770724e-02,8.690996133582346017e-03,6.974025586443218794e-01
-3.374999999999994671e-02,2.995162487532637002e-02,1.729257868443637158e-02,1.018588798645600479e-02,6.991586241647144151e-01
-3.249999999999997335e-02,2.884230543549948927e-02,1.665211280723503939e-02,1.162642013558880943e-02,7.009169629090810094e-01
-3.125000000000000000e-02,2.773298599567260853e-02,1.601164693003370373e-02,1.301259258098074606e-02,7.026775748774226615e-01
-3.000000000000002665e-02,2.662366655584572778e-02,1.537118105283236981e-02,1.434440532263182855e-02,7.044404600697388164e-01
-2.875000000000005329e-02,2.551434711601884703e-02,1.473071517563103415e-02,1.562185836054205690e-02,7.062056184860294739e-01
-2.750000000000007994e-02,2.440502767619196628e-02,1.409024929842970023e-02,1.684495169471141723e-02,7.079730501262947451e-01
-2.625000000000010658e-02,2.329570823636508553e-02,1.344978342122836630e-02,1.801368532513991649e-02,7.097427549905348521e-01
-2.499999999999991118e-02,2.218638879653800702e-02,1.280931754402691788e-02,1.912805925182775590e-02,7.115147330787495727e-01
-2.374999999999993783e-02,2.107706935671112627e-02,1.216885166682558223e-02,2.018807347477453301e-02,7.132889843909387961e-01
-2.249999999999996447e-02,1.996774991688424553e-02,1.152838578962424830e-02,2.119372799398044904e-02,7.150655089271025222e-01
-2.124999999999999112e-02,1.885843047705736478e-02,1.088791991242291438e-02,2.214502280944550400e-02,7.168443066872410840e-01
-2.000000000000001776e-02,1.774911103723048403e-02,1.024745403522157872e-02,2.304195792116970481e-02,7.186253776713541486e-01
-1.875000000000004441e-02,1.663979159740360328e-02,9.606988158020244792e-03,2.388453332915303762e-02,7.204087218794417158e-01
-1.750000000000007105e-02,1.553047215757672427e-02,8.966522280818910867e-03,2.467274903339551628e-02,7.221943393115041188e-01
-1.625000000000009770e-02,1.442115271774984352e-02,8.326056403617575208e-03,2.540660503389714081e-02,7.239822299675411355e-01
-1.500000000000012434e-02,1.331183327792296277e-02,7.685590526416241283e-03,2.608610133065789732e-02,7.257723938475525438e-01
-1.374999999999992895e-02,1.220251383809588426e-02,7.045124649214792867e-03,2.671123792367790378e-02,7.275648309515390100e-01
-1.249999999999995559e-02,1.109319439826900351e-02,6.404658772013458942e-03,2.728201481295693814e-02,7.293595412794996458e-01
-1.124999999999998224e-02,9.983874958442122763e-03,5.764192894812124150e-03,2.779843199849511143e-02,7.311565248314353394e-01
-1.000000000000000888e-02,8.874555518615242014e-03,5.123727017610789358e-03,2.826048948029242364e-02,7.329557816073449805e-01
-8.750000000000035527e-03,7.765236078788362133e-03,4.483261140409455434e-03,2.866818725834888171e-02,7.347573116072300126e-01
-7.500000000000062172e-03,6.655916638961481384e-03,3.842795263208120642e-03,2.902152533266447176e-02,7.365611148310888812e-01
-6.250000000000088818e-03,5.546597199134600635e-03,3.202329386006786283e-03,2.932050370323920768e-02,7.383671912789226965e-01
-5.000000000000115463e-03,4.437277759307719886e-03,2.561863508805451925e-03,2.956512237007308253e-02,7.401755409507312367e-01
-3.749999999999920064e-03,3.327958319480642246e-03,1.921397631604003509e-03,2.975538133316613099e-02,7.419861638465146125e-01
-2.499999999999946709e-03,2.218638879653761498e-03,1.280931754402668933e-03,2.989128059251828368e-02,7.437990599662720470e-01
-1.249999999999973355e-03,1.109319439826880749e-03,6.404658772013344667e-04,2.997282014812956835e-02,7.456142293100047613e-01
0.000000000000000000e+00,-0.000000000000000000e+00,-0.000000000000000000e+00,2.999999999999999889e-02,7.474316718777113122e-01
1.249999999999973355e-03,-1.109319439826880749e-03,-6.404658772013344667e-04,2.997282014812956835e-02,7.456142293100047613e-01
2.499999999999946709e-03,-2.218638879653761498e-03,-1.280931754402668933e-03,2.989128059251828368e-02,7.437990599662720470e-01
3.749999999999920064e-03,-3.327958319480642246e-03,-1.921397631604003509e-03,2.975538133316613099e-02,7.419861638465146125e-01
4.999999999999893419e-03,-4.437277759307522995e-03,-2.561863508805337867e-03,2.956512237007312416e-02,7.401755409507314587e-01
6.250000000000088818e-03,-5.546597199134600635e-03,-3.202329386006786283e-03,2.932050370323920768e-02,7.383671912789226965e-01
7.500000000000062172e-03,-6.655916638961481384e-03,-3.842795263208120642e-03,2.902152533266447176e-02,7.365611148310888812e-01
8.750000000000035527e-03,-7.765236078788362133e-03,-4.483261140409455434e-03,2.866818725834888171e-02,7.347573116072300126e-01
1.000000000000000888e-02,-8.874555518615242014e-03,-5.123727017610789358e-03,2.826048948029242364e-02,7.329557816073449805e-01
1.124999999999998224e-02,-9.983874958442122763e-03,-5.764192894812124150e-03,2.779843199849511143e-02,7.311565248314353394e-01
1.249999999999995559e-02,-1.109319439826900351e-02,-6.404658772013458942e-03,2.728201481295693814e-02,7.293595412794996458e-01
1.374999999999992895e-02,-1.220251383809588426e-02,-7.045124649214792867e-03,2.671123792367790378e-02,7.275648309515390100e-01
1.499999999999990230e-02,-1.331183327792276501e-02,-7.685590526416127659e-03,2.608610133065801528e-02,7.257723938475528769e-01
1.624999999999987566e-02,-1.442115271774964576e-02,-8.326056403617462451e-03,2.540660503389726571e-02,7.239822299675413575e-01
1.750000000000007105e-02,-1.553047215757672427e-02,-8.966522280818910867e-03,2.467274903339551628e-02,7.221943393115041188e-01
1.875000000000004441e-02,-1.663979159740360328e-02,-9.606988158020244792e-03,2.388453332915303762e-02,7.204087218794417158e-01
2.000000000000001776e-02,-1.774911103723048403e-02,-1.024745403522157872e-02,2.304195792116970481e-02,7.186253776713541486e-01
2.124999999999999112e-02,-1.885843047705736478e-02,-1.088791991242291438e-02,2.214502280944550400e-02,7.168443066872410840e-01
2.249999999999996447e-02,-1.996774991688424553e-02,-1.152838578962424830e-02,2.119372799398044904e-02,7.150655089271025222e-01
2.374999999999993783e-02,-2.107706935671112627e-02,-1.216885166682558223e-02,2.018807347477453301e-02,7.132889843909387961e-01
2.499999999999991118e-02,-2.218638879653800702e-02,-1.280931754402691788e-02,1.912805925182775590e-02,7.115147330787495727e-01
2.624999999999988454e-02,-2.329570823636488777e-02,-1.344978342122825181e-02,1.801368532514012466e-02,7.097427549905350741e-01
2.750000000000007994e-02,-2.440502767619196628e-02,-1.409024929842970023e-02,1.684495169471141723e-02,7.079730501262947451e-01
2.875000000000005329e-02,-2.551434711601884703e-02,-1.473071517563103415e-02,1.562185836054205690e-02,7.062056184860294739e-01
3.000000000000002665e-02,-2.662366655584572778e-02,-1.537118105283236981e-02,1.434440532263182855e-02,7.044404600697388164e-01
3.125000000000000000e-02,-2.773298599567260853e-02,-1.601164693003370373e-02,1.301259258098074606e-02,7.026775748774226615e-01
3.249999999999997335e-02,-2.884230543549948927e-02,-1.665211280723503939e-02,1.162642013558880943e-02,7.009169629090810094e-01
3.374999999999994671e-02,-2.995162487532637002e-02,-1.729257868443637158e-02,1.018588798645600479e-02,6.991586241647144151e-01
3.499999999999992006e-02,-3.106094431515325077e-02,-1.793304456163770724e-02,8.690996133582346017e-03,6.974025586443218794e-01
3.624999999999989342e-02,-3.217026375498013152e-02,-1.857351043883904290e-02,7.141744576967833102e-03,6.956487663479044015e-01
3.750000000000008882e-02,-3.327958319480720656e-02,-1.921397631604048958e-02,5.538133316612167678e-03,6.938972472754610932e-01
3.875000000000006217e-02,-3.438890263463408731e-02,-1.985444219324182524e-02,3.880162352515918733e-03,6.921480014269925096e-01
4.000000000000003553e-02,-3.549822207446096806e-02,-2.049490807044315743e-02,2.167831684678815651e-03,6.904010288024987618e-01
4.125000000000000888e-02,-3.660754151428784881e-02,-2.113537394764449309e-02,4.011413131008514932e-04,6.886563294019798498e-01
4.249999999999998224e-02,-3.771686095411472955e-02,-2.177583982484582875e-02,-1.419908762217973741e-03,6.869139032254349964e-01
4.374999999999995559e-02,-3.882618039394161030e-02,-2.241630570204716094e-02,-3.295318541277660052e-03,6.851737502728653118e-01
4.499999999999992895e-02,-3.993549983376849105e-02,-2.305677157924849660e-02,-5.225088024078200499e-03,6.834358705442700188e-01
4.624999999999990230e-02,-4.104481927359537180e-02,-2.369723745644983226e-02,-7.209217210619602023e-03,6.817002640396493396e-01
4.749999999999987566e-02,-4.215413871342225255e-02,-2.433770333365116445e-02,-9.247706100901864623e-03,6.799669307590031631e-01
4.875000000000007105e-02,-4.326345815324933453e-02,-2.497816921085261460e-02,-1.134055469492536994e-02,6.782358707023313782e-01
5.000000000000004441e-02,-4.437277759307621527e-02,-2.561863508805395026e-02,-1.348776299268936857e-02,6.765070838696345401e-01
5.125000000000001776e-02,-4.548209703290309602e-02,-2.625910096525528245e-02,-1.568933099419420746e-02,6.747805702609124268e-01
5.249999999999999112e-02,-4.659141647272997677e-02,-2.689956684245661811e-02,-1.794525869943992130e-02,6.730563298761648161e-01
5.374999999999996447e-02,-4.770073591255685752e-02,-2.754003271965795377e-02,-2.025554610842648928e-02,6.713343627153918192e-01
5.499999999999993783e-02,-4.881005535238373827e-02,-2.818049859685928596e-02,-2.262019322115390446e-02,6.696146687785934359e-01
5.624999999999991118e-02,-4.991937479221061902e-02,-2.882096447406062162e-02,-2.503920003762220153e-02,6.678972480657696664e-01
5.749999999999988454e-02,-5.102869423203749977e-02,-2.946143035126195728e-02,-2.751256655783133886e-02,6.661821005769205106e-01
5.875000000000007994e-02,-5.213801367186457481e-02,-3.010189622846340396e-02,-3.004029278178178830e-02,6.644692263120457465e-01
6.000000000000005329e-02,-5.324733311169145555e-02,-3.074236210566473962e-02,-3.262237870947266860e-02,6.627586252711458181e-01
6.125000000000002665e-02,-5.435665255151833630e-02,-3.138282798286607528e-02,-3.525882434090439610e-02,6.610502974542205035e-01
6.250000000000000000e-02,-5.546597199134521705e-02,-3.202329386006740747e-02,-3.794962967607701243e-02,6.593442428612698025e-01
6.374999999999997335e-02,-5.657529143117209780e-02,-3.266375973726873966e-02,-4.069479471499044820e-02,6.576404614922936043e-01
6.499999999999994671e-02,-5.768461087099897855e-02,-3.330422561447007879e-02,-4.349431945764475893e-02,6.559389533472923528e-01
6.624999999999992006e-02,-5.879393031082585930e-02,-3.394469149167141098e-02,-4.634820390403993073e-02,6.542397184262657150e-01
6.749999999999989342e-02,-5.990324975065274005e-02,-3.458515736887274317e-02,-4.925644805417596361e-02,6.525427567292133579e-01
6.875000000000008882e-02,-6.101256919047981508e-02,-3.522562324607419332e-02,-5.221905190805335717e-02,6.508480682561355035e-01
7.000000000000006217e-02,-6.212188863030669583e-02,-3.586608912327552551e-02,-5.523601546567112608e-02,6.491556530070327069e-01
7.125000000000003553e-02,-6.323120807013357658e-02,-3.650655500047686464e-02,-5.830733872702974219e-02,6.474655109819041909e-01
7.250000000000000888e-02,-6.434052750996045733e-02,-3.714702087767819683e-02,-6.143302169212920549e-02,6.457776421807506217e-01
7.374999999999998224e-02,-6.544984694978733808e-02,-3.778748675487952902e-02,-6.461306436096955763e-02,6.440920466035716663e-01
7.499999999999995559e-02,-6.655916638961421883e-02,-3.842795263208086814e-02,-6.784746673355074309e-02,6.424087242503669914e-01
7.624999999999992895e-02,-6.766848582944109958e-02,-3.906841850928220033e-02,-7.113622880987280350e-02,6.407276751211371524e-01
7.749999999999990230e-02,-6.877780526926798033e-02,-3.970888438648353252e-02,-7.447935058993571111e-02,6.390488992158818160e-01
7.874999999999987566e-02,-6.988712470909486107e-02,-4.034935026368487165e-02,-7.787683207373949368e-02,6.373723965346013154e-01
8.000000000000007105e-02,-7.099644414892193611e-02,-4.098981614088631487e-02,-8.132867326128473406e-02,6.356981670772949844e-01
8.125000000000004441e-02,-7.210576358874881686e-02,-4.163028201808765399e-02,-8.483487415257025266e-02,6.340262108439634892e-01
8.250000000000001776e-02,-7.321508302857569761e-02,-4.227074789528898618e-02,-8.839543474759659070e-02,6.323565278346067187e-01
8.374999999999999112e-02,-7.432440246840257836e-02,-4.291121377249031837e-02,-9.201035504636380369e-02,6.306891180492245619e-01
8.499999999999996447e-02,-7.543372190822945911e-02,-4.355167964969165750e-02,-9.567963504887189163e-02,6.290239814878171298e-01
8.624999999999993783e-02,-7.654304134805633986e-02,-4.419214552689298969e-02,-9.940327475512084066e-02,6.273611181503839784e-01
8.749999999999991118e-02,-7.765236078788322061e-02,-4.483261140409432188e-02,-1.031812741651106369e-01,6.257005280369257738e-01
8.874999999999988454e-02,-7.876168022771010135e-02,-4.547307728129566101e-02,-1.070136332788412803e-01,6.240422111474422939e-01
9.000000000000007994e-02,-7.987099966753719027e-02,-4.611354315849711116e-02,-1.109003520963135481e-01,6.223861674819328726e-01
9.125000000000005329e-02,-8.098031910736407102e-02,-4.675400903569844335e-02,-1.148414306175259136e-01,6.207323970403982871e-01
9.250000000000002665e-02,-8.208963854719095177e-02,-4.739447491289977554e-02,-1.188368688424791264e-01,6.190808998228385374e-01
9.375000000000000000e-02,-8.319895798701781864e-02,-4.803494079010110773e-02,-1.228866667711732141e-01,6.174316758292534013e-01
9.499999999999997335e-02,-8.430827742684469939e-02,-4.867540666730244686e-02,-1.269908244036082046e-01,6.157847250596428790e-01
9.624999999999994671e-02,-8.541759686667158014e-02,-4.931587254450377905e-02,-1.311493417397840144e-01,6.141400475140066373e-01
9.749999999999992006e-02,-8.652691630649846088e-02,-4.995633842170511124e-02,-1.353622187797006993e-01,6.124976431923454534e-01
9.874999999999989342e-02,-8.763623574632534163e-02,-5.059680429890645037e-02,-1.396294555233582313e-01,6.108575120946584391e-01
1.000000000000000888e-01,-8.874555518615243055e-02,-5.123727017610790052e-02,-1.439510519707574709e-01,6.092196542209460386e-01
1.012500000000000622e-01,-8.985487462597931130e-02,-5.187773605330923271e-02,-1.483270081218967251e-01,6.075840695712086958e-01
1.025000000000000355e-01,-9.096419406580619205e-02,-5.251820193051056490e-02,-1.527573239767768265e-01,6.059507581454458558e-01
1.037500000000000089e-01,-9.207351350563307280e-02,-5.315866780771190403e-02,-1.572419995353978306e-01,6.043197199436574074e-01
1.049999999999999822e-01,-9.318283294545995354e-02,-5.379913368491323622e-02,-1.617810347977596819e-01,6.026909549658437948e-01
1.062499999999999556e-01,-9.429215238528683429e-02,-5.443959956211456841e-02,-1.663744297638623804e-01,6.010644632120047959e-01
1.074999999999999289e-01,-9.540147182511371504e-02,-5.508006543931590754e-02,-1.710221844337059538e-01,5.994402446821405217e-01
1.087499999999999023e-01,-9.651079126494059579e-02,-5.572053131651723973e-02,-1.757242988072903744e-01,5.978182993762508612e-01
1.099999999999998757e-01,-9.762011070476747654e-02,-5.636099719371857192e-02,-1.804807728846156145e-01,5.961986272943354814e-01
1.112500000000000711e-01,-9.872943014459455158e-02,-5.700146307092002207e-02,-1.852916066656826177e-01,5.945812284363946043e-01
1.125000000000000444e-01,-9.983874958442143233e-02,-5.764192894812135426e-02,-1.901568001504896355e-01,5.929661028024287850e-01
1.137500000000000178e-01,-1.009480690242483131e-01,-5.828239482532269339e-02,-1.950763533390375004e-01,5.913532503924373573e-01
1.149999999999999911e-01,-1.020573884640751938e-01,-5.892286070252402558e-02,-2.000502662313262681e-01,5.897426712064206544e-01
1.162499999999999645e-01,-1.031667079039020746e-01,-5.956332657972535777e-02,-2.050785388273558274e-01,5.881343652443785652e-01
1.174999999999999378e-01,-1.042760273437289553e-01,-6.020379245692669690e-02,-2.101611711271262894e-01,5.865283325063110897e-01
1.187499999999999112e-01,-1.053853467835558361e-01,-6.084425833412802909e-02,-2.152981631306375987e-01,5.849245729922181170e-01
1.199999999999998845e-01,-1.064946662233827168e-01,-6.148472421132936128e-02,-2.204895148378897829e-01,5.833230867020999799e-01
1.212500000000000799e-01,-1.076039856632097919e-01,-6.212519008853081143e-02,-2.257352262488837302e-01,5.817238736359560125e-01
1.225000000000000533e-01,-1.087133051030366726e-01,-6.276565596573215056e-02,-2.310352973636175811e-01,5.801269337937868809e-01
1.237500000000000266e-01,-1.098226245428635534e-01,-6.340612184293348275e-02,-2.363897281820923346e-01,5.785322671755925850e-01
1.250000000000000000e-01,-1.109319439826904341e-01,-6.404658772013481494e-02,-2.417985187043080464e-01,5.769398737813727918e-01
1.262499999999999734e-01,-1.120412634225173149e-01,-6.468705359733614713e-02,-2.472616689302644388e-01,5.753497536111276123e-01
1.274999999999999467e-01,-1.131505828623441956e-01,-6.532751947453747932e-02,-2.527791788599618172e-01,5.737619066648571575e-01
1.287499999999999201e-01,-1.142599023021710763e-01,-6.596798535173881151e-02,-2.583510484933999596e-01,5.721763329425613165e-01
1.299999999999998934e-01,-1.153692217419979571e-01,-6.660845122894015757e-02,-2.639772778305790046e-01,5.705930324442402002e-01
1.312500000000000888e-01,-1.164785411818250321e-01,-6.724891710614160079e-02,-2.696578668714999516e-01,5.690120051698931425e-01
1.325000000000000622e-01,-1.175878606216519129e-01,-6.788938298334293298e-02,-2.753928156161606911e-01,5.674332511195209205e-01
1.337500000000000355e-01,-1.186971800614787936e-01,-6.852984886054426517e-02,-2.811821240645623332e-01,5.658567702931235344e-01
1.350000000000000089e-01,-1.198064995013056744e-01,-6.917031473774561123e-02,-2.870257922167048781e-01,5.642825626907005399e-01
1.362499999999999822e-01,-1.209158189411325551e-01,-6.981078061494694342e-02,-2.929238200725882146e-01,5.627106283122524921e-01
1.374999999999999556e-01,-1.220251383809594359e-01,-7.045124649214827561e-02,-2.988762076322124539e-01,5.611409671577789471e-01
1.387499999999999289e-01,-1.231344578207863166e-01,-7.109171236934960780e-02,-3.048829548955775959e-01,5.595735792272799047e-01
1.399999999999999023e-01,-1.242437772606131974e-01,-7.173217824655093999e-02,-3.109440618626834185e-01,5.580084645207556981e-01
1.412499999999998757e-01,-1.253530967004400920e-01,-7.237264412375227218e-02,-3.170595285335302549e-01,5.564456230382056612e-01
1.425000000000000711e-01,-1.264624161402671532e-01,-7.301311000095372927e-02,-3.232293549081189932e-01,5.548850547796302379e-01
1.437500000000000444e-01,-1.275717355800940478e-01,-7.365357587815506146e-02,-3.294535409864475239e-01,5.533267597450298725e-01
1.450000000000000178e-01,-1.286810550199209147e-01,-7.429404175535639365e-02,-3.357320867685168464e-01,5.517707379344038987e-01
1.462499999999999911e-01,-1.297903744597478093e-01,-7.493450763255772584e-02,-3.420649922543271826e-01,5.502169893477528717e-01
1.474999999999999645e-01,-1.308996938995746762e-01,-7.557497350975905803e-02,-3.484522574438781994e-01,5.486655139850760143e-01
1.487499999999999378e-01,-1.320090133394015708e-01,-7.621543938696040410e-02,-3.548938823371702300e-01,5.471163118463741037e-01
1.499999999999999112e-01,-1.331183327792284377e-01,-7.685590526416173629e-02,-3.613898669342029413e-01,5.455693829316468069e-01
1.512499999999998845e-01,-1.342276522190553323e-01,-7.749637114136306848e-02,-3.679402112349767773e-01,5.440247272408939017e-01
1.525000000000000799e-01,-1.353369716588823934e-01,-7.813683701856451169e-02,-3.745449152394924042e-01,5.424823447741154991e-01
1.537500000000000533e-01,-1.364462910987092881e-01,-7.877730289576584388e-02,-3.812039789477478235e-01,5.409422355313119324e-01
1.550000000000000266e-01,-1.375556105385361549e-01,-7.941776877296718995e-02,-3.879174023597440346e-01,5.394043995124829793e-01
1.562500000000000000e-01,-1.386649299783630496e-01,-8.005823465016852214e-02,-3.946851854754812594e-01,5.378688367176286400e-01
1.574999999999999734e-01,-1.397742494181899164e-01,-8.069870052736985433e-02,-4.015073282949591649e-01,5.363355471467488034e-01
1.587499999999999467e-01,-1.408835688580168111e-01,-8.133916640457118652e-02,-4.083838308181780841e-01,5.348045307998438025e-01
1.599999999999999201e-01,-1.419928882978436779e-01,-8.197963228177251871e-02,-4.153146930451377949e-01,5.332757876769135263e-01
1.612499999999998934e-01,-1.431022077376705726e-01,-8.262009815897385090e-02,-4.222999149758382975e-01,5.317493177779574198e-01
1.625000000000000888e-01,-1.442115271774976337e-01,-8.326056403617530799e-02,-4.293394966102810351e-01,5.302251211029760380e-01
1.637500000000000622e-01,-1.453208466173245283e-01,-8.390102991337664018e-02,-4.364334379484633430e-01,5.287031976519691590e-01
1.650000000000000355e-01,-1.464301660571513952e-01,-8.454149579057797237e-02,-4.435817389903863317e-01,5.271835474249372266e-01
1.662500000000000089e-01,-1.475394854969782898e-01,-8.518196166777930456e-02,-4.507843997360505561e-01,5.256661704218800191e-01
1.674999999999999822e-01,-1.486488049368051567e-01,-8.582242754498063675e-02,-4.580414201854552392e-01,5.241510666427972032e-01
1.687499999999999556e-01,-1.497581243766320513e-01,-8.646289342218198282e-02,-4.653528003386010470e-01,5.226382360876891120e-01
1.699999999999999289e-01,-1.508674438164589182e-01,-8.710335929938331501e-02,-4.727185401954875354e-01,5.211276787565557456e-01
1.712499999999999023e-01,-1.519767632562858128e-01,-8.774382517658464720e-02,-4.801386397561150376e-01,5.196193946493966598e-01
1.724999999999998757e-01,-1.530860826961126797e-01,-8.838429105378597939e-02,-4.876130990204833315e-01,5.181133837662124098e-01
1.737500000000000711e-01,-1.541954021359397686e-01,-8.902475693098742260e-02,-4.951419179885938604e-01,5.166096461070024404e-01
1.750000000000000444e-01,-1.553047215757666355e-01,-8.966522280818876867e-02,-5.027250966604438487e-01,5.151081816717674178e-01
1.762500000000000178e-01,-1.564140410155935301e-01,-9.030568868539010086e-02,-5.103626350360347397e-01,5.136089904605070089e-01
1.774999999999999911e-01,-1.575233604554203970e-01,-9.094615456259143305e-02,-5.180545331153664224e-01,5.121120724732211027e-01
1.787499999999999645e-01,-1.586326798952472916e-01,-9.158662043979276524e-02,-5.258007908984392298e-01,5.106174277099099212e-01
1.799999999999999378e-01,-1.597419993350741585e-01,-9.222708631699409743e-02,-5.336014083852524958e-01,5.091250561705732425e-01
1.812499999999999112e-01,-1.608513187749010531e-01,-9.286755219419542962e-02,-5.414563855758069977e-01,5.076349578552113995e-01
1.824999999999998845e-01,-1.619606382147279200e-01,-9.350801807139677568e-02,-5.493657224701020692e-01,5.061471327638239481e-01
1.837500000000000799e-01,-1.630699576545550089e-01,-9.414848394859821890e-02,-5.573294190681394866e-01,5.046615808964108885e-01
1.850000000000000533e-01,-1.641792770943819035e-01,-9.478894982579955109e-02,-5.653474753699165856e-01,5.031783022529728866e-01
1.862500000000000266e-01,-1.652885965342087704e-01,-9.542941570300088328e-02,-5.734198913754342541e-01,5.016972968335091654e-01
1.875000000000000000e-01,-1.663979159740356373e-01,-9.606988158020221547e-02,-5.815466670846929365e-01,5.002185646380203909e-01
1.887499999999999734e-01,-1.675072354138625319e-01,-9.671034745740356153e-02,-5.897278024976924105e-01,4.987421056665062302e-01
1.899999999999999467e-01,-1.686165548536893988e-01,-9.735081333460489372e-02,-5.979632976144328982e-01,4.972679199189665722e-01
1.912499999999999201e-01,-1.697258742935162934e-01,-9.799127921180622591e-02,-6.062531524349139556e-01,4.957960073954016389e-01
1.924999999999998934e-01,-1.708351937333431603e-01,-9.863174508900755810e-02,-6.145973669591360267e-01,4.943263680958110973e-01
1.937500000000000888e-01,-1.719445131731702492e-01,-9.927221096620901519e-02,-6.229959411871004438e-01,4.928590020201950583e-01
1.950000000000000622e-01,-1.730538326129971438e-01,-9.991267684341034738e-02,-6.314488751188045423e-01,4.913939091685539662e-01
1.962500000000000355e-01,-1.741631520528240107e-01,-1.005531427206116796e-01,-6.399561687542489885e-01,4.899310895408874877e-01
1.975000000000000089e-01,-1.752724714926509053e-01,-1.011936085978130118e-01,-6.485178220934346704e-01,4.884705431371954010e-01
1.987499999999999822e-01,-1.763817909324777722e-01,-1.018340744750143440e-01,-6.571338351363609220e-01,4.870122699574782610e-01
1.999999999999999556e-01,-1.774911103723046668e-01,-1.024745403522156761e-01,-6.658042078830281874e-01,4.855562700017354016e-01
2.012499999999999289e-01,-1.786004298121315337e-01,-1.031150062294170222e-01,-6.745289403334362444e-01,4.841025432699673781e-01
2.024999999999999023e-01,-1.797097492519584283e-01,-1.037554721066183544e-01,-6.833080324875853151e-01,4.826510897621738572e-01
2.037500000000000977e-01,-1.808190686917854895e-01,-1.043959379838197976e-01,-6.921414843454765098e-01,4.812019094783548390e-01
2.050000000000000711e-01,-1.819283881316123841e-01,-1.050364038610211298e-01,-7.010292959071073859e-01,4.797550024185104345e-01
2.062500000000000444e-01,-1.830377075714392510e-01,-1.056768697382224620e-01,-7.099714671724788317e-01,4.783103685826408658e-01
2.075000000000000178e-01,-1.841470270112661456e-01,-1.063173356154238081e-01,-7.189679981415912913e-01,4.768680079707460218e-01
2.087499999999999911e-01,-1.852563464510930125e-01,-1.069578014926251402e-01,-7.280188888144443204e-01,4.754279205828256805e-01
2.099999999999999645e-01,-1.863656658909199071e-01,-1.075982673698264724e-01,-7.371241391910388074e-01,4.739901064188797308e-01
2.112499999999999378e-01,-1.874749853307467740e-01,-1.082387332470278046e-01,-7.462837492713734200e-01,4.725545654789087280e-01
2.124999999999999112e-01,-1.885843047705736686e-01,-1.088791991242291368e-01,-7.554977190554494904e-01,4.711212977629122278e-01
2.137499999999998845e-01,-1.896936242104005355e-01,-1.095196650014304690e-01,-7.647660485432661304e-01,4.696903032708902304e-01
2.150000000000000799e-01,-1.908029436502276244e-01,-1.101601308786319261e-01,-7.740887377348253384e-01,4.682615820028427356e-01
2.162500000000000533e-01,-1.919122630900544912e-01,-1.108005967558332583e-01,-7.834657866301237839e-01,4.668351339587700766e-01
2.175000000000000266e-01,-1.930215825298813859e-01,-1.114410626330345905e-01,-7.928971952291630210e-01,4.654109591386720313e-01
2.187500000000000000e-01,-1.941309019697082527e-01,-1.120815285102359227e-01,-8.023829635319432718e-01,4.639890575425483776e-01
2.199999999999999734e-01,-1.952402214095351474e-01,-1.127219943874372549e-01,-8.119230915384643144e-01,4.625694291703997818e-01
2.212499999999999467e-01,-1.963495408493620142e-01,-1.133624602646386009e-01,-8.215175792487261486e-01,4.611520740222253556e-01
2.224999999999999201e-01,-1.974588602891889089e-01,-1.140029261418399331e-01,-8.311664266627287745e-01,4.597369920980258762e-01
2.237499999999998934e-01,-1.985681797290157757e-01,-1.146433920190412653e-01,-8.408696337804724141e-01,4.583241833978010105e-01
2.250000000000000888e-01,-1.996774991688428647e-01,-1.152838578962427085e-01,-8.506272006019586218e-01,4.569136479215504254e-01
2.262500000000000622e-01,-2.007868186086697315e-01,-1.159243237734440407e-01,-8.604391271271838448e-01,4.555053856692745651e-01
2.275000000000000355e-01,-2.018961380484966261e-01,-1.165647896506453868e-01,-8.703054133561500816e-01,4.540993966409735405e-01
2.287500000000000089e-01,-2.030054574883234930e-01,-1.172052555278467190e-01,-8.802260592888571100e-01,4.526956808366470186e-01
2.299999999999999822e-01,-2.041147769281503876e-01,-1.178457214050480512e-01,-8.902010649253051522e-01,4.512942382562952215e-01
2.312499999999999556e-01,-2.052240963679772545e-01,-1.184861872822493833e-01,-9.002304302654935420e-01,4.498950688999181491e-01
2.324999999999999289e-01,-2.063334158078041491e-01,-1.191266531594507155e-01,-9.103141553094233895e-01,4.484981727675152463e-01
2.337499999999999023e-01,-2.074427352476310160e-01,-1.197671190366520477e-01,-9.204522400570938068e-01,4.471035498590872903e-01
2.350000000000000977e-01,-2.085520546874581049e-01,-1.204075849138535048e-01,-9.306446845085070141e-01,4.457112001746336150e-01
2.362500000000000711e-01,-2.096613741272849718e-01,-1.210480507910548370e-01,-9.408914886636590147e-01,4.443211237141547754e-01
2.375000000000000444e-01,-2.107706935671118664e-01,-1.216885166682561692e-01,-9.511926525225522511e-01,4.429333204776506605e-01
2.387500000000000178e-01,-2.118800130069387333e-01,-1.223289825454575014e-01,-9.615481760851860571e-01,4.415477904651211594e-01
2.399999999999999911e-01,-2.129893324467656279e-01,-1.229694484226588336e-01,-9.719580593515608768e-01,4.401645336765661609e-01
2.412499999999999645e-01,-2.140986518865924948e-01,-1.236099142998601796e-01,-9.824223023216762662e-01,4.387835501119858872e-01
2.424999999999999378e-01,-2.152079713264193894e-01,-1.242503801770615118e-01,-9.929409049955331135e-01,4.374048397713801162e-01
2.437499999999999112e-01,-2.163172907662462563e-01,-1.248908460542628440e-01,-1.003513867373130308e+00,4.360284026547489589e-01
2.449999999999998845e-01,-2.174266102060731509e-01,-1.255313119314641901e-01,-1.014141189454468517e+00,4.346542387620926373e-01
2.462500000000000799e-01,-2.185359296459002398e-01,-1.261717778086656194e-01,-1.024822871239549515e+00,4.332823480934105964e-01
2.475000000000000533e-01,-2.196452490857271067e-01,-1.268122436858669655e-01,-1.035558912728369307e+00,4.319127306487031692e-01
2.487500000000000266e-01,-2.207545685255540013e-01,-1.274527095630682838e-01,-1.046349313920930113e+00,4.305453864279706888e-01
2.500000000000000000e-01,-2.218638879653808682e-01,-1.280931754402696299e-01,-1.057194074817232154e+00,4.291803154312128221e-01
2.512499999999999734e-01,-2.229732074052077351e-01,-1.287336413174709759e-01,-1.068093195417274321e+00,4.278175176584293471e-01
2.524999999999999467e-01,-2.240825268450346297e-01,-1.293741071946722943e-01,-1.079046675721057724e+00,4.264569931096207078e-01
2.537499999999999201e-01,-2.251918462848614966e-01,-1.300145730718736403e-01,-1.090054515728581697e+00,4.250987417847864602e-01
2.549999999999998934e-01,-2.263011657246883912e-01,-1.306550389490749586e-01,-1.101116715439847127e+00,4.237427636839269374e-01
2.562500000000000888e-01,-2.274104851645154801e-01,-1.312955048262764157e-01,-1.112233274854855125e+00,4.223890588070418062e-01
2.575000000000000622e-01,-2.285198046043423470e-01,-1.319359707034777618e-01,-1.123404193973601695e+00,4.210376271541313997e-01
2.587500000000000355e-01,-2.296291240441692416e-01,-1.325764365806790801e-01,-1.134629472796089722e+00,4.196884687251958290e-01
2.600000000000000089e-01,-2.307384434839961085e-01,-1.332169024578804262e-01,-1.145909111322318097e+00,4.183415835202348720e-01
2.612499999999999822e-01,-2.318477629238230031e-01,-1.338573683350817445e-01,-1.157243109552287708e+00,4.169969715392484177e-01
2.624999999999999556e-01,-2.329570823636498700e-01,-1.344978342122830905e-01,-1.168631467485997666e+00,4.156546327822365772e-01
2.637499999999999289e-01,-2.340664018034767646e-01,-1.351383000894844366e-01,-1.180074185123449304e+00,4.143145672491992393e-01
2.649999999999999023e-01,-2.351757212433036315e-01,-1.357787659666857549e-01,-1.191571262464640846e+00,4.129767749401367372e-01
2.662500000000000977e-01,-2.362850406831307204e-01,-1.364192318438872120e-01,-1.203122699509575844e+00,4.116412558550485157e-01
2.675000000000000711e-01,-2.373943601229575873e-01,-1.370596977210885303e-01,-1.214728496258249413e+00,4.103080099939352410e-01
2.687500000000000444e-01,-2.385036795627844819e-01,-1.377001635982898764e-01,-1.226388652710664218e+00,4.089770373567965800e-01
2.700000000000000178e-01,-2.396129990026113488e-01,-1.383406294754912225e-01,-1.238103168866819370e+00,4.076483379436325327e-01
2.712499999999999911e-01,-2.407223184424382434e-01,-1.389810953526925408e-01,-1.249872044726715981e+00,4.063219117544428771e-01
2.724999999999999645e-01,-2.418316378822651103e-01,-1.396215612298938868e-01,-1.261695280290352938e+00,4.049977587892281683e-01
2.737499999999999378e-01,-2.429409573220920049e-01,-1.402620271070952052e-01,-1.273572875557730910e+00,4.036758790479878511e-01
2.749999999999999112e-01,-2.440502767619188718e-01,-1.409024929842965512e-01,-1.285504830528849673e+00,4.023562725307222587e-01
2.762499999999998845e-01,-2.451595962017457664e-01,-1.415429588614978695e-01,-1.297491145203709229e+00,4.010389392374312800e-01
2.775000000000000799e-01,-2.462689156415728275e-01,-1.421834247386993266e-01,-1.309531819582312018e+00,3.997238791681145820e-01
2.787500000000000533e-01,-2.473782350813997222e-01,-1.428238906159006727e-01,-1.321626853664653822e+00,3.984110923227727197e-01
2.800000000000000266e-01,-2.484875545212265890e-01,-1.434643564931019910e-01,-1.333776247450735752e+00,3.971005787014055821e-01
2.812500000000000000e-01,-2.495968739610534837e-01,-1.441048223703033371e-01,-1.345980000940559362e+00,3.957923383040130583e-01
2.824999999999999734e-01,-2.507061934008803505e-01,-1.447452882475046554e-01,-1.358238114134123098e+00,3.944863711305952592e-01
2.837499999999999467e-01,-2.518155128407072452e-01,-1.453857541247060015e-01,-1.370550587031428069e+00,3.931826771811518517e-01
2.849999999999999201e-01,-2.529248322805341398e-01,-1.460262200019073475e-01,-1.382917419632474054e+00,3.918812564556829470e-01
2.862499999999998934e-01,-2.540341517203609789e-01,-1.466666858791086658e-01,-1.395338611937260165e+00,3.905821089541889890e-01
2.875000000000000888e-01,-2.551434711601880956e-01,-1.473071517563101229e-01,-1.407814163945790176e+00,3.892852346766693117e-01
2.887500000000000622e-01,-2.562527906000149347e-01,-1.479476176335114412e-01,-1.420344075658058314e+00,3.879906336231245811e-01
2.900000000000000355e-01,-2.573621100398418293e-01,-1.485880835107127873e-01,-1.432928347074067243e+00,3.866983057935542423e-01
2.912500000000000089e-01,-2.584714294796687239e-01,-1.492285493879141334e-01,-1.445566978193817853e+00,3.854082511879587392e-01
2.924999999999999822e-01,-2.595807489194956186e-01,-1.498690152651154517e-01,-1.458259969017308810e+00,3.841204698063377387e-01
2.937499999999999556e-01,-2.606900683593224577e-01,-1.505094811423167978e-01,-1.471007319544540337e+00,3.828349616486913520e-01
2.949999999999999289e-01,-2.617993877991493523e-01,-1.511499470195181161e-01,-1.483809029775512878e+00,3.815517267150196901e-01
2.962499999999999023e-01,-2.629087072389762469e-01,-1.517904128967194621e-01,-1.496665099710226654e+00,3.802707650053226418e-01
2.975000000000000977e-01,-2.640180266788033081e-01,-1.524308787739209192e-01,-1.509575529348683220e+00,3.789920765195998742e-01
2.987500000000000711e-01,-2.651273461186302027e-01,-1.530713446511222375e-01,-1.522540318690878358e+00,3.777156612578519423e-01
3.000000000000000444e-01,-2.662366655584570974e-01,-1.537118105283235836e-01,-1.535559467736814510e+00,3.764415192200785132e-01
3.012500000000000178e-01,-2.673459849982839365e-01,-1.543522764055249019e-01,-1.548632976486491231e+00,3.751696504062799198e-01
3.024999999999999911e-01,-2.684553044381108311e-01,-1.549927422827262480e-01,-1.561760844939908965e+00,3.739000548164558291e-01
3.037499999999999645e-01,-2.695646238779377257e-01,-1.556332081599275940e-01,-1.574943073097067714e+00,3.726327324506065741e-01
3.049999999999999378e-01,-2.706739433177646204e-01,-1.562736740371289124e-01,-1.588179660957967254e+00,3.713676833087314888e-01
3.062499999999999112e-01,-2.717832627575914595e-01,-1.569141399143302584e-01,-1.601470608522607586e+00,3.701049073908314613e-01
3.074999999999998845e-01,-2.728925821974183541e-01,-1.575546057915315767e-01,-1.614815915790988710e+00,3.688444046969057144e-01
3.087500000000000799e-01,-2.740019016372454708e-01,-1.581950716687330338e-01,-1.628215582763113733e+00,3.675861752269548033e-01
3.100000000000000533e-01,-2.751112210770723099e-01,-1.588355375459343799e-01,-1.641669609438976218e+00,3.663302189809782838e-01
3.112500000000000266e-01,-2.762205405168992045e-01,-1.594760034231356982e-01,-1.655177995818580161e+00,3.650765359589767112e-01
3.125000000000000000e-01,-2.773298599567260991e-01,-1.601164693003370443e-01,-1.668740741901924896e+00,3.638251261609496412e-01
3.137499999999999734e-01,-2.784391793965529383e-01,-1.607569351775383626e-01,-1.682357847689009978e+00,3.625759895868971849e-01
3.149999999999999467e-01,-2.795484988363798329e-01,-1.613974010547397087e-01,-1.696029313179836739e+00,3.613291262368192314e-01
3.162499999999999201e-01,-2.806578182762067275e-01,-1.620378669319410270e-01,-1.709755138374403849e+00,3.600845361107160025e-01
3.174999999999998934e-01,-2.817671377160336221e-01,-1.626783328091423730e-01,-1.723535323272712194e+00,3.588422192085874984e-01
3.187500000000000888e-01,-2.828764571558606833e-01,-1.633187986863438301e-01,-1.737369867874763774e+00,3.576021755304332750e-01
3.200000000000000622e-01,-2.839857765956875779e-01,-1.639592645635451484e-01,-1.751258772180553480e+00,3.563644050762536652e-01
3.212500000000000355e-01,-2.850950960355144725e-01,-1.645997304407464945e-01,-1.765202036190084423e+00,3.551289078460487803e-01
3.225000000000000089e-01,-2.862044154753413117e-01,-1.652401963179478406e-01,-1.779199659903355712e+00,3.538956838398187310e-01
3.237499999999999822e-01,-2.873137349151682063e-01,-1.658806621951491589e-01,-1.793251643320368016e+00,3.526647330575632955e-01
3.249999999999999556e-01,-2.884230543549951009e-01,-1.665211280723505050e-01,-1.807357986441121778e+00,3.514360554992823626e-01
3.262499999999999289e-01,-2.895323737948219955e-01,-1.671615939495518233e-01,-1.821518689265615887e+00,3.502096511649760435e-01
3.274999999999999023e-01,-2.906416932346488347e-01,-1.678020598267531693e-01,-1.835733751793850566e+00,3.489855200546443381e-01
3.287500000000000977e-01,-2.917510126744759513e-01,-1.684425257039546264e-01,-1.850003174025829367e+00,3.477636621682870244e-01
3.300000000000000711e-01,-2.928603321143027904e-01,-1.690829915811559447e-01,-1.864326955961545407e+00,3.465440775059046574e-01
3.312500000000000444e-01,-2.939696515541296851e-01,-1.697234574583572908e-01,-1.878705097601003127e+00,3.453267660674969042e-01
3.325000000000000178e-01,-2.950789709939565797e-01,-1.703639233355586091e-01,-1.893137598944202082e+00,3.441117278530636536e-01
3.337499999999999911e-01,-2.961882904337834743e-01,-1.710043892127599552e-01,-1.907624459991141164e+00,3.428989628626050168e-01
3.349999999999999645e-01,-2.972976098736103134e-01,-1.716448550899612735e-01,-1.922165680741820815e+00,3.416884710961211047e-01
3.362499999999999378e-01,-2.984069293134372081e-01,-1.722853209671626196e-01,-1.936761261196242367e+00,3.404802525536116953e-01
3.374999999999999112e-01,-2.995162487532641027e-01,-1.729257868443639656e-01,-1.951411201354404268e+00,3.392743072350768996e-01
3.387499999999998845e-01,-3.006255681930909973e-01,-1.735662527215652839e-01,-1.966115501216307182e+00,3.380706351405168286e-01
3.400000000000000799e-01,-3.017348876329180585e-01,-1.742067185987667410e-01,-1.980874160781952886e+00,3.368692362699311493e-01
3.412500000000000533e-01,-3.028442070727449531e-01,-1.748471844759680593e-01,-1.995687180051337828e+00,3.356701106233200838e-01
3.425000000000000266e-01,-3.039535265125717922e-01,-1.754876503531694054e-01,-2.010554559024462229e+00,3.344732582006839650e-01
3.437500000000000000e-01,-3.050628459523986868e-01,-1.761281162303707515e-01,-2.025476297701328754e+00,3.332786790020221268e-01
3.449999999999999734e-01,-3.061721653922255815e-01,-1.767685821075720698e-01,-2.040452396081935849e+00,3.320863730273352354e-01
3.462499999999999467e-01,-3.072814848320524761e-01,-1.774090479847734159e-01,-2.055482854166284401e+00,3.308963402766228468e-01
3.474999999999999201e-01,-3.083908042718793152e-01,-1.780495138619747342e-01,-2.070567671954372191e+00,3.297085807498849608e-01
3.487499999999998934e-01,-3.095001237117062098e-01,-1.786899797391760802e-01,-2.085706849446201883e+00,3.285230944471217995e-01
3.500000000000000888e-01,-3.106094431515332710e-01,-1.793304456163775373e-01,-2.100900386641775253e+00,3.273398813683330300e-01
3.512500000000000622e-01,-3.117187625913601656e-01,-1.799709114935788556e-01,-2.116148283541086528e+00,3.261589415135190961e-01
3.525000000000000355e-01,-3.128280820311870603e-01,-1.806113773707802017e-01,-2.131450540144138817e+00,3.249802748826796650e-01
3.537500000000000089e-01,-3.139374014710139549e-01,-1.812518432479815200e-01,-2.146807156450932119e+00,3.238038814758150696e-01
3.549999999999999822e-01,-3.150467209108407940e-01,-1.818923091251828661e-01,-2.162218132461465547e+00,3.226297612929250880e-01
3.562499999999999556e-01,-3.161560403506676886e-01,-1.825327750023842122e-01,-2.177683468175740877e+00,3.214579143340094980e-01
3.574999999999999289e-01,-3.172653597904945832e-01,-1.831732408795855305e-01,-2.193203163593756777e+00,3.202883405990685217e-01
3.587499999999999023e-01,-3.183746792303214779e-01,-1.838137067567868765e-01,-2.208777218715512802e+00,3.191210400881022702e-01
3.600000000000000977e-01,-3.194839986701485390e-01,-1.844541726339883059e-01,-2.224405633541012950e+00,3.179560128011106324e-01
3.612500000000000711e-01,-3.205933181099754337e-01,-1.850946385111896519e-01,-2.240088408070251891e+00,3.167932587380936083e-01
3.625000000000000444e-01,-3.217026375498022728e-01,-1.857351043883909980e-01,-2.255825542303230069e+00,3.156327778990511979e-01
3.637500000000000178e-01,-3.228119569896291674e-01,-1.863755702655923163e-01,-2.271617036239950149e+00,3.144745702839832902e-01
3.649999999999999911e-01,-3.239212764294560620e-01,-1.870160361427936624e-01,-2.287462889880411243e+00,3.133186358928902182e-01
3.662499999999999645e-01,-3.250305958692829567e-01,-1.876565020199949807e-01,-2.303363103224612907e+00,3.121649747257716490e-01
3.674999999999999378e-01,-3.261399153091097958e-01,-1.882969678971963268e-01,-2.319317676272555140e+00,3.110135867826278044e-01
3.687499999999999112e-01,-3.272492347489366904e-01,-1.889374337743976451e-01,-2.335326609024238387e+00,3.098644720634585736e-01
3.699999999999998845e-01,-3.283585541887635850e-01,-1.895778996515989911e-01,-2.351389901479663536e+00,3.087176305682637345e-01
3.712500000000000799e-01,-3.294678736285906462e-01,-1.902183655288004482e-01,-2.367507553638831030e+00,3.075730622970436201e-01
3.725000000000000533e-01,-3.305771930684175408e-01,-1.908588314060017666e-01,-2.383679565501736874e+00,3.064307672497980084e-01
3.737500000000000266e-01,-3.316865125082444354e-01,-1.914992972832031126e-01,-2.399905937068383732e+00,3.052907454265272325e-01
3.750000000000000000e-01,-3.327958319480712746e-01,-1.921397631604044309e-01,-2.416186668338771160e+00,3.041529968272310702e-01
3.762499999999999734e-01,-3.339051513878981692e-01,-1.927802290376057770e-01,-2.432521759312900045e+00,3.030175214519095217e-01
3.774999999999999467e-01,-3.350144708277250638e-01,-1.934206949148071231e-01,-2.448911209990769500e+00,3.018843193005623649e-01
3.787499999999999201e-01,-3.361237902675519584e-01,-1.940611607920084414e-01,-2.465355020372380412e+00,3.007533903731900438e-01
3.799999999999998934e-01,-3.372331097073787975e-01,-1.947016266692097874e-01,-2.481853190457731007e+00,2.996247346697923364e-01
3.812500000000000888e-01,-3.383424291472059142e-01,-1.953420925464112445e-01,-2.498405720246826167e+00,2.984983521903690207e-01
3.825000000000000622e-01,-3.394517485870328088e-01,-1.959825584236125628e-01,-2.515012609739658789e+00,2.973742429349206517e-01
3.837500000000000355e-01,-3.405610680268596480e-01,-1.966230243008139089e-01,-2.531673858936231980e+00,2.962524069034467855e-01
3.850000000000000089e-01,-3.416703874666865426e-01,-1.972634901780152272e-01,-2.548389467836547073e+00,2.951328440959474220e-01
3.862499999999999822e-01,-3.427797069065134372e-01,-1.979039560552165733e-01,-2.565159436440603180e+00,2.940155545124226721e-01
3.874999999999999556e-01,-3.438890263463403318e-01,-1.985444219324178916e-01,-2.581983764748398968e+00,2.929005381528727581e-01
3.887499999999999289e-01,-3.449983457861671710e-01,-1.991848878096192377e-01,-2.598862452759935771e+00,2.917877950172972357e-01
3.899999999999999023e-01,-3.461076652259940656e-01,-1.998253536868205837e-01,-2.615795500475213586e+00,2.906773251056965490e-01
3.912500000000000977e-01,-3.472169846658211267e-01,-2.004658195640220131e-01,-2.632782907894235969e+00,2.895691284180702540e-01
3.925000000000000711e-01,-3.483263041056480214e-01,-2.011062854412233591e-01,-2.649824675016995368e+00,2.884632049544185728e-01
3.937500000000000444e-01,-3.494356235454749160e-01,-2.017467513184246775e-01,-2.666920801843496225e+00,2.873595547147415052e-01
3.950000000000000178e-01,-3.505449429853018106e-01,-2.023872171956260235e-01,-2.684071288373738540e+00,2.862581776990392735e-01
3.962499999999999911e-01,-3.516542624251286497e-01,-2.030276830728273696e-01,-2.701276134607719648e+00,2.851590739073116554e-01
3.974999999999999645e-01,-3.527635818649555444e-01,-2.036681489500286879e-01,-2.718535340545443546e+00,2.840622433395585400e-01
3.987499999999999378e-01,-3.538729013047824390e-01,-2.043086148272300340e-01,-2.735848906186907570e+00,2.829676859957800383e-01
3.999999999999999112e-01,-3.549822207446093336e-01,-2.049490807044313523e-01,-2.753216831532112163e+00,2.818754018759762614e-01
4.012499999999998845e-01,-3.560915401844361727e-01,-2.055895465816326984e-01,-2.770639116581057770e+00,2.807853909801469872e-01
4.025000000000000799e-01,-3.572008596242632894e-01,-2.062300124588341554e-01,-2.788115761333747944e+00,2.796976533082921046e-01
4.037500000000000533e-01,-3.583101790640901285e-01,-2.068704783360354738e-01,-2.805646765790174690e+00,2.786121888604121688e-01
4.050000000000000266e-01,-3.594194985039170231e-01,-2.075109442132368198e-01,-2.823232129950343783e+00,2.775289976365069577e-01
4.062500000000000000e-01,-3.605288179437439178e-01,-2.081514100904381381e-01,-2.840871853814253001e+00,2.764480796365760273e-01
4.074999999999999734e-01,-3.616381373835708124e-01,-2.087918759676394842e-01,-2.858565937381903233e+00,2.753694348606197106e-01
4.087499999999999467e-01,-3.627474568233976515e-01,-2.094323418448408303e-01,-2.876314380653293590e+00,2.742930633086383407e-01
4.099999999999999201e-01,-3.638567762632245461e-01,-2.100728077220421486e-01,-2.894117183628425405e+00,2.732189649806314735e-01
4.112499999999998934e-01,-3.649660957030514408e-01,-2.107132735992434946e-01,-2.911974346307298234e+00,2.721471398765991090e-01
4.125000000000000888e-01,-3.660754151428785019e-01,-2.113537394764449240e-01,-2.929885868689914741e+00,2.710775879965413582e-01
4.137500000000000622e-01,-3.671847345827053966e-01,-2.119942053536462701e-01,-2.947851750776269153e+00,2.700103093404582211e-01
4.150000000000000355e-01,-3.682940540225322912e-01,-2.126346712308476161e-01,-2.965871992566365023e+00,2.689453039083498087e-01
4.162500000000000089e-01,-3.694033734623591303e-01,-2.132751371080489344e-01,-2.983946594060199686e+00,2.678825717002158435e-01
4.174999999999999822e-01,-3.705126929021860249e-01,-2.139156029852502805e-01,-3.002075555257777140e+00,2.668221127160567141e-01
4.187499999999999556e-01,-3.716220123420129196e-01,-2.145560688624515988e-01,-3.020258876159095607e+00,2.657639269558721984e-01
4.199999999999999289e-01,-3.727313317818398142e-01,-2.151965347396529449e-01,-3.038496556764154644e+00,2.647080144196621854e-01
4.212499999999999023e-01,-3.738406512216666533e-01,-2.158370006168542632e-01,-3.056788597072953362e+00,2.636543751074268416e-01
4.225000000000000977e-01,-3.749499706614937700e-01,-2.164774664940557203e-01,-3.075134997085497535e+00,2.626030090191658894e-01
4.237500000000000711e-01,-3.760592901013206091e-01,-2.171179323712570663e-01,-3.093535756801778280e+00,2.615539161548798286e-01
4.250000000000000444e-01,-3.771686095411475037e-01,-2.177583982484583847e-01,-3.111990876221800484e+00,2.605070965145682704e-01
4.262500000000000178e-01,-3.782779289809743983e-01,-2.183988641256597307e-01,-3.130500355345563701e+00,2.594625500982314925e-01
4.274999999999999911e-01,-3.793872484208012930e-01,-2.190393300028610490e-01,-3.149064194173067488e+00,2.584202769058691063e-01
4.287499999999999645e-01,-3.804965678606281321e-01,-2.196797958800623951e-01,-3.167682392704311400e+00,2.573802769374815558e-01
4.299999999999999378e-01,-3.816058873004550267e-01,-2.203202617572637412e-01,-3.186354950939298103e+00,2.563425501930685080e-01
4.312499999999999112e-01,-3.827152067402819213e-01,-2.209607276344650595e-01,-3.205081868878023599e+00,2.553070966726300739e-01
4.324999999999998845e-01,-3.838245261801088160e-01,-2.216011935116664056e-01,-3.223863146520491885e+00,2.542739163761663646e-01
4.337500000000000799e-01,-3.849338456199358771e-01,-2.222416593888678626e-01,-3.242698783866702961e+00,2.532430093036769914e-01
4.350000000000000533e-01,-3.860431650597627717e-01,-2.228821252660691810e-01,-3.261588780916651942e+00,2.522143754551624539e-01
4.362500000000000266e-01,-3.871524844995896664e-01,-2.235225911432705270e-01,-3.280533137670342381e+00,2.511880148306223637e-01
4.375000000000000000e-01,-3.882618039394165055e-01,-2.241630570204718453e-01,-3.299531854127772501e+00,2.501639274300571092e-01
4.387499999999999734e-01,-3.893711233792434001e-01,-2.248035228976731914e-01,-3.318584930288944523e+00,2.491421132534664129e-01
4.399999999999999467e-01,-3.904804428190702947e-01,-2.254439887748745097e-01,-3.337692366153856671e+00,2.481225723008502748e-01
4.412499999999999201e-01,-3.915897622588971339e-01,-2.260844546520758558e-01,-3.356854161722509389e+00,2.471053045722089170e-01
4.424999999999998934e-01,-3.926990816987240285e-01,-2.267249205292772019e-01,-3.376070316994904008e+00,2.460903100675421173e-01
4.437500000000000888e-01,-3.938084011385511451e-01,-2.273653864064786312e-01,-3.395340831971042306e+00,2.450775887868495984e-01
4.450000000000000622e-01,-3.949177205783779843e-01,-2.280058522836799773e-01,-3.414665706650918064e+00,2.440671407301320817e-01
4.462500000000000355e-01,-3.960270400182048789e-01,-2.286463181608812956e-01,-3.434044941034535281e+00,2.430589658973890677e-01
4.475000000000000089e-01,-3.971363594580317735e-01,-2.292867840380826416e-01,-3.453478535121892623e+00,2.420530642886206674e-01
4.487499999999999822e-01,-3.982456788978586681e-01,-2.299272499152839877e-01,-3.472966488912991423e+00,2.410494359038268808e-01
4.499999999999999556e-01,-3.993549983376855073e-01,-2.305677157924853060e-01,-3.492508802407830348e+00,2.400480807430077634e-01
4.512499999999999289e-01,-4.004643177775124019e-01,-2.312081816696866521e-01,-3.512105475606410732e+00,2.390489988061631765e-01
4.524999999999999023e-01,-4.015736372173392965e-01,-2.318486475468879704e-01,-3.531756508508731685e+00,2.380521900932933421e-01
4.537500000000000977e-01,-4.026829566571663577e-01,-2.324891134240894275e-01,-3.551461901114797204e+00,2.370576546043978716e-01
4.550000000000000711e-01,-4.037922760969932523e-01,-2.331295793012907736e-01,-3.571221653424599740e+00,2.360653923394771814e-01
4.562500000000000444e-01,-4.049015955368201469e-01,-2.337700451784920919e-01,-3.591035765438143734e+00,2.350754032985311326e-01
4.575000000000000178e-01,-4.060109149766469860e-01,-2.344105110556934379e-01,-3.610904237155428298e+00,2.340876874815597530e-01
4.587499999999999911e-01,-4.071202344164738807e-01,-2.350509769328947562e-01,-3.630827068576452987e+00,2.331022448885629039e-01
4.599999999999999645e-01,-4.082295538563007753e-01,-2.356914428100961023e-01,-3.650804259701220023e+00,2.321190755195406963e-01
4.612499999999999378e-01,-4.093388732961276699e-01,-2.363319086872974484e-01,-3.670835810529726739e+00,2.311381793744930746e-01
4.624999999999999112e-01,-4.104481927359545090e-01,-2.369723745644987667e-01,-3.690921721061974026e+00,2.301595564534201221e-01
4.637499999999998845e-01,-4.115575121757814037e-01,-2.376128404417001128e-01,-3.711061991297963214e+00,2.291832067563218389e-01
4.650000000000000799e-01,-4.126668316156084648e-01,-2.382533063189015421e-01,-3.731256621237696525e+00,2.282091302831979196e-01
4.662500000000000533e-01,-4.137761510554353594e-01,-2.388937721961028882e-01,-3.751505610881166408e+00,2.272373270340487805e-01
4.675000000000000266e-01,-4.148854704952622541e-01,-2.395342380733042342e-01,-3.771808960228378638e+00,2.262677970088742829e-01
4.687500000000000000e-01,-4.159947899350891487e-01,-2.401747039505055525e-01,-3.792166669279330993e+00,2.253005402076743713e-01
4.699999999999999734e-01,-4.171041093749159878e-01,-2.408151698277068986e-01,-3.812578738034023473e+00,2.243355566304491844e-01
4.712499999999999467e-01,-4.182134288147428824e-01,-2.414556357049082169e-01,-3.833045166492457856e+00,2.233728462771985279e-01
4.724999999999999201e-01,-4.193227482545697771e-01,-2.420961015821095630e-01,-3.853565954654632808e+00,2.224124091479225129e-01
4.737499999999998934e-01,-4.204320676943966717e-01,-2.427365674593108813e-01,-3.874141102520548774e+00,2.214542452426211117e-01
4.750000000000000888e-01,-4.215413871342237329e-01,-2.433770333365123384e-01,-3.894770610090208418e+00,2.204983545612941298e-01
4.762500000000000622e-01,-4.226507065740506275e-01,-2.440174992137136845e-01,-3.915454477363605967e+00,2.195447371039419282e-01
4.775000000000000355e-01,-4.237600260138774666e-01,-2.446579650909150028e-01,-3.936192704340743642e+00,2.185933928705644513e-01
4.787500000000000089e-01,-4.248693454537043612e-01,-2.452984309681163488e-01,-3.956985291021622775e+00,2.176443218611615049e-01
4.799999999999999822e-01,-4.259786648935312559e-01,-2.459388968453176672e-01,-3.977832237406243365e+00,2.166975240757332000e-01
4.812499999999999556e-01,-4.270879843333581505e-01,-2.465793627225190132e-01,-3.998733543494604525e+00,2.157529995142794810e-01
4.824999999999999289e-01,-4.281973037731849896e-01,-2.472198285997203593e-01,-4.019689209286704923e+00,2.148107481768004867e-01
4.837499999999999023e-01,-4.293066232130118842e-01,-2.478602944769216776e-01,-4.040699234782548999e+00,2.138707700632959674e-01
4.850000000000000977e-01,-4.304159426528389454e-01,-2.485007603541231347e-01,-4.061763619982135864e+00,2.129330651737659508e-01
4.862500000000000711e-01,-4.315252620926658400e-01,-2.491412262313244530e-01,-4.082882364885460191e+00,2.119976335082107144e-01
4.875000000000000444e-01,-4.326345815324927346e-01,-2.497816921085257991e-01,-4.104055469492525532e+00,2.110644750666301195e-01
4.887500000000000178e-01,-4.337439009723196293e-01,-2.504221579857271451e-01,-4.125282933803332774e+00,2.101335898490240828e-01
4.899999999999999911e-01,-4.348532204121464684e-01,-2.510626238629284912e-01,-4.146564757817878366e+00,2.092049778553927708e-01
4.912499999999999645e-01,-4.359625398519733630e-01,-2.517030897401297818e-01,-4.167900941536165860e+00,2.082786390857359893e-01
4.924999999999999378e-01,-4.370718592918002576e-01,-2.523435556173311278e-01,-4.189291484958194367e+00,2.073545735400539047e-01
4.937499999999999112e-01,-4.381811787316271523e-01,-2.529840214945324739e-01,-4.210736388083965664e+00,2.064327812183463784e-01
4.949999999999998845e-01,-4.392904981714539914e-01,-2.536244873717338200e-01,-4.232235650913473535e+00,2.055132621206134935e-01
4.962500000000000799e-01,-4.403998176112811080e-01,-2.542649532489352771e-01,-4.253789273446729524e+00,2.045960162468550003e-01
4.975000000000000533e-01,-4.415091370511080027e-01,-2.549054191261365676e-01,-4.275397255683721198e+00,2.036810435970713429e-01
4.987500000000000266e-01,-4.426184564909348418e-01,-2.555458850033379137e-01,-4.297059597624454774e+00,2.027683441712622714e-01
5.000000000000000000e-01,-4.437277759307617364e-01,-2.561863508805392597e-01,-4.318776299268929364e+00,2.018579179694278136e-01
5.012499999999999734e-01,-4.448370953705886310e-01,-2.568268167577406058e-01,-4.340547360617143191e+00,2.009497649915679973e-01
5.024999999999999467e-01,-4.459464148104154702e-01,-2.574672826349419519e-01,-4.362372781669098032e+00,2.000438852376828502e-01
5.037499999999999201e-01,-4.470557342502423648e-01,-2.581077485121432424e-01,-4.384252562424794775e+00,1.991402787077723446e-01
5.049999999999998934e-01,-4.481650536900692594e-01,-2.587482143893445885e-01,-4.406186702884231643e+00,1.982389454018363695e-01
5.062500000000000888e-01,-4.492743731298963206e-01,-2.593886802665460456e-01,-4.428175203047413078e+00,1.973398853198748970e-01
5.075000000000000622e-01,-4.503836925697232152e-01,-2.600291461437473917e-01,-4.450218062914332862e+00,1.964430984618881215e-01
5.087500000000000355e-01,-4.514930120095501098e-01,-2.606696120209487377e-01,-4.472315282484992771e+00,1.955485848278760153e-01
5.100000000000000089e-01,-4.526023314493770044e-01,-2.613100778981500283e-01,-4.494466861759392806e+00,1.946563444178385227e-01
5.112499999999999822e-01,-4.537116508892038436e-01,-2.619505437753513744e-01,-4.516672800737534743e+00,1.937663772317756161e-01
5.124999999999999556e-01,-4.548209703290307382e-01,-2.625910096525527204e-01,-4.538933099419416806e+00,1.928786832696873788e-01
5.137499999999999289e-01,-4.559302897688576328e-01,-2.632314755297540665e-01,-4.561247757805039882e+00,1.919932625315737829e-01
5.149999999999999023e-01,-4.570396092086845274e-01,-2.638719414069554126e-01,-4.583616775894404860e+00,1.911101150174347729e-01
5.162500000000000977e-01,-4.581489286485115886e-01,-2.645124072841568141e-01,-4.606040153687513516e+00,1.902292407272701824e-01
5.175000000000000711e-01,-4.592582480883384832e-01,-2.651528731613581602e-01,-4.628517891184359634e+00,1.893506396610803999e-01
5.187500000000000444e-01,-4.603675675281653223e-01,-2.657933390385595063e-01,-4.651049988384945877e+00,1.884743118188652589e-01
5.200000000000000178e-01,-4.614768869679922170e-01,-2.664338049157608523e-01,-4.673636445289273134e+00,1.876002572006246760e-01
5.212499999999999911e-01,-4.625862064078191116e-01,-2.670742707929621984e-01,-4.696277261897342292e+00,1.867284758063587347e-01
5.224999999999999645e-01,-4.636955258476460062e-01,-2.677147366701634890e-01,-4.718972438209151576e+00,1.858589676360674903e-01
5.237499999999999378e-01,-4.648048452874728453e-01,-2.683552025473648350e-01,-4.741721974224700986e+00,1.849917326897507763e-01
5.249999999999999112e-01,-4.659141647272997400e-01,-2.689956684245661811e-01,-4.764525869943991410e+00,1.841267709674087316e-01
5.262499999999998845e-01,-4.670234841671266346e-01,-2.696361343017675272e-01,-4.787384125367023735e+00,1.832640824690412729e-01
5.275000000000000799e-01,-4.681328036069536958e-01,-2.702766001789689843e-01,-4.810296740493799739e+00,1.824036671946482890e-01
5.287500000000000533e-01,-4.692421230467805904e-01,-2.709170660561702748e-01,-4.833263715324313203e+00,1.815455251442300577e-01
5.300000000000000266e-01,-4.703514424866074850e-01,-2.715575319333716209e-01,-4.856285049858568570e+00,1.806896563177864401e-01
5.312500000000000000e-01,-4.714607619264343241e-01,-2.721979978105729669e-01,-4.879360744096563174e+00,1.798360607153174362e-01
5.324999999999999734e-01,-4.725700813662612187e-01,-2.728384636877743130e-01,-4.902490798038298792e+00,1.789847383368230738e-01
5.337499999999999467e-01,-4.736794008060881134e-01,-2.734789295649756591e-01,-4.925675211683776311e+00,1.781356891823033251e-01
5.349999999999999201e-01,-4.747887202459150080e-01,-2.741193954421769496e-01,-4.948913985032994844e+00,1.772889132517581900e-01
5.362499999999998934e-01,-4.758980396857418471e-01,-2.747598613193782957e-01,-4.972207118085951727e+00,1.764444105451877243e-01
5.375000000000000888e-01,-4.770073591255689638e-01,-2.754003271965797528e-01,-4.995554610842657617e+00,1.756021810625916224e-01
5.387500000000000622e-01,-4.781166785653958029e-01,-2.760407930737810989e-01,-5.018956463303096527e+00,1.747622248039704118e-01
5.400000000000000355e-01,-4.792259980052226975e-01,-2.766812589509824449e-01,-5.042412675467278227e+00,1.739245417693237317e-01
5.412500000000000089e-01,-4.803353174450495922e-01,-2.773217248281837355e-01,-5.065923247335200941e+00,1.730891319586516652e-01
5.424999999999999822e-01,-4.814446368848764868e-01,-2.779621907053850816e-01,-5.089488178906864668e+00,1.722559953719542680e-01
5.437499999999999556e-01,-4.825539563247033259e-01,-2.786026565825864276e-01,-5.113107470182266745e+00,1.714251320092314290e-01
5.449999999999999289e-01,-4.836632757645302205e-01,-2.792431224597877737e-01,-5.136781121161412500e+00,1.705965418704832870e-01
5.462499999999999023e-01,-4.847725952043571152e-01,-2.798835883369890642e-01,-5.160509131844297492e+00,1.697702249557097032e-01
5.475000000000000977e-01,-4.858819146441841763e-01,-2.805240542141905213e-01,-5.184291502230928828e+00,1.689461812649105665e-01
5.487500000000000711e-01,-4.869912340840110709e-01,-2.811645200913918674e-01,-5.208128232321295847e+00,1.681244107980862379e-01
5.500000000000000444e-01,-4.881005535238379656e-01,-2.818049859685932135e-01,-5.232019322115403881e+00,1.673049135552364952e-01
5.512500000000000178e-01,-4.892098729636648047e-01,-2.824454518457945595e-01,-5.255964771613252928e+00,1.664876895363614495e-01
5.524999999999999911e-01,-4.903191924034916993e-01,-2.830859177229958501e-01,-5.279964580814842989e+00,1.656727387414609343e-01
5.537499999999999645e-01,-4.914285118433185939e-01,-2.837263836001971962e-01,-5.304018749720174064e+00,1.648600611705351160e-01
5.549999999999999378e-01,-4.925378312831454886e-01,-2.843668494773985422e-01,-5.328127278329245264e+00,1.640496568235838559e-01
5.562499999999999112e-01,-4.936471507229723277e-01,-2.850073153545998883e-01,-5.352290166642057478e+00,1.632415257006072373e-01
5.574999999999998845e-01,-4.947564701627992223e-01,-2.856477812318012344e-01,-5.376507414658610706e+00,1.624356678016052324e-01
5.587500000000000799e-01,-4.958657896026263390e-01,-2.862882471090026915e-01,-5.400779022378910277e+00,1.616320831265776470e-01
5.600000000000000533e-01,-4.969751090424531781e-01,-2.869287129862039820e-01,-5.425104989802943756e+00,1.608307716755248973e-01
5.612500000000000266e-01,-4.980844284822800727e-01,-2.875691788634053281e-01,-5.449485316930720913e+00,1.600317334484467058e-01
5.625000000000000000e-01,-4.991937479221069673e-01,-2.882096447406066742e-01,-5.473920003762238196e+00,1.592349684453431835e-01
5.637499999999999734e-01,-5.003030673619338620e-01,-2.888501106178080202e-01,-5.498409050297494716e+00,1.584404766662142749e-01
5.649999999999999467e-01,-5.014123868017607011e-01,-2.894905764950093108e-01,-5.522952456536493138e+00,1.576482581110600356e-01
5.662499999999999201e-01,-5.025217062415875402e-01,-2.901310423722106568e-01,-5.547550222479231685e+00,1.568583127798803545e-01
5.674999999999998934e-01,-5.036310256814144903e-01,-2.907715082494120029e-01,-5.572202348125713023e+00,1.560706406726752316e-01
5.687500000000000888e-01,-5.047403451212415515e-01,-2.914119741266134600e-01,-5.596908833475937151e+00,1.552852417894446113e-01
5.700000000000000622e-01,-5.058496645610683906e-01,-2.920524400038148061e-01,-5.621669678529899628e+00,1.545021161301888268e-01
5.712500000000000355e-01,-5.069589840008953407e-01,-2.926929058810160966e-01,-5.646484883287603118e+00,1.537212636949076006e-01
5.725000000000000089e-01,-5.080683034407221799e-01,-2.933333717582174427e-01,-5.671354447749045846e+00,1.529426844836009602e-01
5.737499999999999822e-01,-5.091776228805491300e-01,-2.939738376354187888e-01,-5.696278371914232252e+00,1.521663784962689892e-01
5.749999999999999556e-01,-5.102869423203759691e-01,-2.946143035126201348e-01,-5.721256655783157008e+00,1.513923457329116873e-01
5.762499999999999289e-01,-5.113962617602028082e-01,-2.952547693898214809e-01,-5.746289299355822777e+00,1.506205861935289159e-01
5.774999999999999023e-01,-5.125055812000297584e-01,-2.958952352670227715e-01,-5.771376302632229560e+00,1.498510998781208137e-01
5.787500000000000977e-01,-5.136149006398568195e-01,-2.965357011442242285e-01,-5.796517665612381798e+00,1.490838867866871309e-01
5.800000000000000711e-01,-5.147242200796836586e-01,-2.971761670214255746e-01,-5.821713388296269720e+00,1.483189469192282561e-01
5.812500000000000444e-01,-5.158335395195106088e-01,-2.978166328986269207e-01,-5.846963470683901321e+00,1.475562802757439396e-01
5.825000000000000178e-01,-5.169428589593374479e-01,-2.984570987758282667e-01,-5.872267912775272158e+00,1.467958868562342922e-01
5.837499999999999911e-01,-5.180521783991642870e-01,-2.990975646530295573e-01,-5.897626714570382234e+00,1.460377666606992864e-01
5.849999999999999645e-01,-5.191614978389912372e-01,-2.997380305302309034e-01,-5.923039876069235987e+00,1.452819196891388387e-01
5.862499999999999378e-01,-5.202708172788180763e-01,-3.003784964074322494e-01,-5.948507397271828090e+00,1.445283459415531158e-01
5.874999999999999112e-01,-5.213801367186449154e-01,-3.010189622846335955e-01,-5.974029278178162095e+00,1.437770454179418955e-01
5.887499999999998845e-01,-5.224894561584718655e-01,-3.016594281618349416e-01,-5.999605518788238001e+00,1.430280181183053445e-01
5.900000000000000799e-01,-5.235987755982989267e-01,-3.022998940390363432e-01,-6.025236119102057586e+00,1.422812640426432407e-01
5.912500000000000533e-01,-5.247080950381257658e-01,-3.029403599162376892e-01,-6.050921079119612855e+00,1.415367831909559448e-01
5.925000000000000266e-01,-5.258174144779527159e-01,-3.035808257934390353e-01,-6.076660398840912691e+00,1.407945755632432072e-01
5.937500000000000000e-01,-5.269267339177795550e-01,-3.042212916706403814e-01,-6.102454078265949988e+00,1.400546411595050833e-01
5.949999999999999734e-01,-5.280360533576063942e-01,-3.048617575478417274e-01,-6.128302117394727411e+00,1.393169799797416286e-01
5.962499999999999467e-01,-5.291453727974333443e-01,-3.055022234250430180e-01,-6.154204516227248511e+00,1.385815920239527599e-01
5.974999999999999201e-01,-5.302546922372601834e-01,-3.061426893022443640e-01,-6.180161274763509738e+00,1.378484772921385881e-01
5.987499999999998934e-01,-5.313640116770871336e-01,-3.067831551794457101e-01,-6.206172393003512866e+00,1.371176357842988636e-01
6.000000000000000888e-01,-5.324733311169141947e-01,-3.074236210566471672e-01,-6.232237870947258784e+00,1.363890675004337250e-01
6.012500000000000622e-01,-5.335826505567410338e-01,-3.080640869338485133e-01,-6.258357708594742164e+00,1.356627724405433943e-01
6.025000000000000355e-01,-5.346919699965678729e-01,-3.087045528110498038e-01,-6.284531905945965669e+00,1.349387506046276497e-01
6.037500000000000089e-01,-5.358012894363948231e-01,-3.093450186882511499e-01,-6.310760463000931964e+00,1.342170019926864910e-01
6.049999999999999822e-01,-5.369106088762216622e-01,-3.099854845654524960e-01,-6.337043379759636608e+00,1.334975266047199183e-01
6.062499999999999556e-01,-5.380199283160486123e-01,-3.106259504426538420e-01,-6.363380656222084930e+00,1.327803244407280148e-01
6.074999999999999289e-01,-5.391292477558754515e-01,-3.112664163198551881e-01,-6.389772292388271602e+00,1.320653955007107250e-01
6.087499999999999023e-01,-5.402385671957022906e-01,-3.119068821970564787e-01,-6.416218288258200175e+00,1.313527397846681044e-01
6.100000000000000977e-01,-5.413478866355293517e-01,-3.125473480742579357e-01,-6.442718643831873315e+00,1.306423572925998755e-01
6.112500000000000711e-01,-5.424572060753563019e-01,-3.131878139514592818e-01,-6.469273359109285693e+00,1.299342480245063713e-01
6.125000000000000444e-01,-5.435665255151831410e-01,-3.138282798286606279e-01,-6.495882434090436419e+00,1.292284119803875919e-01
6.137500000000000178e-01,-5.446758449550100911e-01,-3.144687457058619739e-01,-6.522545868775329936e+00,1.285248491602433707e-01
6.149999999999999911e-01,-5.457851643948369302e-01,-3.151092115830632645e-01,-6.549263663163961802e+00,1.278235595640738187e-01
6.162499999999999645e-01,-5.468944838346637694e-01,-3.157496774602646106e-01,-6.576035817256333793e+00,1.271245431918788249e-01
6.174999999999999378e-01,-5.480038032744907195e-01,-3.163901433374659566e-01,-6.602862331052450351e+00,1.264278000436584448e-01
6.187499999999999112e-01,-5.491131227143175586e-01,-3.170306092146673027e-01,-6.629743204552305258e+00,1.257333301194127340e-01
6.199999999999998845e-01,-5.502224421541443977e-01,-3.176710750918686488e-01,-6.656678437755901179e+00,1.250411334191416368e-01
6.212500000000000799e-01,-5.513317615939715699e-01,-3.183115409690700504e-01,-6.683668030663242554e+00,1.243512099428449452e-01
6.225000000000000533e-01,-5.524410810337984090e-01,-3.189520068462713964e-01,-6.710711983274321391e+00,1.236635596905230755e-01
6.237500000000000266e-01,-5.535504004736252481e-01,-3.195924727234727425e-01,-6.737810295589140352e+00,1.229781826621758750e-01
6.250000000000000000e-01,-5.546597199134521983e-01,-3.202329386006740886e-01,-6.764962967607700328e+00,1.222950788578032050e-01
6.262499999999999734e-01,-5.557690393532790374e-01,-3.208734044778754346e-01,-6.792169999330000429e+00,1.216142482774051486e-01
6.274999999999999467e-01,-5.568783587931058765e-01,-3.215138703550767252e-01,-6.819431390756040656e+00,1.209356909209817893e-01
6.287499999999999201e-01,-5.579876782329328266e-01,-3.221543362322780713e-01,-6.846747141885824561e+00,1.202594067885329326e-01
6.299999999999998934e-01,-5.590969976727596658e-01,-3.227948021094794173e-01,-6.874117252719347704e+00,1.195853958800588007e-01
6.312500000000000888e-01,-5.602063171125867269e-01,-3.234352679866808744e-01,-6.901541723256615413e+00,1.189136581955591160e-01
6.325000000000000622e-01,-5.613156365524136771e-01,-3.240757338638822205e-01,-6.929020553497622359e+00,1.182441937350341005e-01
6.337500000000000355e-01,-5.624249559922405162e-01,-3.247161997410835110e-01,-6.956553743442367654e+00,1.175770024984838097e-01
6.350000000000000089e-01,-5.635342754320674663e-01,-3.253566656182848571e-01,-6.984141293090854852e+00,1.169120844859080771e-01
6.362499999999999822e-01,-5.646435948718943054e-01,-3.259971314954862032e-01,-7.011783202443081287e+00,1.162494396973070693e-01
6.374999999999999556e-01,-5.657529143117211445e-01,-3.266375973726875492e-01,-7.039479471499049623e+00,1.155890681326805641e-01
6.387499999999999289e-01,-5.668622337515480947e-01,-3.272780632498888953e-01,-7.067230100258759862e+00,1.149309697920287004e-01
6.399999999999999023e-01,-5.679715531913749338e-01,-3.279185291270901859e-01,-7.095035088722209338e+00,1.142751446753514644e-01
6.412500000000000977e-01,-5.690808726312019949e-01,-3.285589950042916429e-01,-7.122894436889405156e+00,1.136215927826487310e-01
6.425000000000000711e-01,-5.701901920710289451e-01,-3.291994608814929890e-01,-7.150808144760338436e+00,1.129703141139207084e-01
6.437500000000000444e-01,-5.712995115108557842e-01,-3.298399267586943351e-01,-7.178776212335010065e+00,1.123213086691673412e-01
6.450000000000000178e-01,-5.724088309506826233e-01,-3.304803926358956812e-01,-7.206798639613423596e+00,1.116745764483885739e-01
6.462499999999999911e-01,-5.735181503905095735e-01,-3.311208585130969717e-01,-7.234875426595578141e+00,1.110301174515844341e-01
6.474999999999999645e-01,-5.746274698303364126e-01,-3.317613243902983178e-01,-7.263006573281472811e+00,1.103879316787549358e-01
6.487499999999999378e-01,-5.757367892701632517e-01,-3.324017902674996638e-01,-7.291192079671108495e+00,1.097480191299000096e-01
6.499999999999999112e-01,-5.768461087099902018e-01,-3.330422561447010099e-01,-7.319431945764487857e+00,1.091103798050197110e-01
6.512500000000001066e-01,-5.779554281498172630e-01,-3.336827220219024670e-01,-7.347726171561610009e+00,1.084750137041139290e-01
6.525000000000000799e-01,-5.790647475896441021e-01,-3.343231878991037576e-01,-7.376074757062466958e+00,1.078419208271828716e-01
6.537500000000000533e-01,-5.801740670294710522e-01,-3.349636537763051036e-01,-7.404477702267068473e+00,1.072111011742264280e-01
6.550000000000000266e-01,-5.812833864692978914e-01,-3.356041196535064497e-01,-7.432935007175409226e+00,1.065825547452445843e-01
6.562500000000000000e-01,-5.823927059091247305e-01,-3.362445855307077958e-01,-7.461446671787488327e+00,1.059562815402374097e-01
6.574999999999999734e-01,-5.835020253489516806e-01,-3.368850514079090863e-01,-7.490012696103311995e+00,1.053322815592048073e-01
6.587499999999999467e-01,-5.846113447887785197e-01,-3.375255172851104324e-01,-7.518633080122874013e+00,1.047105548021468741e-01
6.599999999999999201e-01,-5.857206642286054699e-01,-3.381659831623117785e-01,-7.547307823846179708e+00,1.040911012690634574e-01
6.612499999999998934e-01,-5.868299836684323090e-01,-3.388064490395131245e-01,-7.576036927273222865e+00,1.034739209599547793e-01
6.625000000000000888e-01,-5.879393031082593701e-01,-3.394469149167145816e-01,-7.604820390404013253e+00,1.028590138748205485e-01
6.637500000000000622e-01,-5.890486225480862092e-01,-3.400873807939158722e-01,-7.633658213238539325e+00,1.022463800136610562e-01
6.650000000000000355e-01,-5.901579419879131594e-01,-3.407278466711172182e-01,-7.662550395776809076e+00,1.016360193764761638e-01
6.662500000000000089e-01,-5.912672614277399985e-01,-3.413683125483185643e-01,-7.691496938018815399e+00,1.010279319632659267e-01
6.674999999999999822e-01,-5.923765808675669486e-01,-3.420087784255199104e-01,-7.720497839964565401e+00,1.004221177740302479e-01
6.687499999999999556e-01,-5.934859003073937878e-01,-3.426492443027212564e-01,-7.749553101614054640e+00,9.981857680876923822e-02
6.699999999999999289e-01,-5.945952197472206269e-01,-3.432897101799225470e-01,-7.778662722967284004e+00,9.921730906748285617e-02
6.712499999999999023e-01,-5.957045391870475770e-01,-3.439301760571238931e-01,-7.807826704024257936e+00,9.861831455017100456e-02
6.725000000000000977e-01,-5.968138586268746382e-01,-3.445706419343253502e-01,-7.837045044784975545e+00,9.802159325683372504e-02
6.737500000000000711e-01,-5.979231780667014773e-01,-3.452111078115266962e-01,-7.866317745249427951e+00,9.742714518747121188e-02
6.750000000000000444e-01,-5.990324975065284274e-01,-3.458515736887280423e-01,-7.895644805417623147e+00,9.683497034208324306e-02
6.762500000000000178e-01,-6.001418169463552665e-01,-3.464920395659293328e-01,-7.925026225289557580e+00,9.624506872066992957e-02
6.774999999999999911e-01,-6.012511363861821057e-01,-3.471325054431306789e-01,-7.954462004865232139e+00,9.565744032323127144e-02
6.787499999999999645e-01,-6.023604558260090558e-01,-3.477729713203320250e-01,-7.983952144144650376e+00,9.507208514976712987e-02
6.799999999999999378e-01,-6.034697752658358949e-01,-3.484134371975333710e-01,-8.013496643127806962e+00,9.448900320027769917e-02
6.812499999999999112e-01,-6.045790947056627340e-01,-3.490539030747347171e-01,-8.043095501814704562e+00,9.390819447476284054e-02
6.825000000000001066e-01,-6.056884141454899062e-01,-3.496943689519361187e-01,-8.072748720205350281e+00,9.332965897322249849e-02
6.837500000000000799e-01,-6.067977335853167453e-01,-3.503348348291374648e-01,-8.102456298299729909e+00,9.275339669565690892e-02
6.850000000000000533e-01,-6.079070530251435844e-01,-3.509753007063388108e-01,-8.132218236097848774e+00,9.217940764206593307e-02
6.862500000000000266e-01,-6.090163724649705346e-01,-3.516157665835401569e-01,-8.162034533599713981e+00,9.160769181244950154e-02
6.875000000000000000e-01,-6.101256919047973737e-01,-3.522562324607415030e-01,-8.191905190805314874e+00,9.103824920680776700e-02
6.887499999999999734e-01,-6.112350113446242128e-01,-3.528966983379427935e-01,-8.221830207714658556e+00,9.047107982514066005e-02
6.899999999999999467e-01,-6.123443307844511629e-01,-3.535371642151441396e-01,-8.251809584327743252e+00,8.990618366744809742e-02
6.912499999999999201e-01,-6.134536502242780021e-01,-3.541776300923454857e-01,-8.281843320644568962e+00,8.934356073373021789e-02
6.924999999999998934e-01,-6.145629696641049522e-01,-3.548180959695468317e-01,-8.311931416665137462e+00,8.878321102398689657e-02
6.937500000000000888e-01,-6.156722891039320134e-01,-3.554585618467482888e-01,-8.342073872389448752e+00,8.822513453821813345e-02
6.950000000000000622e-01,-6.167816085437588525e-01,-3.560990277239495794e-01,-8.372270687817493950e+00,8.766933127642410895e-02
6.962500000000000355e-01,-6.178909279835858026e-01,-3.567394936011509254e-01,-8.402521862949285492e+00,8.711580123860462876e-02
6.975000000000000089e-01,-6.190002474234126417e-01,-3.573799594783522715e-01,-8.432827397784816270e+00,8.656454442475983169e-02
6.987499999999999822e-01,-6.201095668632394808e-01,-3.580204253555536176e-01,-8.463187292324084510e+00,8.601556083488963445e-02
6.999999999999999556e-01,-6.212188863030664310e-01,-3.586608912327549636e-01,-8.493601546567097316e+00,8.546885046899406480e-02
7.012500000000001510e-01,-6.223282057428934921e-01,-3.593013571099563652e-01,-8.524070160513854688e+00,8.492441332707298396e-02
7.024999999999999023e-01,-6.234375251827201092e-01,-3.599418229871576003e-01,-8.554593134164340640e+00,8.438224940912676664e-02
7.037500000000000977e-01,-6.245468446225472814e-01,-3.605822888643590574e-01,-8.585170467518583592e+00,8.384235871515489935e-02
7.049999999999998490e-01,-6.256561640623738985e-01,-3.612227547415602924e-01,-8.615802160576549795e+00,8.330474124515792334e-02
7.062500000000000444e-01,-6.267654835022009596e-01,-3.618632206187617495e-01,-8.646488213338271223e+00,8.276939699913533899e-02
7.074999999999997957e-01,-6.278748029420276877e-01,-3.625036864959629290e-01,-8.677228625803721229e+00,8.223632597708753489e-02
7.087499999999999911e-01,-6.289841223818547489e-01,-3.631441523731643861e-01,-8.708023397972924684e+00,8.170552817901419185e-02
7.100000000000001865e-01,-6.300934418216818100e-01,-3.637846182503658432e-01,-8.738872529845869153e+00,8.117700360491547640e-02
7.112499999999999378e-01,-6.312027612615085381e-01,-3.644250841275670783e-01,-8.769776021422543977e+00,8.065075225479152732e-02
7.125000000000001332e-01,-6.323120807013355993e-01,-3.650655500047685353e-01,-8.800733872702970473e+00,8.012677412864203930e-02
7.137499999999998845e-01,-6.334214001411623274e-01,-3.657060158819697149e-01,-8.831746083687123772e+00,7.960506922646733152e-02
7.150000000000000799e-01,-6.345307195809893885e-01,-3.663464817591711720e-01,-8.862812654375032295e+00,7.908563754826707093e-02
7.162499999999998312e-01,-6.356400390208160056e-01,-3.669869476363724070e-01,-8.893933584766665845e+00,7.856847909404164609e-02
7.175000000000000266e-01,-6.367493584606430668e-01,-3.676274135135738641e-01,-8.925108874862056396e+00,7.805359386379061293e-02
7.187499999999997780e-01,-6.378586779004697949e-01,-3.682678793907750991e-01,-8.956338524661177303e+00,7.754098185751438777e-02
7.199999999999999734e-01,-6.389679973402968560e-01,-3.689083452679765007e-01,-8.987622534164046328e+00,7.703064307521260978e-02
7.212500000000001688e-01,-6.400773167801239172e-01,-3.695488111451779578e-01,-9.018960903370659921e+00,7.652257751688544551e-02
7.224999999999999201e-01,-6.411866362199506453e-01,-3.701892770223791929e-01,-9.050353632281000316e+00,7.601678518253306149e-02
7.237500000000001155e-01,-6.422959556597777064e-01,-3.708297428995806500e-01,-9.081800720895092383e+00,7.551326607215512465e-02
7.249999999999998668e-01,-6.434052750996044345e-01,-3.714702087767818850e-01,-9.113302169212916581e+00,7.501202018575198194e-02
7.262500000000000622e-01,-6.445145945394314957e-01,-3.721106746539832866e-01,-9.144857977234492452e+00,7.451304752332328640e-02
7.274999999999998135e-01,-6.456239139792581128e-01,-3.727511405311845216e-01,-9.176468144959795126e+00,7.401634808486941275e-02
7.287500000000000089e-01,-6.467332334190852849e-01,-3.733916064083859787e-01,-9.208132672388853024e+00,7.352192187038990301e-02
7.300000000000002043e-01,-6.478425528589123461e-01,-3.740320722855874358e-01,-9.239851559521650159e+00,7.302976887988507637e-02
7.312499999999999556e-01,-6.489518722987389632e-01,-3.746725381627886708e-01,-9.271624806358175874e+00,7.253988911335502998e-02
7.325000000000001510e-01,-6.500611917385660243e-01,-3.753130040399900724e-01,-9.303452412898455037e+00,7.205228257079947241e-02
7.337499999999999023e-01,-6.511705111783927524e-01,-3.759534699171913075e-01,-9.335334379142466332e+00,7.156694925221863957e-02
7.350000000000000977e-01,-6.522798306182198136e-01,-3.765939357943927646e-01,-9.367270705090227523e+00,7.108388915761226778e-02
7.362499999999998490e-01,-6.533891500580465417e-01,-3.772344016715939996e-01,-9.399261390741717292e+00,7.060310228698067625e-02
7.375000000000000444e-01,-6.544984694978736028e-01,-3.778748675487954567e-01,-9.431306436096960510e+00,7.012458864032354577e-02
7.387499999999997957e-01,-6.556077889377003309e-01,-3.785153334259966362e-01,-9.463405841155932308e+00,6.964834821764118167e-02
7.399999999999999911e-01,-6.567171083775273921e-01,-3.791557993031980933e-01,-9.495559605918659329e+00,6.917438101893330638e-02
7.412500000000001865e-01,-6.578264278173544533e-01,-3.797962651803995504e-01,-9.527767730385123812e+00,6.870268704420003092e-02
7.424999999999999378e-01,-6.589357472571810703e-01,-3.804367310576007855e-01,-9.560030214555316874e+00,6.823326629344153571e-02
7.437500000000001332e-01,-6.600450666970082425e-01,-3.810771969348022425e-01,-9.592347058429266937e+00,6.776611876665748768e-02
7.449999999999998845e-01,-6.611543861368348596e-01,-3.817176628120034221e-01,-9.624718262006942027e+00,6.730124446384826153e-02
7.462500000000000799e-01,-6.622637055766619207e-01,-3.823581286892048792e-01,-9.657143825288370564e+00,6.683864338501345481e-02
7.474999999999998312e-01,-6.633730250164886488e-01,-3.829985945664061142e-01,-9.689623748273529458e+00,6.637831553015342834e-02
7.487500000000000266e-01,-6.644823444563157100e-01,-3.836390604436075713e-01,-9.722158030962440023e+00,6.592026089926784904e-02
7.499999999999997780e-01,-6.655916638961424381e-01,-3.842795263208087508e-01,-9.754746673355080944e+00,6.546447949235704999e-02
7.512499999999999734e-01,-6.667009833359694992e-01,-3.849199921980102079e-01,-9.787389675451473536e+00,6.501097130942072588e-02
7.525000000000001688e-01,-6.678103027757965604e-01,-3.855604580752116650e-01,-9.820087037251605366e+00,6.455973635045901549e-02
7.537499999999999201e-01,-6.689196222156232885e-01,-3.862009239524129001e-01,-9.852838758755469328e+00,6.411077461547205758e-02
7.550000000000001155e-01,-6.700289416554503497e-01,-3.868413898296143572e-01,-9.885644839963084962e+00,6.366408610445960237e-02
7.562499999999998668e-01,-6.711382610952769667e-01,-3.874818557068155367e-01,-9.918505280874427399e+00,6.321967081742191352e-02
7.575000000000000622e-01,-6.722475805351041389e-01,-3.881223215840169938e-01,-9.951420081489525060e+00,6.277752875435864410e-02
7.587499999999998135e-01,-6.733568999749307560e-01,-3.887627874612182288e-01,-9.984389241808351301e+00,6.233765991527018963e-02
7.600000000000000089e-01,-6.744662194147578171e-01,-3.894032533384196859e-01,-1.001741276183092921e+01,6.190006430015618927e-02
7.612500000000002043e-01,-6.755755388545848783e-01,-3.900437192156211430e-01,-1.005049064155724814e+01,6.146474190901680262e-02
7.624999999999999556e-01,-6.766848582944116064e-01,-3.906841850928223225e-01,-1.008362288098729742e+01,6.103169274185218235e-02
7.637500000000001510e-01,-6.777941777342386676e-01,-3.913246509700237796e-01,-1.011680948012109837e+01,6.060091679866203701e-02
7.649999999999999023e-01,-6.789034971740653956e-01,-3.919651168472250147e-01,-1.015005043895862968e+01,6.017241407944664416e-02
7.662500000000000977e-01,-6.800128166138924568e-01,-3.926055827244264718e-01,-1.018334575749991089e+01,5.974618458420572625e-02
7.674999999999998490e-01,-6.811221360537191849e-01,-3.932460486016277068e-01,-1.021669543574492600e+01,5.932222831293957471e-02
7.687500000000000444e-01,-6.822314554935462461e-01,-3.938865144788291084e-01,-1.025009947369368746e+01,5.890054526564789811e-02
7.699999999999997957e-01,-6.833407749333728631e-01,-3.945269803560303434e-01,-1.028355787134618282e+01,5.848113544233100175e-02
7.712499999999999911e-01,-6.844500943731999243e-01,-3.951674462332318005e-01,-1.031707062870242630e+01,5.806399884298858033e-02
7.725000000000001865e-01,-6.855594138130270965e-01,-3.958079121104332576e-01,-1.035063774576241613e+01,5.764913546762073099e-02
7.737499999999999378e-01,-6.866687332528537135e-01,-3.964483779876344927e-01,-1.038425922252613098e+01,5.723654531622768965e-02
7.750000000000001332e-01,-6.877780526926807747e-01,-3.970888438648358942e-01,-1.041793505899359928e+01,5.682622838880910937e-02
7.762499999999998845e-01,-6.888873721325075028e-01,-3.977293097420371293e-01,-1.045166525516480149e+01,5.641818468536528158e-02
7.775000000000000799e-01,-6.899966915723345640e-01,-3.983697756192385864e-01,-1.048544981103974827e+01,5.601241420589592873e-02
7.787499999999998312e-01,-6.911060110121612921e-01,-3.990102414964398214e-01,-1.051928872661843073e+01,5.560891695040132837e-02
7.800000000000000266e-01,-6.922153304519883532e-01,-3.996507073736412785e-01,-1.055318200190086131e+01,5.520769291888120295e-02
7.812499999999997780e-01,-6.933246498918149703e-01,-4.002911732508424580e-01,-1.058712963688702224e+01,5.480874211133588553e-02
7.824999999999999734e-01,-6.944339693316421425e-01,-4.009316391280439151e-01,-1.062113163157693840e+01,5.441206452776498753e-02
7.837500000000001688e-01,-6.955432887714692036e-01,-4.015721050052453722e-01,-1.065518798597059202e+01,5.401766016816873101e-02
7.849999999999999201e-01,-6.966526082112958207e-01,-4.022125708824466073e-01,-1.068929870006797600e+01,5.362552903254725473e-02
7.862500000000001155e-01,-6.977619276511228819e-01,-4.028530367596480644e-01,-1.072346377386911165e+01,5.323567112090022563e-02
7.874999999999998668e-01,-6.988712470909496099e-01,-4.034935026368492439e-01,-1.075768320737397765e+01,5.284808643322794902e-02
7.887500000000000622e-01,-6.999805665307766711e-01,-4.041339685140507010e-01,-1.079195700058259710e+01,5.246277496953017511e-02
7.899999999999998135e-01,-7.010898859706033992e-01,-4.047744343912519360e-01,-1.082628515349494691e+01,5.207973672980712593e-02
7.912500000000000089e-01,-7.021992054104304604e-01,-4.054149002684533931e-01,-1.086066766611104484e+01,5.169897171405857250e-02
7.925000000000002043e-01,-7.033085248502575215e-01,-4.060553661456548502e-01,-1.089510453843088555e+01,5.132047992228465361e-02
7.937499999999999556e-01,-7.044178442900842496e-01,-4.066958320228560297e-01,-1.092959577045445663e+01,5.094426135448546639e-02
7.950000000000001510e-01,-7.055271637299113108e-01,-4.073362979000574868e-01,-1.096414136218177937e+01,5.057031601066077492e-02
7.962499999999999023e-01,-7.066364831697379278e-01,-4.079767637772587219e-01,-1.099874131361282892e+01,5.019864389081084982e-02
7.975000000000000977e-01,-7.077458026095651000e-01,-4.086172296544601790e-01,-1.103339562474763547e+01,4.982924499493535803e-02
7.987499999999998490e-01,-7.088551220493917171e-01,-4.092576955316614140e-01,-1.106810429558617059e+01,4.946211932303466036e-02
8.000000000000000444e-01,-7.099644414892187783e-01,-4.098981614088628156e-01,-1.110286732612845384e+01,4.909726687510845844e-02
8.012499999999997957e-01,-7.110737609290455064e-01,-4.105386272860640506e-01,-1.113768471637446922e+01,4.873468765115696738e-02
8.024999999999999911e-01,-7.121830803688725675e-01,-4.111790931632655077e-01,-1.117255646632423804e+01,4.837438165117998595e-02
8.037500000000001865e-01,-7.132923998086996287e-01,-4.118195590404669648e-01,-1.120748257597774611e+01,4.801634887517761824e-02
8.049999999999999378e-01,-7.144017192485263568e-01,-4.124600249176681999e-01,-1.124246304533498453e+01,4.766058932314998914e-02
8.062500000000001332e-01,-7.155110386883534179e-01,-4.131004907948696014e-01,-1.127749787439597462e+01,4.730710299509686273e-02
8.074999999999998845e-01,-7.166203581281801460e-01,-4.137409566720708365e-01,-1.131258706316069684e+01,4.695588989101846106e-02
8.087500000000000799e-01,-7.177296775680072072e-01,-4.143814225492722936e-01,-1.134773061162916719e+01,4.660695001091457595e-02
8.099999999999998312e-01,-7.188389970078338242e-01,-4.150218884264735286e-01,-1.138292851980136788e+01,4.626028335478543640e-02
8.112500000000000266e-01,-7.199483164476609964e-01,-4.156623543036749857e-01,-1.141818078767732558e+01,4.591588992263075791e-02
8.124999999999997780e-01,-7.210576358874876135e-01,-4.163028201808761652e-01,-1.145348741525700476e+01,4.557376971445086661e-02
8.137499999999999734e-01,-7.221669553273146747e-01,-4.169432860580776223e-01,-1.148884840254043915e+01,4.523392273024544330e-02
8.150000000000001688e-01,-7.232762747671417358e-01,-4.175837519352790794e-01,-1.152426374952761634e+01,4.489634897001464758e-02
8.162499999999999201e-01,-7.243855942069684639e-01,-4.182242178124803145e-01,-1.155973345621852211e+01,4.456104843375855579e-02
8.175000000000001155e-01,-7.254949136467955251e-01,-4.188646836896817716e-01,-1.159525752261318132e+01,4.422802112147699444e-02
8.187499999999998668e-01,-7.266042330866222532e-01,-4.195051495668829511e-01,-1.163083594871157089e+01,4.389726703317015782e-02
8.200000000000000622e-01,-7.277135525264493143e-01,-4.201456154440844082e-01,-1.166646873451371036e+01,4.356878616883783084e-02
8.212499999999998135e-01,-7.288228719662759314e-01,-4.207860813212856432e-01,-1.170215588001957485e+01,4.324257852848024247e-02
8.225000000000000089e-01,-7.299321914061031036e-01,-4.214265471984871003e-01,-1.173789738522919990e+01,4.291864411209713598e-02
8.237500000000002043e-01,-7.310415108459301647e-01,-4.220670130756885574e-01,-1.177369325014256241e+01,4.259698291968865708e-02
8.249999999999999556e-01,-7.321508302857567818e-01,-4.227074789528897369e-01,-1.180954347475964994e+01,4.227759495125493761e-02
8.262500000000001510e-01,-7.332601497255839540e-01,-4.233479448300911940e-01,-1.184544805908049803e+01,4.196048020679567225e-02
8.274999999999999023e-01,-7.343694691654105711e-01,-4.239884107072924291e-01,-1.188140700310507114e+01,4.164563868631118021e-02
8.287500000000000977e-01,-7.354787886052376322e-01,-4.246288765844938862e-01,-1.191742030683339770e+01,4.133307038980117698e-02
8.299999999999998490e-01,-7.365881080450643603e-01,-4.252693424616951212e-01,-1.195348797026545284e+01,4.102277531726589155e-02
8.312500000000000444e-01,-7.376974274848914215e-01,-4.259098083388965228e-01,-1.198960999340125966e+01,4.071475346870512962e-02
8.324999999999997957e-01,-7.388067469247181496e-01,-4.265502742160977578e-01,-1.202578637624079683e+01,4.040900484411908550e-02
8.337499999999999911e-01,-7.399160663645452107e-01,-4.271907400932992149e-01,-1.206201711878408922e+01,4.010552944350755794e-02
8.350000000000001865e-01,-7.410253858043722719e-01,-4.278312059705006720e-01,-1.209830222103111730e+01,3.980432726687064410e-02
8.362499999999999378e-01,-7.421347052441990000e-01,-4.284716718477019071e-01,-1.213464168298187928e+01,3.950539831420844805e-02
8.375000000000001332e-01,-7.432440246840260611e-01,-4.291121377249033086e-01,-1.217103550463638939e+01,3.920874258552078245e-02
8.387499999999998845e-01,-7.443533441238526782e-01,-4.297526036021045437e-01,-1.220748368599462630e+01,3.891436008080783465e-02
8.400000000000000799e-01,-7.454626635636797394e-01,-4.303930694793060008e-01,-1.224398622705662198e+01,3.862225080006940342e-02
8.412499999999998312e-01,-7.465719830035064675e-01,-4.310335353565072358e-01,-1.228054312782234447e+01,3.833241474330566917e-02
8.425000000000000266e-01,-7.476813024433335286e-01,-4.316740012337086929e-01,-1.231715438829182041e+01,3.804485191051647924e-02
8.437500000000002220e-01,-7.487906218831605898e-01,-4.323144671109100945e-01,-1.235382000846503381e+01,3.775956230170190303e-02
8.449999999999999734e-01,-7.498999413229873179e-01,-4.329549329881113295e-01,-1.239053998834198289e+01,3.747654591686202380e-02
8.462500000000001688e-01,-7.510092607628143790e-01,-4.335953988653127866e-01,-1.242731432792268009e+01,3.719580275599667502e-02
8.474999999999999201e-01,-7.521185802026411071e-01,-4.342358647425140217e-01,-1.246414302720710765e+01,3.691733281910603709e-02
8.487500000000001155e-01,-7.532278996424681683e-01,-4.348763306197154788e-01,-1.250102608619528688e+01,3.664113610618992961e-02
8.499999999999998668e-01,-7.543372190822947854e-01,-4.355167964969166583e-01,-1.253796350488719291e+01,3.636721261724854687e-02
8.512500000000000622e-01,-7.554465385221219575e-01,-4.361572623741181154e-01,-1.257495528328285950e+01,3.609556235228165294e-02
8.524999999999998135e-01,-7.565558579619485746e-01,-4.367977282513193504e-01,-1.261200142138224578e+01,3.582618531128949763e-02
8.537500000000000089e-01,-7.576651774017756358e-01,-4.374381941285208075e-01,-1.264910191918539084e+01,3.555908149427186582e-02
8.550000000000002043e-01,-7.587744968416026969e-01,-4.380786600057222646e-01,-1.268625677669227692e+01,3.529425090122884079e-02
8.562499999999999556e-01,-7.598838162814294250e-01,-4.387191258829234441e-01,-1.272346599390288802e+01,3.503169353216053356e-02
8.575000000000001510e-01,-7.609931357212564862e-01,-4.393595917601249012e-01,-1.276072957081725257e+01,3.477140938706674983e-02
8.587499999999999023e-01,-7.621024551610832143e-01,-4.400000576373261363e-01,-1.279804750743534925e+01,3.451339846594766309e-02
8.600000000000000977e-01,-7.632117746009102754e-01,-4.406405235145275934e-01,-1.283541980375719582e+01,3.425766076880312067e-02
8.612499999999998490e-01,-7.643210940407370035e-01,-4.412809893917287729e-01,-1.287284645978277453e+01,3.400419629563327523e-02
8.625000000000000444e-01,-7.654304134805640647e-01,-4.419214552689302300e-01,-1.291032747551210313e+01,3.375300504643796717e-02
8.637499999999997957e-01,-7.665397329203906818e-01,-4.425619211461314650e-01,-1.294786285094516032e+01,3.350408702121736998e-02
8.649999999999999911e-01,-7.676490523602177429e-01,-4.432023870233329221e-01,-1.298545258608197095e+01,3.325744221997130323e-02
8.662500000000001865e-01,-7.687583718000449151e-01,-4.438428529005343792e-01,-1.302309668092252437e+01,3.301307064269982244e-02
8.674999999999999378e-01,-7.698676912398715322e-01,-4.444833187777355588e-01,-1.306079513546680282e+01,3.277097228940308721e-02
8.687500000000001332e-01,-7.709770106796985933e-01,-4.451237846549370158e-01,-1.309854794971483827e+01,3.253114716008086854e-02
8.699999999999998845e-01,-7.720863301195253214e-01,-4.457642505321382509e-01,-1.313635512366660052e+01,3.229359525473333992e-02
8.712500000000000799e-01,-7.731956495593523826e-01,-4.464047164093397080e-01,-1.317421665732211622e+01,3.205831657336035562e-02
8.724999999999998312e-01,-7.743049689991791107e-01,-4.470451822865409430e-01,-1.321213255068136228e+01,3.182531111596207524e-02
8.737500000000000266e-01,-7.754142884390061718e-01,-4.476856481637423446e-01,-1.325010280374436000e+01,3.159457888253833224e-02
8.750000000000002220e-01,-7.765236078788332330e-01,-4.483261140409438017e-01,-1.328812741651109519e+01,3.136611987308919602e-02
8.762499999999999734e-01,-7.776329273186599611e-01,-4.489665799181450367e-01,-1.332620638898156429e+01,3.113993408761476372e-02
8.775000000000001688e-01,-7.787422467584870223e-01,-4.496070457953464938e-01,-1.336433972115578506e+01,3.091602152611486881e-02
8.787499999999999201e-01,-7.798515661983136393e-01,-4.502475116725477289e-01,-1.340252741303373085e+01,3.069438218858968476e-02
8.800000000000001155e-01,-7.809608856381408115e-01,-4.508879775497491305e-01,-1.344076946461543365e+01,3.047501607503901727e-02
8.812499999999998668e-01,-7.820702050779674286e-01,-4.515284434269503655e-01,-1.347906587590086147e+01,3.025792318546306758e-02
8.825000000000000622e-01,-7.831795245177944897e-01,-4.521689093041518226e-01,-1.351741664689004452e+01,3.004310351986164834e-02
8.837499999999998135e-01,-7.842888439576212178e-01,-4.528093751813530576e-01,-1.355582177758295614e+01,2.983055707823491220e-02
8.850000000000000089e-01,-7.853981633974482790e-01,-4.534498410585545147e-01,-1.359428126797962122e+01,2.962028386058272733e-02
8.862500000000002043e-01,-7.865074828372753402e-01,-4.540903069357559163e-01,-1.363279511808002908e+01,2.941228386690517005e-02
8.874999999999999556e-01,-7.876168022771020683e-01,-4.547307728129571514e-01,-1.367136332788416375e+01,2.920655709720228893e-02
8.887500000000001510e-01,-7.887261217169291294e-01,-4.553712386901586084e-01,-1.370998589739205187e+01,2.900310355147395908e-02
8.899999999999999023e-01,-7.898354411567558575e-01,-4.560117045673598435e-01,-1.374866282660366856e+01,2.880192322972031232e-02
8.912500000000000977e-01,-7.909447605965829187e-01,-4.566521704445613006e-01,-1.378739411551903871e+01,2.860301613194122378e-02
8.924999999999998490e-01,-7.920540800364095357e-01,-4.572926363217624801e-01,-1.382617976413813388e+01,2.840638225813683221e-02
8.937500000000000444e-01,-7.931633994762365969e-01,-4.579331021989639372e-01,-1.386501977246098249e+01,2.821202160830697803e-02
8.949999999999997957e-01,-7.942727189160633250e-01,-4.585735680761651722e-01,-1.390391414048756502e+01,2.801993418245179307e-02
8.962499999999999911e-01,-7.953820383558903861e-01,-4.592140339533666293e-01,-1.394286286821789744e+01,2.783011998057117325e-02
8.975000000000001865e-01,-7.964913577957174473e-01,-4.598544998305680864e-01,-1.398186595565197088e+01,2.764257900266518103e-02
8.987499999999999378e-01,-7.976006772355441754e-01,-4.604949657077692660e-01,-1.402092340278977289e+01,2.745731124873385803e-02
9.000000000000001332e-01,-7.987099966753712366e-01,-4.611354315849707231e-01,-1.406003520963132836e+01,2.727431671877709324e-02
9.012499999999998845e-01,-7.998193161151979647e-01,-4.617758974621719581e-01,-1.409920137617661240e+01,2.709359541279500461e-02
9.025000000000000799e-01,-8.009286355550250258e-01,-4.624163633393734152e-01,-1.413842190242564989e+01,2.691514733078747418e-02
9.037499999999998312e-01,-8.020379549948516429e-01,-4.630568292165746502e-01,-1.417769678837841241e+01,2.673897247275463379e-02
9.050000000000000266e-01,-8.031472744346788151e-01,-4.636972950937760518e-01,-1.421702603403493548e+01,2.656507083869633773e-02
9.062500000000002220e-01,-8.042565938745058762e-01,-4.643377609709775089e-01,-1.425640963939519246e+01,2.639344242861266232e-02
9.074999999999999734e-01,-8.053659133143324933e-01,-4.649782268481787439e-01,-1.429584760445918157e+01,2.622408724250367001e-02
9.087500000000001688e-01,-8.064752327541595545e-01,-4.656186927253802010e-01,-1.433533992922692413e+01,2.605700528036923591e-02
9.099999999999999201e-01,-8.075845521939862826e-01,-4.662591586025814361e-01,-1.437488661369839349e+01,2.589219654220947103e-02
9.112500000000001155e-01,-8.086938716338133437e-01,-4.668996244797828377e-01,-1.441448765787361452e+01,2.572966102802427130e-02
9.124999999999998668e-01,-8.098031910736400718e-01,-4.675400903569840727e-01,-1.445414306175256769e+01,2.556939873781374079e-02
9.137500000000000622e-01,-8.109125105134671330e-01,-4.681805562341855298e-01,-1.449385282533527075e+01,2.541140967157777542e-02
9.149999999999998135e-01,-8.120218299532938611e-01,-4.688210221113867648e-01,-1.453361694862170594e+01,2.525569382931647927e-02
9.162500000000000089e-01,-8.131311493931209222e-01,-4.694614879885882219e-01,-1.457343543161189281e+01,2.510225121102975521e-02
9.175000000000002043e-01,-8.142404688329479834e-01,-4.701019538657896235e-01,-1.461330827430582069e+01,2.495108181671764486e-02
9.187499999999999556e-01,-8.153497882727746005e-01,-4.707424197429908586e-01,-1.465323547670347359e+01,2.480218564638021067e-02
9.200000000000001510e-01,-8.164591077126017726e-01,-4.713828856201923156e-01,-1.469321703880488705e+01,2.465556270001732775e-02
9.212499999999999023e-01,-8.175684271524283897e-01,-4.720233514973935507e-01,-1.473325296061002021e+01,2.451121297762912793e-02
9.225000000000000977e-01,-8.186777465922554509e-01,-4.726638173745950078e-01,-1.477334324211891570e+01,2.436913647921549325e-02
9.237499999999998490e-01,-8.197870660320821790e-01,-4.733042832517961873e-01,-1.481348788333153088e+01,2.422933320477652086e-02
9.250000000000000444e-01,-8.208963854719092401e-01,-4.739447491289976444e-01,-1.485368688424790307e+01,2.409180315431212055e-02
9.262499999999997957e-01,-8.220057049117359682e-01,-4.745852150061988795e-01,-1.489394024486800738e+01,2.395654632782238252e-02
9.274999999999999911e-01,-8.231150243515630294e-01,-4.752256808834003365e-01,-1.493424796519185982e+01,2.382356272530721658e-02
9.287500000000001865e-01,-8.242243437913900905e-01,-4.758661467606017936e-01,-1.497461004521945682e+01,2.369285234676667129e-02
9.299999999999999378e-01,-8.253336632312168186e-01,-4.765066126378029732e-01,-1.501502648495077885e+01,2.356441519220078828e-02
9.312500000000001332e-01,-8.264429826710438798e-01,-4.771470785150044303e-01,-1.505549728438585966e+01,2.343825126160947736e-02
9.324999999999998845e-01,-8.275523021108704969e-01,-4.777875443922056653e-01,-1.509602244352466016e+01,2.331436055499283566e-02
9.337500000000000799e-01,-8.286616215506976690e-01,-4.784280102694071224e-01,-1.513660196236722300e+01,2.319274307235075216e-02
9.349999999999998312e-01,-8.297709409905242861e-01,-4.790684761466083019e-01,-1.517723584091350730e+01,2.307339881368334483e-02
9.362500000000000266e-01,-8.308802604303513473e-01,-4.797089420238097590e-01,-1.521792407916354684e+01,2.295632777899050958e-02
9.375000000000002220e-01,-8.319895798701784084e-01,-4.803494079010112161e-01,-1.525866667711732916e+01,2.284152996827228804e-02
9.387499999999999734e-01,-8.330988993100051365e-01,-4.809898737782124511e-01,-1.529946363477483828e+01,2.272900538152872879e-02
9.400000000000001688e-01,-8.342082187498321977e-01,-4.816303396554139082e-01,-1.534031495213610086e+01,2.261875401875974162e-02
9.412499999999999201e-01,-8.353175381896589258e-01,-4.822708055326150878e-01,-1.538122062920109201e+01,2.251077587996541673e-02
9.425000000000001155e-01,-8.364268576294859869e-01,-4.829112714098165449e-01,-1.542218066596983839e+01,2.240507096514567087e-02
9.437499999999998668e-01,-8.375361770693126040e-01,-4.835517372870177799e-01,-1.546319506244230979e+01,2.230163927430058035e-02
9.450000000000000622e-01,-8.386454965091397762e-01,-4.841922031642192370e-01,-1.550426381861853820e+01,2.220048080743006885e-02
9.462499999999998135e-01,-8.397548159489663933e-01,-4.848326690414204720e-01,-1.554538693449849163e+01,2.210159556453421270e-02
9.475000000000000089e-01,-8.408641353887934544e-01,-4.854731349186219291e-01,-1.558656441008219851e+01,2.200498354561294251e-02
9.487500000000002043e-01,-8.419734548286206266e-01,-4.861136007958233307e-01,-1.562779624536965173e+01,2.191064475066627909e-02
9.499999999999999556e-01,-8.430827742684472437e-01,-4.867540666730245658e-01,-1.566908244036082642e+01,2.181857917969427796e-02
9.512500000000001510e-01,-8.441920937082743048e-01,-4.873945325502260228e-01,-1.571042299505575635e+01,2.172878683269686279e-02
9.524999999999999023e-01,-8.453014131481010329e-01,-4.880349984274272579e-01,-1.575181790945441840e+01,2.164126770967408908e-02
9.537500000000000977e-01,-8.464107325879280941e-01,-4.886754643046287150e-01,-1.579326718355682857e+01,2.155602181062590827e-02
9.549999999999998490e-01,-8.475200520277548222e-01,-4.893159301818298945e-01,-1.583477081736296910e+01,2.147304913555236894e-02
9.562500000000000444e-01,-8.486293714675818833e-01,-4.899563960590313516e-01,-1.587632881087286663e+01,2.139234968445342250e-02
9.574999999999997957e-01,-8.497386909074085004e-01,-4.905968619362325867e-01,-1.591794116408648563e+01,2.131392345732913141e-02
9.587499999999999911e-01,-8.508480103472356726e-01,-4.912373278134340437e-01,-1.595960787700386518e+01,2.123777045417941239e-02
9.600000000000001865e-01,-8.519573297870627338e-01,-4.918777936906355008e-01,-1.600132894962498042e+01,2.116389067500432097e-02
9.612499999999999378e-01,-8.530666492268893508e-01,-4.925182595678366804e-01,-1.604310438194982780e+01,2.109228411980387796e-02
9.625000000000001332e-01,-8.541759686667164120e-01,-4.931587254450381375e-01,-1.608493417397842506e+01,2.102295078857802785e-02
9.637499999999998845e-01,-8.552852881065431401e-01,-4.937991913222393725e-01,-1.612681832571075091e+01,2.095589068132681226e-02
9.650000000000000799e-01,-8.563946075463702012e-01,-4.944396571994408296e-01,-1.616875683714683376e+01,2.089110379805018958e-02
9.662499999999998312e-01,-8.575039269861969293e-01,-4.950801230766420091e-01,-1.621074970828664163e+01,2.082859013874821530e-02
9.675000000000000266e-01,-8.586132464260239905e-01,-4.957205889538434662e-01,-1.625279693913020296e+01,2.076834970342083392e-02
9.687500000000002220e-01,-8.597225658658510516e-01,-4.963610548310449233e-01,-1.629489852967750707e+01,2.071038249206806625e-02
9.699999999999999734e-01,-8.608318853056777797e-01,-4.970015207082461584e-01,-1.633705447992853976e+01,2.065468850468994005e-02
9.712500000000001688e-01,-8.619412047455048409e-01,-4.976419865854476154e-01,-1.637926478988332235e+01,2.060126774128641369e-02
9.724999999999999201e-01,-8.630505241853314580e-01,-4.982824524626487950e-01,-1.642152945954183352e+01,2.055012020185752186e-02
9.737500000000001155e-01,-8.641598436251586302e-01,-4.989229183398502521e-01,-1.646384848890410524e+01,2.050124588640322987e-02
9.749999999999998668e-01,-8.652691630649852472e-01,-4.995633842170514871e-01,-1.650622187797009488e+01,2.045464479492357240e-02
9.762500000000000622e-01,-8.663784825048123084e-01,-5.002038500942529442e-01,-1.654864962673984508e+01,2.041031692741852172e-02
9.774999999999998135e-01,-8.674878019446390365e-01,-5.008443159714541792e-01,-1.659113173521331674e+01,2.036826228388809862e-02
9.787500000000000089e-01,-8.685971213844660976e-01,-5.014847818486556363e-01,-1.663366820339054897e+01,2.032848086433227536e-02
9.800000000000002043e-01,-8.697064408242931588e-01,-5.021252477258570934e-01,-1.667625903127152043e+01,2.029097266875107969e-02
9.812499999999999556e-01,-8.708157602641198869e-01,-5.027657136030583285e-01,-1.671890421885622047e+01,2.025573769714450467e-02
9.825000000000001510e-01,-8.719250797039469481e-01,-5.034061794802596745e-01,-1.676160376614467395e+01,2.022277594951254337e-02
9.837499999999999023e-01,-8.730343991437736761e-01,-5.040466453574609096e-01,-1.680435767313685247e+01,2.019208742585520966e-02
9.850000000000000977e-01,-8.741437185836007373e-01,-5.046871112346623667e-01,-1.684716593983278798e+01,2.016367212617248272e-02
9.862499999999998490e-01,-8.752530380234273544e-01,-5.053275771118636017e-01,-1.689002856623244497e+01,2.013753005046438338e-02
9.875000000000000444e-01,-8.763623574632544155e-01,-5.059680429890650588e-01,-1.693294555233586252e+01,2.011366119873089081e-02
9.887499999999997957e-01,-8.774716769030811436e-01,-5.066085088662662939e-01,-1.697591689814300864e+01,2.009206557097202583e-02
9.899999999999999911e-01,-8.785809963429082048e-01,-5.072489747434677509e-01,-1.701894260365390465e+01,2.007274316718776763e-02
9.912500000000001865e-01,-8.796903157827352659e-01,-5.078894406206692080e-01,-1.706202266886854346e+01,2.005569398737813702e-02
9.924999999999999378e-01,-8.807996352225619940e-01,-5.085299064978704431e-01,-1.710515709378691085e+01,2.004091803154312013e-02
9.937500000000001332e-01,-8.819089546623890552e-01,-5.091703723750719002e-01,-1.714834587840903524e+01,2.002841529968272388e-02
9.949999999999998845e-01,-8.830182741022157833e-01,-5.098108382522730242e-01,-1.719158902273487755e+01,2.001818579179694135e-02
9.962500000000000799e-01,-8.841275935420428445e-01,-5.104513041294744813e-01,-1.723488652676448041e+01,2.001022950788577948e-02
9.974999999999998312e-01,-8.852369129818694615e-01,-5.110917700066757163e-01,-1.727823839049781185e+01,2.000454644794923825e-02
9.987500000000000266e-01,-8.863462324216966337e-01,-5.117322358838771734e-01,-1.732164461393489674e+01,2.000113661198731074e-02
1.000000000000000222e+00,-8.874555518615236949e-01,-5.123727017610786305e-01,-1.736510519707572442e+01,1.999999999999999695e-02
1.001249999999999973e+00,-8.885648713013503119e-01,-5.130131676382798656e-01,-1.740862013992026647e+01,2.000113661198731074e-02
1.002500000000000169e+00,-8.896741907411774841e-01,-5.136536335154813226e-01,-1.745218944246857973e+01,2.000454644794923825e-02
1.003749999999999920e+00,-8.907835101810041012e-01,-5.142940993926825577e-01,-1.749581310472061091e+01,2.001022950788577948e-02
1.005000000000000115e+00,-8.918928296208311624e-01,-5.149345652698840148e-01,-1.753949112667639909e+01,2.001818579179694135e-02
1.006249999999999867e+00,-8.930021490606578904e-01,-5.155750311470851388e-01,-1.758322350833591230e+01,2.002841529968272388e-02
1.007500000000000062e+00,-8.941114685004849516e-01,-5.162154970242865959e-01,-1.762701024969918606e+01,2.004091803154312013e-02
1.008749999999999813e+00,-8.952207879403116797e-01,-5.168559629014878309e-01,-1.767085135076618485e+01,2.005569398737813702e-02
1.010000000000000009e+00,-8.963301073801387409e-01,-5.174964287786892880e-01,-1.771474681153694064e+01,2.007274316718776763e-02
1.011250000000000204e+00,-8.974394268199658020e-01,-5.181368946558907451e-01,-1.775869663201142856e+01,2.009206557097202583e-02
1.012499999999999956e+00,-8.985487462597925301e-01,-5.187773605330919802e-01,-1.780270081218964862e+01,2.011366119873089081e-02
1.013750000000000151e+00,-8.996580656996195913e-01,-5.194178264102934373e-01,-1.784675935207162567e+01,2.013753005046438338e-02
1.014999999999999902e+00,-9.007673851394462083e-01,-5.200582922874946723e-01,-1.789087225165732420e+01,2.016367212617248272e-02
1.016250000000000098e+00,-9.018767045792732695e-01,-5.206987581646961294e-01,-1.793503951094677618e+01,2.019208742585520966e-02
1.017499999999999849e+00,-9.029860240190999976e-01,-5.213392240418973644e-01,-1.797926112993996028e+01,2.022277594951254337e-02
1.018750000000000044e+00,-9.040953434589270588e-01,-5.219796899190987105e-01,-1.802353710863690139e+01,2.025573769714450467e-02
1.019999999999999796e+00,-9.052046628987537868e-01,-5.226201557962999455e-01,-1.806786744703756398e+01,2.029097266875107969e-02
1.021249999999999991e+00,-9.063139823385808480e-01,-5.232606216735014026e-01,-1.811225214514198356e+01,2.032848086433227536e-02
1.022500000000000187e+00,-9.074233017784079092e-01,-5.239010875507028597e-01,-1.815669120295014949e+01,2.036826228388809862e-02
1.023749999999999938e+00,-9.085326212182346373e-01,-5.245415534279040948e-01,-1.820118462046203334e+01,2.041031692741852172e-02
1.025000000000000133e+00,-9.096419406580616984e-01,-5.251820193051055519e-01,-1.824573239767767419e+01,2.045464479492357240e-02
1.026249999999999885e+00,-9.107512600978883155e-01,-5.258224851823067869e-01,-1.829033453459704006e+01,2.050124588640322987e-02
1.027500000000000080e+00,-9.118605795377154877e-01,-5.264629510595082440e-01,-1.833499103122017004e+01,2.055012020185752186e-02
1.028749999999999831e+00,-9.129698989775421047e-01,-5.271034169367094790e-01,-1.837970188754701795e+01,2.060126774128641369e-02
1.030000000000000027e+00,-9.140792184173691659e-01,-5.277438828139109361e-01,-1.842446710357762285e+01,2.065468850468994005e-02
1.031250000000000222e+00,-9.151885378571962271e-01,-5.283843486911122822e-01,-1.846928667931197410e+01,2.071038249206808013e-02
1.032499999999999973e+00,-9.162978572970229552e-01,-5.290248145683135172e-01,-1.851416061475004327e+01,2.076834970342082698e-02
1.033750000000000169e+00,-9.174071767368500163e-01,-5.296652804455149743e-01,-1.855908890989187299e+01,2.082859013874820836e-02
1.034999999999999920e+00,-9.185164961766767444e-01,-5.303057463227162094e-01,-1.860407156473742774e+01,2.089110379805018958e-02
1.036250000000000115e+00,-9.196258156165038056e-01,-5.309462121999176665e-01,-1.864910857928673948e+01,2.095589068132681226e-02
1.037499999999999867e+00,-9.207351350563305337e-01,-5.315866780771189015e-01,-1.869419995353977626e+01,2.102295078857802785e-02
1.038750000000000062e+00,-9.218444544961575948e-01,-5.322271439543203586e-01,-1.873934568749657004e+01,2.109228411980387796e-02
1.039999999999999813e+00,-9.229537739359842119e-01,-5.328676098315215937e-01,-1.878454578115708529e+01,2.116389067500432791e-02
1.041250000000000009e+00,-9.240630933758112731e-01,-5.335080757087230507e-01,-1.882980023452135754e+01,2.123777045417941933e-02
1.042500000000000204e+00,-9.251724128156384452e-01,-5.341485415859245078e-01,-1.887510904758937613e+01,2.131392345732913141e-02
1.043749999999999956e+00,-9.262817322554650623e-01,-5.347890074631256319e-01,-1.892047222036111265e+01,2.139234968445342250e-02
1.045000000000000151e+00,-9.273910516952921235e-01,-5.354294733403270889e-01,-1.896588975283660972e+01,2.147304913555236894e-02
1.046249999999999902e+00,-9.285003711351188516e-01,-5.360699392175283240e-01,-1.901136164501583536e+01,2.155602181062590827e-02
1.047500000000000098e+00,-9.296096905749459127e-01,-5.367104050947297811e-01,-1.905688789689881091e+01,2.164126770967408908e-02
1.048749999999999849e+00,-9.307190100147726408e-01,-5.373508709719310161e-01,-1.910246850848551503e+01,2.172878683269686279e-02
1.050000000000000044e+00,-9.318283294545997020e-01,-5.379913368491324732e-01,-1.914810347977597615e+01,2.181857917969427796e-02
1.051249999999999796e+00,-9.329376488944263190e-01,-5.386318027263337083e-01,-1.919379281077015875e+01,2.191064475066627909e-02
1.052499999999999991e+00,-9.340469683342534912e-01,-5.392722686035351654e-01,-1.923953650146810190e+01,2.200498354561294251e-02
1.053750000000000187e+00,-9.351562877740805524e-01,-5.399127344807366224e-01,-1.928533455186978784e+01,2.210159556453421270e-02
1.054999999999999938e+00,-9.362656072139071695e-01,-5.405532003579378575e-01,-1.933118696197519526e+01,2.220048080743006885e-02
1.056250000000000133e+00,-9.373749266537343416e-01,-5.411936662351392036e-01,-1.937709373178435968e+01,2.230163927430058035e-02
1.057499999999999885e+00,-9.384842460935609587e-01,-5.418341321123404386e-01,-1.942305486129724557e+01,2.240507096514567087e-02
1.058750000000000080e+00,-9.395935655333880199e-01,-5.424745979895418957e-01,-1.946907035051389201e+01,2.251077587996541673e-02
1.059999999999999831e+00,-9.407028849732147480e-01,-5.431150638667431307e-01,-1.951514019943426703e+01,2.261875401875974162e-02
1.061250000000000027e+00,-9.418122044130418091e-01,-5.437555297439445878e-01,-1.956126440805839195e+01,2.272900538152872879e-02
1.062500000000000222e+00,-9.429215238528688703e-01,-5.443959956211460449e-01,-1.960744297638626321e+01,2.284152996827232968e-02
1.063749999999999973e+00,-9.440308432926955984e-01,-5.450364614983472800e-01,-1.965367590441785595e+01,2.295632777899050958e-02
1.065000000000000169e+00,-9.451401627325226595e-01,-5.456769273755487371e-01,-1.969996319215320568e+01,2.307339881368334483e-02
1.066249999999999920e+00,-9.462494821723492766e-01,-5.463173932527499721e-01,-1.974630483959228044e+01,2.319274307235075910e-02
1.067500000000000115e+00,-9.473588016121764488e-01,-5.469578591299514292e-01,-1.979270084673511576e+01,2.331436055499283566e-02
1.068749999999999867e+00,-9.484681210520030659e-01,-5.475983250071525532e-01,-1.983915121358166900e+01,2.343825126160947042e-02
1.070000000000000062e+00,-9.495774404918301270e-01,-5.482387908843540103e-01,-1.988565594013198279e+01,2.356441519220078135e-02
1.071249999999999813e+00,-9.506867599316568551e-01,-5.488792567615552453e-01,-1.993221502638602516e+01,2.369285234676667129e-02
1.072500000000000009e+00,-9.517960793714839163e-01,-5.495197226387567024e-01,-1.997882847234382098e+01,2.382356272530721658e-02
1.073750000000000204e+00,-9.529053988113109774e-01,-5.501601885159581595e-01,-2.002549627800535603e+01,2.395654632782238252e-02
1.074999999999999956e+00,-9.540147182511377055e-01,-5.508006543931593946e-01,-2.007221844337061967e+01,2.409180315431212055e-02
1.076250000000000151e+00,-9.551240376909647667e-01,-5.514411202703608517e-01,-2.011899496843963675e+01,2.422933320477652086e-02
1.077499999999999902e+00,-9.562333571307914948e-01,-5.520815861475620867e-01,-2.016582585321238241e+01,2.436913647921549325e-02
1.078750000000000098e+00,-9.573426765706185559e-01,-5.527220520247635438e-01,-2.021271109768888152e+01,2.451121297762913487e-02
1.079999999999999849e+00,-9.584519960104451730e-01,-5.533625179019647788e-01,-2.025965070186910566e+01,2.465556270001732775e-02
1.081250000000000044e+00,-9.595613154502723452e-01,-5.540029837791661249e-01,-2.030664466575309035e+01,2.480218564638021067e-02
1.082499999999999796e+00,-9.606706348900989623e-01,-5.546434496563673600e-01,-2.035369298934079296e+01,2.495108181671764486e-02
1.083749999999999991e+00,-9.617799543299260234e-01,-5.552839155335688170e-01,-2.040079567263225968e+01,2.510225121102975521e-02
1.085000000000000187e+00,-9.628892737697530846e-01,-5.559243814107702741e-01,-2.044795271562746208e+01,2.525569382931647927e-02
1.086249999999999938e+00,-9.639985932095798127e-01,-5.565648472879715092e-01,-2.049516411832639307e+01,2.541140967157777542e-02
1.087500000000000133e+00,-9.651079126494068738e-01,-5.572053131651729663e-01,-2.054242988072907750e+01,2.556939873781374079e-02
1.088749999999999885e+00,-9.662172320892336019e-01,-5.578457790423742013e-01,-2.058975000283548695e+01,2.572966102802427130e-02
1.090000000000000080e+00,-9.673265515290606631e-01,-5.584862449195756584e-01,-2.063712448464566052e+01,2.589219654220947103e-02
1.091249999999999831e+00,-9.684358709688873912e-01,-5.591267107967768935e-01,-2.068455332615955200e+01,2.605700528036923591e-02
1.092500000000000027e+00,-9.695451904087144523e-01,-5.597671766739783505e-01,-2.073203652737720404e+01,2.622408724250367695e-02
1.093750000000000222e+00,-9.706545098485415135e-01,-5.604076425511796966e-01,-2.077957408829859176e+01,2.639344242861272477e-02
1.094999999999999973e+00,-9.717638292883681306e-01,-5.610481084283809317e-01,-2.082716600892370451e+01,2.656507083869633079e-02
1.096250000000000169e+00,-9.728731487281953028e-01,-5.616885743055823887e-01,-2.087481228925258137e+01,2.673897247275463379e-02
1.097499999999999920e+00,-9.739824681680219198e-01,-5.623290401827836238e-01,-2.092251292928517259e+01,2.691514733078747418e-02
1.098750000000000115e+00,-9.750917876078489810e-01,-5.629695060599850809e-01,-2.097026792902152792e+01,2.709359541279500461e-02
1.099999999999999867e+00,-9.762011070476757091e-01,-5.636099719371863159e-01,-2.101807728846160828e+01,2.727431671877709324e-02
1.101250000000000062e+00,-9.773104264875027702e-01,-5.642504378143877730e-01,-2.106594100760544563e+01,2.745731124873385803e-02
1.102499999999999813e+00,-9.784197459273294983e-01,-5.648909036915890081e-01,-2.111385908645300802e+01,2.764257900266518103e-02
1.103750000000000009e+00,-9.795290653671565595e-01,-5.655313695687904652e-01,-2.116183152500432385e+01,2.783011998057118019e-02
1.105000000000000204e+00,-9.806383848069836207e-01,-5.661718354459919222e-01,-2.120985832325938247e+01,2.801993418245180001e-02
1.106249999999999956e+00,-9.817477042468103487e-01,-5.668123013231930463e-01,-2.125793948121816257e+01,2.821202160830697109e-02
1.107500000000000151e+00,-9.828570236866374099e-01,-5.674527672003945034e-01,-2.130607499888070322e+01,2.840638225813682527e-02
1.108749999999999902e+00,-9.839663431264640270e-01,-5.680932330775957384e-01,-2.135426487624696534e+01,2.860301613194122378e-02
1.110000000000000098e+00,-9.850756625662910881e-01,-5.687336989547971955e-01,-2.140250911331698447e+01,2.880192322972031232e-02
1.111249999999999849e+00,-9.861849820061178162e-01,-5.693741648319984305e-01,-2.145080771009073572e+01,2.900310355147395908e-02
1.112500000000000044e+00,-9.872943014459448774e-01,-5.700146307091998876e-01,-2.149916066656823688e+01,2.920655709720228893e-02
1.113749999999999796e+00,-9.884036208857716055e-01,-5.706550965864011227e-01,-2.154756798274946661e+01,2.941228386690517005e-02
1.114999999999999991e+00,-9.895129403255986666e-01,-5.712955624636025798e-01,-2.159602965863445334e+01,2.962028386058273427e-02
1.116250000000000187e+00,-9.906222597654257278e-01,-5.719360283408040369e-01,-2.164454569422317931e+01,2.983055707823491914e-02
1.117499999999999938e+00,-9.917315792052524559e-01,-5.725764942180051609e-01,-2.169311608951563031e+01,3.004310351986164140e-02
1.118750000000000133e+00,-9.928408986450795171e-01,-5.732169600952066180e-01,-2.174174084451183475e+01,3.025792318546306064e-02
1.119999999999999885e+00,-9.939502180849061341e-01,-5.738574259724078530e-01,-2.179041995921176422e+01,3.047501607503901033e-02
1.121250000000000080e+00,-9.950595375247333063e-01,-5.744978918496093101e-01,-2.183915343361546135e+01,3.069438218858968476e-02
1.122499999999999831e+00,-9.961688569645599234e-01,-5.751383577268105451e-01,-2.188794126772286930e+01,3.091602152611486881e-02
1.123750000000000027e+00,-9.972781764043869845e-01,-5.757788236040120022e-01,-2.193678346153404135e+01,3.113993408761476372e-02
1.125000000000000222e+00,-9.983874958442141567e-01,-5.764192894812134593e-01,-2.198568001504895975e+01,3.136611987308928623e-02
1.126249999999999973e+00,-9.994968152840407738e-01,-5.770597553584146944e-01,-2.203463092826759606e+01,3.159457888253833224e-02
1.127500000000000169e+00,-1.000606134723867946e+00,-5.777002212356161515e-01,-2.208363620118998938e+01,3.182531111596208911e-02
1.128749999999999920e+00,-1.001715454163694563e+00,-5.783406871128173865e-01,-2.213269583381610417e+01,3.205831657336036256e-02
1.130000000000000115e+00,-1.002824773603521624e+00,-5.789811529900187326e-01,-2.218180982614598307e+01,3.229359525473333298e-02
1.131249999999999867e+00,-1.003934093043348241e+00,-5.796216188672199676e-01,-2.223097817817957988e+01,3.253114716008084772e-02
1.132500000000000062e+00,-1.005043412483175302e+00,-5.802620847444214247e-01,-2.228020088991693370e+01,3.277097228940305945e-02
1.133749999999999813e+00,-1.006152731923002142e+00,-5.809025506216226598e-01,-2.232947796135802676e+01,3.301307064269984326e-02
1.135000000000000009e+00,-1.007262051362829203e+00,-5.815430164988241168e-01,-2.237880939250286616e+01,3.325744221997130323e-02
1.136250000000000204e+00,-1.008371370802656264e+00,-5.821834823760255739e-01,-2.242819518335144124e+01,3.350408702121736998e-02
1.137499999999999956e+00,-1.009480690242482881e+00,-5.828239482532268090e-01,-2.247763533390374135e+01,3.375300504643796717e-02
1.138750000000000151e+00,-1.010590009682309942e+00,-5.834644141304282661e-01,-2.252712984415980912e+01,3.400419629563327523e-02
1.139999999999999902e+00,-1.011699329122136781e+00,-5.841048800076295011e-01,-2.257667871411959482e+01,3.425766076880314148e-02
1.141250000000000098e+00,-1.012808648561963842e+00,-5.847453458848309582e-01,-2.262628194378314106e+01,3.451339846594769084e-02
1.142499999999999849e+00,-1.013917968001790459e+00,-5.853858117620320822e-01,-2.267593953315040523e+01,3.477140938706674289e-02
1.143750000000000044e+00,-1.015027287441617521e+00,-5.860262776392335393e-01,-2.272565148222142994e+01,3.503169353216052662e-02
1.144999999999999796e+00,-1.016136606881444138e+00,-5.866667435164347744e-01,-2.277541779099617258e+01,3.529425090122882691e-02
1.146249999999999991e+00,-1.017245926321271199e+00,-5.873072093936362315e-01,-2.282523845947468288e+01,3.555908149427184500e-02
1.147500000000000187e+00,-1.018355245761098260e+00,-5.879476752708376885e-01,-2.287511348765693242e+01,3.582618531128948375e-02
1.148749999999999938e+00,-1.019464565200925099e+00,-5.885881411480389236e-01,-2.292504287554290698e+01,3.609556235228167376e-02
1.150000000000000133e+00,-1.020573884640752160e+00,-5.892286070252403807e-01,-2.297502662313263855e+01,3.636721261724854687e-02
1.151249999999999885e+00,-1.021683204080578777e+00,-5.898690729024416157e-01,-2.302506473042609159e+01,3.664113610618992961e-02
1.152500000000000080e+00,-1.022792523520405839e+00,-5.905095387796430728e-01,-2.307515719742330162e+01,3.691733281910603709e-02
1.153749999999999831e+00,-1.023901842960232456e+00,-5.911500046568443079e-01,-2.312530402412423314e+01,3.719580275599666114e-02
1.155000000000000027e+00,-1.025011162400059739e+00,-5.917904705340456539e-01,-2.317550521052893231e+01,3.747654591686203768e-02
1.156250000000000222e+00,-1.026120481839886800e+00,-5.924309364112471110e-01,-2.322576075663736361e+01,3.775956230170200018e-02
1.157499999999999973e+00,-1.027229801279713417e+00,-5.930714022884483461e-01,-2.327607066244951639e+01,3.804485191051647924e-02
1.158750000000000169e+00,-1.028339120719540478e+00,-5.937118681656498032e-01,-2.332643492796544038e+01,3.833241474330566917e-02
1.159999999999999920e+00,-1.029448440159367095e+00,-5.943523340428510382e-01,-2.337685355318507163e+01,3.862225080006938260e-02
1.161250000000000115e+00,-1.030557759599194156e+00,-5.949927999200524953e-01,-2.342732653810847054e+01,3.891436008080781384e-02
1.162499999999999867e+00,-1.031667079039020996e+00,-5.956332657972537303e-01,-2.347785388273559448e+01,3.920874258552079633e-02
1.163750000000000062e+00,-1.032776398478848057e+00,-5.962737316744551874e-01,-2.352843558706647542e+01,3.950539831420848275e-02
1.164999999999999813e+00,-1.033885717918674674e+00,-5.969141975516564225e-01,-2.357907165110107428e+01,3.980432726687065104e-02
1.166250000000000009e+00,-1.034995037358501735e+00,-5.975546634288578796e-01,-2.362976207483943369e+01,4.010552944350756488e-02
1.167500000000000204e+00,-1.036104356798328796e+00,-5.981951293060592256e-01,-2.368050685828153590e+01,4.040900484411907856e-02
1.168749999999999956e+00,-1.037213676238155413e+00,-5.988355951832604607e-01,-2.373130600142735958e+01,4.071475346870510187e-02
1.170000000000000151e+00,-1.038322995677982696e+00,-5.994760610604619178e-01,-2.378215950427695091e+01,4.102277531726591930e-02
1.171249999999999902e+00,-1.039432315117809313e+00,-6.001165269376631528e-01,-2.383306736683026017e+01,4.133307038980117698e-02
1.172500000000000098e+00,-1.040541634557636375e+00,-6.007569928148646099e-01,-2.388402958908732288e+01,4.164563868631118021e-02
1.173749999999999849e+00,-1.041650953997462992e+00,-6.013974586920658449e-01,-2.393504617104811061e+01,4.196048020679567225e-02
1.175000000000000044e+00,-1.042760273437290053e+00,-6.020379245692673020e-01,-2.398611711271265179e+01,4.227759495125490985e-02
1.176249999999999796e+00,-1.043869592877116892e+00,-6.026783904464685371e-01,-2.403724241408093221e+01,4.259698291968869177e-02
1.177499999999999991e+00,-1.044978912316943953e+00,-6.033188563236699942e-01,-2.408842207515295897e+01,4.291864411209716373e-02
1.178750000000000187e+00,-1.046088231756771014e+00,-6.039593222008714513e-01,-2.413965609592872852e+01,4.324257852848025635e-02
1.179999999999999938e+00,-1.047197551196597631e+00,-6.045997880780725753e-01,-2.419094447640821599e+01,4.356878616883782390e-02
1.181250000000000133e+00,-1.048306870636424692e+00,-6.052402539552740324e-01,-2.424228721659147112e+01,4.389726703317014395e-02
1.182499999999999885e+00,-1.049416190076251310e+00,-6.058807198324752674e-01,-2.429368431647844417e+01,4.422802112147696668e-02
1.183750000000000080e+00,-1.050525509516078593e+00,-6.065211857096767245e-01,-2.434513577606918133e+01,4.456104843375858354e-02
1.184999999999999831e+00,-1.051634828955905210e+00,-6.071616515868779596e-01,-2.439664159536363996e+01,4.489634897001464758e-02
1.186250000000000027e+00,-1.052744148395732271e+00,-6.078021174640794166e-01,-2.444820177436185205e+01,4.523392273024544330e-02
1.187500000000000222e+00,-1.053853467835559332e+00,-6.084425833412808737e-01,-2.449981631306380336e+01,4.557376971445086661e-02
1.188749999999999973e+00,-1.054962787275385949e+00,-6.090830492184821088e-01,-2.455148521146948326e+01,4.591588992263076485e-02
1.190000000000000169e+00,-1.056072106715213010e+00,-6.097235150956835659e-01,-2.460320846957892371e+01,4.626028335478542253e-02
1.191249999999999920e+00,-1.057181426155039849e+00,-6.103639809728846899e-01,-2.465498608739208564e+01,4.660695001091459677e-02
1.192500000000000115e+00,-1.058290745594866911e+00,-6.110044468500861470e-01,-2.470681806490900101e+01,4.695588989101848881e-02
1.193749999999999867e+00,-1.059400065034693528e+00,-6.116449127272873820e-01,-2.475870440212964496e+01,4.730710299509686273e-02
1.195000000000000062e+00,-1.060509384474520589e+00,-6.122853786044888391e-01,-2.481064509905404236e+01,4.766058932314998914e-02
1.196249999999999813e+00,-1.061618703914347206e+00,-6.129258444816900742e-01,-2.486264015568216834e+01,4.801634887517759048e-02
1.197500000000000009e+00,-1.062728023354174267e+00,-6.135663103588915313e-01,-2.491468957201405132e+01,4.837438165117995820e-02
1.198750000000000204e+00,-1.063837342794001550e+00,-6.142067762360929883e-01,-2.496679334804968420e+01,4.873468765115699514e-02
1.199999999999999956e+00,-1.064946662233828167e+00,-6.148472421132942234e-01,-2.501895148378902789e+01,4.909726687510845844e-02
1.201250000000000151e+00,-1.066055981673655229e+00,-6.154877079904956805e-01,-2.507116397923212858e+01,4.946211932303467423e-02
1.202499999999999902e+00,-1.067165301113481846e+00,-6.161281738676969155e-01,-2.512343083437895785e+01,4.982924499493537190e-02
1.203750000000000098e+00,-1.068274620553308907e+00,-6.167686397448983726e-01,-2.517575204922954057e+01,5.019864389081082900e-02
1.204999999999999849e+00,-1.069383939993135746e+00,-6.174091056220994966e-01,-2.522812762378385898e+01,5.057031601066078880e-02
1.206250000000000044e+00,-1.070493259432962807e+00,-6.180495714993009537e-01,-2.528055755804192728e+01,5.094426135448548026e-02
1.207499999999999796e+00,-1.071602578872789424e+00,-6.186900373765021888e-01,-2.533304185200371350e+01,5.132047992228465361e-02
1.208749999999999991e+00,-1.072711898312616485e+00,-6.193305032537036459e-01,-2.538558050566926738e+01,5.169897171405857250e-02
1.210000000000000187e+00,-1.073821217752443546e+00,-6.199709691309051030e-01,-2.543817351903855695e+01,5.207973672980712593e-02
1.211249999999999938e+00,-1.074930537192270164e+00,-6.206114350081063380e-01,-2.549082089211157154e+01,5.246277496953014735e-02
1.212500000000000133e+00,-1.076039856632097225e+00,-6.212519008853077951e-01,-2.554352262488833958e+01,5.284808643322792127e-02
1.213749999999999885e+00,-1.077149176071924064e+00,-6.218923667625090301e-01,-2.559627871736884686e+01,5.323567112090022563e-02
1.215000000000000080e+00,-1.078258495511751125e+00,-6.225328326397104872e-01,-2.564908916955309692e+01,5.362552903254725473e-02
1.216249999999999831e+00,-1.079367814951577742e+00,-6.231732985169116112e-01,-2.570195398144107557e+01,5.401766016816873101e-02
1.217500000000000027e+00,-1.080477134391404803e+00,-6.238137643941130683e-01,-2.575487315303281122e+01,5.441206452776498753e-02
1.218750000000000222e+00,-1.081586453831231864e+00,-6.244542302713145254e-01,-2.580784668432828255e+01,5.480874211133585777e-02
1.219999999999999973e+00,-1.082695773271058703e+00,-6.250946961485157605e-01,-2.586087457532749312e+01,5.520769291888125846e-02
1.221250000000000169e+00,-1.083805092710885765e+00,-6.257351620257172176e-01,-2.591395682603045358e+01,5.560891695040135613e-02
1.222499999999999920e+00,-1.084914412150712382e+00,-6.263756279029184526e-01,-2.596709343643713197e+01,5.601241420589592873e-02
1.223750000000000115e+00,-1.086023731590539443e+00,-6.270160937801199097e-01,-2.602028440654757091e+01,5.641818468536528158e-02
1.224999999999999867e+00,-1.087133051030366060e+00,-6.276565596573211447e-01,-2.607352973636172777e+01,5.682622838880908162e-02
1.226250000000000062e+00,-1.088242370470193121e+00,-6.282970255345226018e-01,-2.612682942587965940e+01,5.723654531622766189e-02
1.227499999999999813e+00,-1.089351689910019960e+00,-6.289374914117238369e-01,-2.618018347510131250e+01,5.764913546762075874e-02
1.228750000000000009e+00,-1.090461009349847021e+00,-6.295779572889251829e-01,-2.623359188402670839e+01,5.806399884298856645e-02
1.230000000000000204e+00,-1.091570328789674083e+00,-6.302184231661266400e-01,-2.628705465265585417e+01,5.848113544233100175e-02
1.231249999999999956e+00,-1.092679648229500700e+00,-6.308588890433278751e-01,-2.634057178098872143e+01,5.890054526564789811e-02
1.232500000000000151e+00,-1.093788967669327761e+00,-6.314993549205293322e-01,-2.639414326902534214e+01,5.932222831293957471e-02
1.233749999999999902e+00,-1.094898287109154600e+00,-6.321398207977305672e-01,-2.644776911676570208e+01,5.974618458420575401e-02
1.235000000000000098e+00,-1.096007606548981661e+00,-6.327802866749320243e-01,-2.650144932420981192e+01,6.017241407944665804e-02
1.236249999999999849e+00,-1.097116925988808278e+00,-6.334207525521332593e-01,-2.655518389135763968e+01,6.060091679866203701e-02
1.237500000000000044e+00,-1.098226245428635339e+00,-6.340612184293347164e-01,-2.660897281820922800e+01,6.103169274185218235e-02
1.238749999999999796e+00,-1.099335564868461956e+00,-6.347016843065359515e-01,-2.666281610476454134e+01,6.146474190901677487e-02
1.239999999999999991e+00,-1.100444884308289017e+00,-6.353421501837374086e-01,-2.671671375102361168e+01,6.190006430015616151e-02
1.241250000000000187e+00,-1.101554203748116079e+00,-6.359826160609387546e-01,-2.677066575698642126e+01,6.233765991527014799e-02
1.242499999999999938e+00,-1.102663523187942918e+00,-6.366230819381399897e-01,-2.682467212265296297e+01,6.277752875435867186e-02
1.243750000000000133e+00,-1.103772842627769979e+00,-6.372635478153414468e-01,-2.687873284802326168e+01,6.321967081742189964e-02
1.244999999999999885e+00,-1.104882162067596596e+00,-6.379040136925426818e-01,-2.693284793309727831e+01,6.366408610445960237e-02
1.246250000000000080e+00,-1.105991481507423657e+00,-6.385444795697441389e-01,-2.698701737787505195e+01,6.411077461547205758e-02
1.247499999999999831e+00,-1.107100800947250274e+00,-6.391849454469453740e-01,-2.704124118235655061e+01,6.455973635045898773e-02
1.248750000000000027e+00,-1.108210120387077557e+00,-6.398254113241468310e-01,-2.709551934654181338e+01,6.501097130942075364e-02
1.250000000000000222e+00,-1.109319439826904619e+00,-6.404658772013482881e-01,-2.714985187043081183e+01,6.546447949235707775e-02
1.251249999999999973e+00,-1.110428759266731236e+00,-6.411063430785495232e-01,-2.720423875402353175e+01,6.592026089926784904e-02
1.252500000000000169e+00,-1.111538078706558297e+00,-6.417468089557509803e-01,-2.725867999732001223e+01,6.637831553015342834e-02
1.253749999999999920e+00,-1.112647398146384914e+00,-6.423872748329521043e-01,-2.731317560032021063e+01,6.683864338501341318e-02
1.255000000000000115e+00,-1.113756717586211975e+00,-6.430277407101535614e-01,-2.736772556302417669e+01,6.730124446384820602e-02
1.256249999999999867e+00,-1.114866037026038814e+00,-6.436682065873547964e-01,-2.742232988543186423e+01,6.776611876665751544e-02
1.257500000000000062e+00,-1.115975356465865875e+00,-6.443086724645562535e-01,-2.747698856754330876e+01,6.823326629344153571e-02
1.258749999999999813e+00,-1.117084675905692492e+00,-6.449491383417574886e-01,-2.753170160935847477e+01,6.870268704420003092e-02
1.260000000000000009e+00,-1.118193995345519554e+00,-6.455896042189589457e-01,-2.758646901087739778e+01,6.917438101893330638e-02
1.261250000000000204e+00,-1.119303314785346615e+00,-6.462300700961604027e-01,-2.764129077210006713e+01,6.964834821764118167e-02
1.262499999999999956e+00,-1.120412634225173454e+00,-6.468705359733616378e-01,-2.769616689302645796e+01,7.012458864032357353e-02
1.263750000000000151e+00,-1.121521953665000515e+00,-6.475110018505630949e-01,-2.775109737365661289e+01,7.060310228698073176e-02
1.264999999999999902e+00,-1.122631273104827132e+00,-6.481514677277643299e-01,-2.780608221399048219e+01,7.108388915761226778e-02
1.266250000000000098e+00,-1.123740592544654193e+00,-6.487919336049656760e-01,-2.786112141402810849e+01,7.156694925221862569e-02
1.267499999999999849e+00,-1.124849911984480810e+00,-6.494323994821669110e-01,-2.791621497376945626e+01,7.205228257079941689e-02
1.268750000000000044e+00,-1.125959231424307871e+00,-6.500728653593683681e-01,-2.797136289321456815e+01,7.253988911335501610e-02
1.269999999999999796e+00,-1.127068550864134711e+00,-6.507133312365696032e-01,-2.802656517236340861e+01,7.302976887988511800e-02
1.271249999999999991e+00,-1.128177870303961772e+00,-6.513537971137710603e-01,-2.808182181121600607e+01,7.352192187038994464e-02
1.272500000000000187e+00,-1.129287189743788833e+00,-6.519942629909725174e-01,-2.813713280977233566e+01,7.401634808486941275e-02
1.273749999999999938e+00,-1.130396509183615450e+00,-6.526347288681737524e-01,-2.819249816803239383e+01,7.451304752332328640e-02
1.275000000000000133e+00,-1.131505828623442511e+00,-6.532751947453752095e-01,-2.824791788599620901e+01,7.501202018575198194e-02
1.276249999999999885e+00,-1.132615148063269128e+00,-6.539156606225764445e-01,-2.830339196366374566e+01,7.551326607215509690e-02
1.277500000000000080e+00,-1.133724467503096411e+00,-6.545561264997779016e-01,-2.835892040103505352e+01,7.601678518253311700e-02
1.278749999999999831e+00,-1.134833786942923028e+00,-6.551965923769790257e-01,-2.841450319811006864e+01,7.652257751688543164e-02
1.280000000000000027e+00,-1.135943106382750090e+00,-6.558370582541804827e-01,-2.847014035488884787e+01,7.703064307521258203e-02
1.281250000000000222e+00,-1.137052425822577151e+00,-6.564775241313819398e-01,-2.852583187137136989e+01,7.754098185751438777e-02
1.282499999999999973e+00,-1.138161745262403768e+00,-6.571179900085831749e-01,-2.858157774755760627e+01,7.805359386379055742e-02
1.283750000000000169e+00,-1.139271064702230829e+00,-6.577584558857846320e-01,-2.863737798344761032e+01,7.856847909404159058e-02
1.284999999999999920e+00,-1.140380384142057668e+00,-6.583989217629858670e-01,-2.869323257904134294e+01,7.908563754826711256e-02
1.286250000000000115e+00,-1.141489703581884729e+00,-6.590393876401873241e-01,-2.874914153433882902e+01,7.960506922646738703e-02
1.287499999999999867e+00,-1.142599023021711346e+00,-6.596798535173885591e-01,-2.880510484934002946e+01,8.012677412864203930e-02
1.288750000000000062e+00,-1.143708342461538408e+00,-6.603203193945900162e-01,-2.886112252404499756e+01,8.065075225479152732e-02
1.289999999999999813e+00,-1.144817661901365025e+00,-6.609607852717911403e-01,-2.891719455845368003e+01,8.117700360491543476e-02
1.291250000000000009e+00,-1.145926981341192086e+00,-6.616012511489925974e-01,-2.897332095256612305e+01,8.170552817901415021e-02
1.292500000000000204e+00,-1.147036300781019369e+00,-6.622417170261940544e-01,-2.902950170638232308e+01,8.223632597708759040e-02
1.293749999999999956e+00,-1.148145620220845986e+00,-6.628821829033952895e-01,-2.908573681990223037e+01,8.276939699913533899e-02
1.295000000000000151e+00,-1.149254939660673047e+00,-6.635226487805967466e-01,-2.914202629312590176e+01,8.330474124515792334e-02
1.296249999999999902e+00,-1.150364259100499664e+00,-6.641631146577979816e-01,-2.919837012605329107e+01,8.384235871515489935e-02
1.297500000000000098e+00,-1.151473578540326725e+00,-6.648035805349994387e-01,-2.925476831868444094e+01,8.438224940912673888e-02
1.298749999999999849e+00,-1.152582897980153565e+00,-6.654440464122006738e-01,-2.931122087101932294e+01,8.492441332707302559e-02
1.300000000000000044e+00,-1.153692217419980626e+00,-6.660845122894021308e-01,-2.936772778305795839e+01,8.546885046899410643e-02
