pixel_x,pixel_y,gray,paper_x_kx_a0,paper_E_meV
468,175,95,0.04226415094339622,8.0
469,175,68,0.04264150943396228,8.0
470,175,118,0.0430188679245283,8.0
467,176,78,0.041886792452830196,7.946666666666666
468,176,43,0.04226415094339622,7.946666666666666
469,176,42,0.04264150943396228,7.946666666666666
470,176,42,0.0430188679245283,7.946666666666666
471,176,95,0.04339622641509436,7.946666666666666
466,177,78,0.04150943396226417,7.893333333333333
467,177,37,0.041886792452830196,7.893333333333333
468,177,142,0.04226415094339622,7.893333333333333
469,177,147,0.04264150943396228,7.893333333333333
470,177,76,0.0430188679245283,7.893333333333333
471,177,20,0.04339622641509436,7.893333333333333
472,177,32,0.043773584905660384,7.893333333333333
473,177,114,0.04415094339622641,7.893333333333333
465,178,65,0.041132075471698115,7.84
466,178,43,0.04150943396226417,7.84
467,178,142,0.041886792452830196,7.84
471,178,133,0.04339622641509436,7.84
472,178,48,0.043773584905660384,7.84
473,178,9,0.04415094339622641,7.84
474,178,114,0.044528301886792465,7.84
464,179,65,0.04075471698113209,7.786666666666666
465,179,64,0.041132075471698115,7.786666666666666
466,179,142,0.04150943396226417,7.786666666666666
473,179,96,0.04415094339622641,7.786666666666666
474,179,36,0.044528301886792465,7.786666666666666
475,179,113,0.04490566037735849,7.786666666666666
463,180,65,0.040377358490566034,7.733333333333333
464,180,68,0.04075471698113209,7.733333333333333
465,180,142,0.041132075471698115,7.733333333333333
474,180,93,0.044528301886792465,7.733333333333333
475,180,58,0.04490566037735849,7.733333333333333
476,180,74,0.045283018867924546,7.733333333333333
477,180,137,0.04566037735849057,7.733333333333333
462,181,71,0.04000000000000001,7.68
463,181,56,0.040377358490566034,7.68
464,181,142,0.04075471698113209,7.68
475,181,112,0.04490566037735849,7.68
476,181,40,0.045283018867924546,7.68
477,181,34,0.04566037735849057,7.68
478,181,121,0.0460377358490566,7.68
460,182,160,0.03924528301886793,7.626666666666666
461,182,80,0.03962264150943398,7.626666666666666
462,182,38,0.04000000000000001,7.626666666666666
463,182,143,0.040377358490566034,7.626666666666666
476,182,133,0.045283018867924546,7.626666666666666
477,182,52,0.04566037735849057,7.626666666666666
478,182,39,0.0460377358490566,7.626666666666666
479,182,93,0.04641509433962265,7.626666666666666
459,183,131,0.0388679245283019,7.573333333333333
460,183,37,0.03924528301886793,7.573333333333333
461,183,38,0.03962264150943398,7.573333333333333
462,183,142,0.04000000000000001,7.573333333333333
478,183,118,0.0460377358490566,7.573333333333333
479,183,13,0.04641509433962265,7.573333333333333
480,183,94,0.04679245283018868,7.573333333333333
458,184,121,0.038490566037735846,7.52
459,184,38,0.0388679245283019,7.52
460,184,51,0.03924528301886793,7.52
461,184,143,0.03962264150943398,7.52
479,184,118,0.04641509433962265,7.52
480,184,36,0.04679245283018868,7.52
481,184,56,0.047169811320754734,7.52
482,184,131,0.04754716981132076,7.52
457,185,124,0.03811320754716982,7.466666666666667
458,185,40,0.038490566037735846,7.466666666666667
459,185,61,0.0388679245283019,7.466666666666667
460,185,143,0.03924528301886793,7.466666666666667
480,185,117,0.04679245283018868,7.466666666666667
481,185,47,0.047169811320754734,7.466666666666667
482,185,34,0.04754716981132076,7.466666666666667
483,185,80,0.04792452830188679,7.466666666666667
456,186,136,0.03773584905660379,7.413333333333333
457,186,33,0.03811320754716982,7.413333333333333
458,186,84,0.038490566037735846,7.413333333333333
459,186,156,0.0388679245283019,7.413333333333333
481,186,157,0.047169811320754734,7.413333333333333
482,186,91,0.04754716981132076,7.413333333333333
483,186,38,0.04792452830188679,7.413333333333333
484,186,66,0.04830188679245284,7.413333333333333
455,187,139,0.03735849056603774,7.359999999999999
456,187,45,0.03773584905660379,7.359999999999999
457,187,63,0.03811320754716982,7.359999999999999
483,187,109,0.04792452830188679,7.359999999999999
484,187,44,0.04830188679245284,7.359999999999999
485,187,78,0.04867924528301887,7.359999999999999
454,188,131,0.03698113207547171,7.306666666666667
455,188,45,0.03735849056603774,7.306666666666667
456,188,55,0.03773584905660379,7.306666666666667
484,188,131,0.04830188679245284,7.306666666666667
485,188,18,0.04867924528301887,7.306666666666667
486,188,129,0.04905660377358492,7.306666666666667
453,189,61,0.03660377358490566,7.253333333333333
454,189,3,0.03698113207547171,7.253333333333333
455,189,63,0.03735849056603774,7.253333333333333
485,189,25,0.04867924528301887,7.253333333333333
486,189,129,0.04905660377358492,7.253333333333333
452,190,63,0.03622641509433963,7.199999999999999
453,190,11,0.03660377358490566,7.199999999999999
454,190,77,0.03698113207547171,7.199999999999999
485,190,76,0.04867924528301887,7.199999999999999
486,190,77,0.04905660377358492,7.199999999999999
452,191,19,0.03622641509433963,7.1466666666666665
453,191,54,0.03660377358490566,7.1466666666666665
454,191,156,0.03698113207547171,7.1466666666666665
485,191,156,0.04867924528301887,7.1466666666666665
486,191,62,0.04905660377358492,7.1466666666666665
487,191,118,0.04943396226415095,7.1466666666666665
451,192,70,0.035849056603773605,7.093333333333333
452,192,56,0.03622641509433963,7.093333333333333
453,192,143,0.03660377358490566,7.093333333333333
486,192,61,0.04905660377358492,7.093333333333333
487,192,94,0.04943396226415095,7.093333333333333
451,193,8,0.035849056603773605,7.04
452,193,113,0.03622641509433963,7.04
486,193,77,0.04905660377358492,7.04
487,193,86,0.04943396226415095,7.04
450,194,91,0.03547169811320755,6.986666666666666
451,194,16,0.035849056603773605,6.986666666666666
452,194,121,0.03622641509433963,6.986666666666666
486,194,131,0.04905660377358492,6.986666666666666
487,194,66,0.04943396226415095,6.986666666666666
488,194,118,0.049811320754717,6.986666666666666
449,195,151,0.035094339622641524,6.933333333333333
450,195,38,0.03547169811320755,6.933333333333333
451,195,121,0.035849056603773605,6.933333333333333
487,195,92,0.04943396226415095,6.933333333333333
488,195,66,0.049811320754717,6.933333333333333
449,196,93,0.035094339622641524,6.88
450,196,53,0.03547169811320755,6.88
487,196,96,0.04943396226415095,6.88
488,196,59,0.049811320754717,6.88
448,197,135,0.03471698113207547,6.826666666666666
449,197,63,0.035094339622641524,6.826666666666666
450,197,113,0.03547169811320755,6.826666666666666
487,197,129,0.04943396226415095,6.826666666666666
488,197,61,0.049811320754717,6.826666666666666
489,197,141,0.05018867924528303,6.826666666666666
448,198,81,0.03471698113207547,6.773333333333333
449,198,73,0.035094339622641524,6.773333333333333
488,198,87,0.049811320754717,6.773333333333333
489,198,66,0.05018867924528303,6.773333333333333
447,199,134,0.03433962264150944,6.72
448,199,53,0.03471698113207547,6.72
449,199,120,0.035094339622641524,6.72
488,199,131,0.049811320754717,6.72
489,199,25,0.05018867924528303,6.72
447,200,41,0.03433962264150944,6.666666666666666
448,200,77,0.03471698113207547,6.666666666666666
488,200,131,0.049811320754717,6.666666666666666
489,200,25,0.05018867924528303,6.666666666666666
446,201,142,0.033962264150943416,6.613333333333333
447,201,28,0.03433962264150944,6.613333333333333
448,201,140,0.03471698113207547,6.613333333333333
489,201,56,0.05018867924528303,6.613333333333333
490,201,87,0.050566037735849056,6.613333333333333
445,202,155,0.03358490566037736,6.56
446,202,50,0.033962264150943416,6.56
447,202,72,0.03433962264150944,6.56
489,202,126,0.05018867924528303,6.56
490,202,29,0.050566037735849056,6.56
445,203,107,0.03358490566037736,6.506666666666666
446,203,2,0.033962264150943416,6.506666666666666
447,203,145,0.03433962264150944,6.506666666666666
490,203,10,0.050566037735849056,6.506666666666666
491,203,124,0.05094339622641511,6.506666666666666
445,204,84,0.03358490566037736,6.453333333333333
446,204,33,0.033962264150943416,6.453333333333333
490,204,28,0.050566037735849056,6.453333333333333
491,204,89,0.05094339622641511,6.453333333333333
444,205,77,0.033207547169811336,6.3999999999999995
445,205,21,0.03358490566037736,6.3999999999999995
446,205,134,0.033962264150943416,6.3999999999999995
490,205,82,0.050566037735849056,6.3999999999999995
491,205,62,0.05094339622641511,6.3999999999999995
443,206,127,0.03283018867924528,6.346666666666667
444,206,8,0.033207547169811336,6.346666666666667
445,206,37,0.03358490566037736,6.346666666666667
491,206,46,0.05094339622641511,6.346666666666667
492,206,117,0.05132075471698114,6.346666666666667
443,207,77,0.03283018867924528,6.293333333333333
444,207,30,0.033207547169811336,6.293333333333333
445,207,117,0.03358490566037736,6.293333333333333
491,207,54,0.05094339622641511,6.293333333333333
492,207,58,0.05132075471698114,6.293333333333333
442,208,116,0.032452830188679255,6.239999999999999
443,208,63,0.03283018867924528,6.239999999999999
444,208,111,0.033207547169811336,6.239999999999999
491,208,85,0.05094339622641511,6.239999999999999
492,208,51,0.05132075471698114,6.239999999999999
493,208,140,0.05169811320754719,6.239999999999999
442,209,61,0.032452830188679255,6.1866666666666665
443,209,67,0.03283018867924528,6.1866666666666665
491,209,142,0.05094339622641511,6.1866666666666665
492,209,69,0.05132075471698114,6.1866666666666665
493,209,117,0.05169811320754719,6.1866666666666665
441,210,121,0.03207547169811323,6.133333333333333
442,210,45,0.032452830188679255,6.133333333333333
443,210,88,0.03283018867924528,6.133333333333333
492,210,83,0.05132075471698114,6.133333333333333
493,210,67,0.05169811320754719,6.133333333333333
441,211,28,0.03207547169811323,6.079999999999999
442,211,89,0.032452830188679255,6.079999999999999
492,211,105,0.05132075471698114,6.079999999999999
493,211,25,0.05169811320754719,6.079999999999999
494,211,106,0.05207547169811322,6.079999999999999
440,212,140,0.031698113207547174,6.026666666666666
441,212,16,0.03207547169811323,6.026666666666666
492,212,135,0.05132075471698114,6.026666666666666
493,212,56,0.05169811320754719,6.026666666666666
494,212,105,0.05207547169811322,6.026666666666666
440,213,49,0.031698113207547174,5.973333333333333
441,213,75,0.03207547169811323,5.973333333333333
493,213,95,0.05169811320754719,5.973333333333333
494,213,64,0.05207547169811322,5.973333333333333
439,214,147,0.03132075471698115,5.92
440,214,12,0.031698113207547174,5.92
493,214,130,0.05169811320754719,5.92
494,214,29,0.05207547169811322,5.92
495,214,138,0.052452830188679245,5.92
439,215,78,0.03132075471698115,5.866666666666666
440,215,49,0.031698113207547174,5.866666666666666
493,215,158,0.05169811320754719,5.866666666666666
494,215,27,0.05207547169811322,5.866666666666666
495,215,70,0.052452830188679245,5.866666666666666
438,216,104,0.030943396226415093,5.813333333333333
439,216,34,0.03132075471698115,5.813333333333333
440,216,146,0.031698113207547174,5.813333333333333
494,216,70,0.05207547169811322,5.813333333333333
495,216,64,0.052452830188679245,5.813333333333333
438,217,74,0.030943396226415093,5.76
439,217,61,0.03132075471698115,5.76
494,217,140,0.05207547169811322,5.76
495,217,12,0.052452830188679245,5.76
437,218,83,0.030566037735849066,5.706666666666666
438,218,60,0.030943396226415093,5.706666666666666
439,218,133,0.03132075471698115,5.706666666666666
495,218,3,0.052452830188679245,5.706666666666666
496,218,84,0.0528301886792453,5.706666666666666
436,219,153,0.030188679245283012,5.653333333333333
437,219,48,0.030566037735849066,5.653333333333333
438,219,85,0.030943396226415093,5.653333333333333
495,219,35,0.052452830188679245,5.653333333333333
496,219,59,0.0528301886792453,5.653333333333333
436,220,107,0.030188679245283012,5.6
437,220,59,0.030566037735849066,5.6
438,220,136,0.030943396226415093,5.6
495,220,106,0.052452830188679245,5.6
496,220,50,0.0528301886792453,5.6
435,221,129,0.029811320754716986,5.546666666666666
436,221,25,0.030188679245283012,5.546666666666666
437,221,92,0.030566037735849066,5.546666666666666
496,221,28,0.0528301886792453,5.546666666666666
497,221,112,0.053207547169811326,5.546666666666666
435,222,129,0.029811320754716986,5.493333333333333
436,222,25,0.030188679245283012,5.493333333333333
437,222,157,0.030566037735849066,5.493333333333333
496,222,36,0.0528301886792453,5.493333333333333
497,222,42,0.053207547169811326,5.493333333333333
498,222,157,0.05358490566037738,5.493333333333333
434,223,129,0.02943396226415096,5.4399999999999995
435,223,24,0.029811320754716986,5.4399999999999995
436,223,87,0.030188679245283012,5.4399999999999995
496,223,80,0.0528301886792453,5.4399999999999995
497,223,59,0.053207547169811326,5.4399999999999995
498,223,157,0.05358490566037738,5.4399999999999995
434,224,106,0.02943396226415096,5.386666666666666
435,224,1,0.029811320754716986,5.386666666666666
496,224,159,0.0528301886792453,5.386666666666666
497,224,62,0.053207547169811326,5.386666666666666
498,224,116,0.05358490566037738,5.386666666666666
433,225,152,0.029056603773584905,5.333333333333333
434,225,67,0.02943396226415096,5.333333333333333
435,225,57,0.029811320754716986,5.333333333333333
497,225,71,0.053207547169811326,5.333333333333333
498,225,65,0.05358490566037738,5.333333333333333
433,226,83,0.029056603773584905,5.279999999999999
434,226,26,0.02943396226415096,5.279999999999999
435,226,159,0.029811320754716986,5.279999999999999
497,226,94,0.053207547169811326,5.279999999999999
498,226,39,0.05358490566037738,5.279999999999999
499,226,122,0.053962264150943406,5.279999999999999
433,227,79,0.029056603773584905,5.226666666666667
434,227,51,0.02943396226415096,5.226666666666667
497,227,133,0.053207547169811326,5.226666666666667
498,227,66,0.05358490566037738,5.226666666666667
499,227,116,0.053962264150943406,5.226666666666667
432,228,70,0.028679245283018878,5.173333333333333
433,228,47,0.029056603773584905,5.173333333333333
434,228,138,0.02943396226415096,5.173333333333333
498,228,93,0.05358490566037738,5.173333333333333
499,228,63,0.053962264150943406,5.173333333333333
227,229,121,-0.04867924528301887,5.119999999999999
228,229,151,-0.04830188679245283,5.119999999999999
432,229,59,0.028679245283018878,5.119999999999999
433,229,76,0.029056603773584905,5.119999999999999
498,229,120,0.05358490566037738,5.119999999999999
499,229,29,0.053962264150943406,5.119999999999999
500,229,117,0.05433962264150943,5.119999999999999
224,230,133,-0.04981132075471698,5.066666666666666
225,230,107,-0.04943396226415094,5.066666666666666
226,230,83,-0.04905660377358491,5.066666666666666
227,230,65,-0.04867924528301887,5.066666666666666
228,230,59,-0.04830188679245283,5.066666666666666
229,230,58,-0.047924528301886794,5.066666666666666
230,230,81,-0.047547169811320754,5.066666666666666
231,230,131,-0.04716981132075472,5.066666666666666
431,230,94,0.028301886792452824,5.066666666666666
432,230,63,0.028679245283018878,5.066666666666666
433,230,134,0.029056603773584905,5.066666666666666
498,230,146,0.05358490566037738,5.066666666666666
499,230,43,0.053962264150943406,5.066666666666666
500,230,87,0.05433962264150943,5.066666666666666
222,231,130,-0.050566037735849056,5.013333333333333
223,231,66,-0.05018867924528302,5.013333333333333
224,231,31,-0.04981132075471698,5.013333333333333
225,231,36,-0.04943396226415094,5.013333333333333
226,231,76,-0.04905660377358491,5.013333333333333
227,231,129,-0.04867924528301887,5.013333333333333
228,231,102,-0.04830188679245283,5.013333333333333
229,231,65,-0.047924528301886794,5.013333333333333
230,231,46,-0.047547169811320754,5.013333333333333
231,231,53,-0.04716981132075472,5.013333333333333
232,231,81,-0.04679245283018868,5.013333333333333
233,231,81,-0.04641509433962264,5.013333333333333
234,231,135,-0.046037735849056606,5.013333333333333
430,231,140,0.027924528301886797,5.013333333333333
431,231,36,0.028301886792452824,5.013333333333333
432,231,92,0.028679245283018878,5.013333333333333
499,231,88,0.053962264150943406,5.013333333333333
500,231,63,0.05433962264150943,5.013333333333333
219,232,135,-0.05169811320754717,4.96
220,232,95,-0.05132075471698113,4.96
221,232,62,-0.0509433962264151,4.96
222,232,38,-0.050566037735849056,4.96
223,232,42,-0.05018867924528302,4.96
224,232,71,-0.04981132075471698,4.96
225,232,129,-0.04943396226415094,4.96
230,232,151,-0.047547169811320754,4.96
231,232,128,-0.04716981132075472,4.96
232,232,45,-0.04679245283018868,4.96
233,232,36,-0.04641509433962264,4.96
234,232,27,-0.046037735849056606,4.96
235,232,61,-0.045660377358490566,4.96
236,232,104,-0.04528301886792453,4.96
237,232,116,-0.04490566037735849,4.96
430,232,119,0.027924528301886797,4.96
431,232,45,0.028301886792452824,4.96
432,232,145,0.028679245283018878,4.96
499,232,139,0.053962264150943406,4.96
500,232,20,0.05433962264150943,4.96
501,232,157,0.05471698113207549,4.96
217,233,93,-0.052452830188679245,4.906666666666666
218,233,26,-0.05207547169811321,4.906666666666666
219,233,0,-0.05169811320754717,4.906666666666666
220,233,14,-0.05132075471698113,4.906666666666666
221,233,67,-0.0509433962264151,4.906666666666666
234,233,148,-0.046037735849056606,4.906666666666666
235,233,65,-0.045660377358490566,4.906666666666666
236,233,0,-0.04528301886792453,4.906666666666666
237,233,0,-0.04490566037735849,4.906666666666666
238,233,0,-0.04452830188679245,4.906666666666666
239,233,96,-0.04415094339622642,4.906666666666666
240,233,128,-0.04377358490566038,4.906666666666666
430,233,26,0.027924528301886797,4.906666666666666
431,233,90,0.028301886792452824,4.906666666666666
500,233,7,0.05433962264150943,4.906666666666666
501,233,60,0.05471698113207549,4.906666666666666
213,234,150,-0.0539622641509434,4.853333333333333
214,234,81,-0.05358490566037736,4.853333333333333
215,234,44,-0.05320754716981132,4.853333333333333
216,234,35,-0.052830188679245285,4.853333333333333
217,234,56,-0.052452830188679245,4.853333333333333
218,234,117,-0.05207547169811321,4.853333333333333
219,234,156,-0.05169811320754717,4.853333333333333
237,234,149,-0.04490566037735849,4.853333333333333
238,234,108,-0.04452830188679245,4.853333333333333
239,234,82,-0.04415094339622642,4.853333333333333
240,234,45,-0.04377358490566038,4.853333333333333
241,234,32,-0.04339622641509434,4.853333333333333
242,234,56,-0.0430188679245283,4.853333333333333
243,234,99,-0.04264150943396226,4.853333333333333
244,234,142,-0.04226415094339623,4.853333333333333
429,234,138,0.02754716981132077,4.853333333333333
430,234,15,0.027924528301886797,4.853333333333333
500,234,53,0.05433962264150943,4.853333333333333
501,234,63,0.05471698113207549,4.853333333333333
211,235,149,-0.05471698113207547,4.8
212,235,89,-0.05433962264150943,4.8
213,235,46,-0.0539622641509434,4.8
214,235,28,-0.05358490566037736,4.8
215,235,50,-0.05320754716981132,4.8
216,235,117,-0.052830188679245285,4.8
241,235,130,-0.04339622641509434,4.8
242,235,77,-0.0430188679245283,4.8
243,235,63,-0.04264150943396226,4.8
244,235,48,-0.04226415094339623,4.8
245,235,130,-0.04188679245283019,4.8
429,235,48,0.02754716981132077,4.8
430,235,77,0.027924528301886797,4.8
500,235,129,0.05433962264150943,4.8
501,235,30,0.05471698113207549,4.8
211,236,52,-0.05471698113207547,4.746666666666666
212,236,69,-0.05433962264150943,4.746666666666666
213,236,101,-0.0539622641509434,4.746666666666666
214,236,127,-0.05358490566037736,4.746666666666666
215,236,159,-0.05320754716981132,4.746666666666666
243,236,148,-0.04264150943396226,4.746666666666666
244,236,72,-0.04226415094339623,4.746666666666666
245,236,65,-0.04188679245283019,4.746666666666666
246,236,115,-0.04150943396226415,4.746666666666666
428,236,144,0.027169811320754716,4.746666666666666
429,236,14,0.02754716981132077,4.746666666666666
501,236,11,0.05471698113207549,4.746666666666666
502,236,144,0.055094339622641514,4.746666666666666
210,237,45,-0.055094339622641514,4.6933333333333325
211,237,36,-0.05471698113207547,4.6933333333333325
212,237,152,-0.05433962264150943,4.6933333333333325
245,237,78,-0.04188679245283019,4.6933333333333325
246,237,40,-0.04150943396226415,4.6933333333333325
247,237,73,-0.041132075471698115,4.6933333333333325
248,237,147,-0.040754716981132075,4.6933333333333325
428,237,77,0.027169811320754716,4.6933333333333325
429,237,52,0.02754716981132077,4.6933333333333325
501,237,11,0.05471698113207549,4.6933333333333325
502,237,117,0.055094339622641514,4.6933333333333325
209,238,92,-0.05547169811320755,4.64
210,238,16,-0.055094339622641514,4.64
211,238,121,-0.05471698113207547,4.64
246,238,84,-0.04150943396226415,4.64
247,238,20,-0.041132075471698115,4.64
248,238,23,-0.040754716981132075,4.64
249,238,107,-0.040377358490566034,4.64
427,238,134,0.02679245283018869,4.64
428,238,36,0.027169811320754716,4.64
429,238,148,0.02754716981132077,4.64
501,238,19,0.05471698113207549,4.64
502,238,49,0.055094339622641514,4.64
208,239,86,-0.05584905660377359,4.586666666666666
209,239,34,-0.05547169811320755,4.586666666666666
210,239,121,-0.055094339622641514,4.586666666666666
248,239,104,-0.040754716981132075,4.586666666666666
249,239,18,-0.040377358490566034,4.586666666666666
250,239,106,-0.04,4.586666666666666
427,239,77,0.02679245283018869,4.586666666666666
428,239,64,0.027169811320754716,4.586666666666666
501,239,69,0.05471698113207549,4.586666666666666
502,239,62,0.055094339622641514,4.586666666666666
207,240,124,-0.05622641509433962,4.533333333333333
208,240,39,-0.05584905660377359,4.533333333333333
209,240,85,-0.05547169811320755,4.533333333333333
249,240,102,-0.040377358490566034,4.533333333333333
250,240,48,-0.04,4.533333333333333
251,240,79,-0.03962264150943396,4.533333333333333
252,240,150,-0.03924528301886793,4.533333333333333
426,240,115,0.026415094339622636,4.533333333333333
427,240,60,0.02679245283018869,4.533333333333333
428,240,135,0.027169811320754716,4.533333333333333
501,240,75,0.05471698113207549,4.533333333333333
502,240,28,0.055094339622641514,4.533333333333333
503,240,154,0.05547169811320757,4.533333333333333
207,241,61,-0.05622641509433962,4.4799999999999995
208,241,68,-0.05584905660377359,4.4799999999999995
250,241,102,-0.04,4.4799999999999995
251,241,46,-0.03962264150943396,4.4799999999999995
252,241,50,-0.03924528301886793,4.4799999999999995
253,241,105,-0.038867924528301886,4.4799999999999995
426,241,68,0.026415094339622636,4.4799999999999995
427,241,87,0.02679245283018869,4.4799999999999995
501,241,140,0.05471698113207549,4.4799999999999995
502,241,32,0.055094339622641514,4.4799999999999995
503,241,126,0.05547169811320757,4.4799999999999995
206,242,77,-0.05660377358490566,4.426666666666666
207,242,44,-0.05622641509433962,4.426666666666666
208,242,131,-0.05584905660377359,4.426666666666666
251,242,129,-0.03962264150943396,4.426666666666666
252,242,75,-0.03924528301886793,4.426666666666666
253,242,53,-0.038867924528301886,4.426666666666666
254,242,81,-0.038490566037735846,4.426666666666666
425,242,113,0.02603773584905661,4.426666666666666
426,242,59,0.026415094339622636,4.426666666666666
427,242,139,0.02679245283018869,4.426666666666666
502,242,46,0.055094339622641514,4.426666666666666
503,242,110,0.05547169811320757,4.426666666666666
205,243,109,-0.0569811320754717,4.373333333333333
206,243,41,-0.05660377358490566,4.373333333333333
207,243,98,-0.05622641509433962,4.373333333333333
253,243,125,-0.038867924528301886,4.373333333333333
254,243,24,-0.038490566037735846,4.373333333333333
255,243,90,-0.03811320754716981,4.373333333333333
425,243,43,0.02603773584905661,4.373333333333333
426,243,94,0.026415094339622636,4.373333333333333
502,243,48,0.055094339622641514,4.373333333333333
503,243,103,0.05547169811320757,4.373333333333333
204,244,109,-0.057358490566037736,4.319999999999999
205,244,5,-0.0569811320754717,4.319999999999999
206,244,99,-0.05660377358490566,4.319999999999999
254,244,126,-0.038490566037735846,4.319999999999999
255,244,21,-0.03811320754716981,4.319999999999999
256,244,41,-0.03773584905660377,4.319999999999999
257,244,122,-0.03735849056603774,4.319999999999999
424,244,127,0.025660377358490583,4.319999999999999
425,244,24,0.02603773584905661,4.319999999999999
426,244,160,0.026415094339622636,4.319999999999999
502,244,61,0.055094339622641514,4.319999999999999
503,244,72,0.05547169811320757,4.319999999999999
203,245,143,-0.057735849056603776,4.266666666666667
204,245,33,-0.057358490566037736,4.266666666666667
205,245,101,-0.0569811320754717,4.266666666666667
255,245,126,-0.03811320754716981,4.266666666666667
256,245,43,-0.03773584905660377,4.266666666666667
257,245,21,-0.03735849056603774,4.266666666666667
258,245,66,-0.0369811320754717,4.266666666666667
259,245,160,-0.03660377358490566,4.266666666666667
424,245,23,0.025660377358490583,4.266666666666667
425,245,89,0.02603773584905661,4.266666666666667
502,245,101,0.055094339622641514,4.266666666666667
503,245,65,0.05547169811320757,4.266666666666667
504,245,145,0.055849056603773595,4.266666666666667
203,246,73,-0.057735849056603776,4.213333333333333
204,246,28,-0.057358490566037736,4.213333333333333
257,246,125,-0.03735849056603774,4.213333333333333
258,246,71,-0.0369811320754717,4.213333333333333
259,246,58,-0.03660377358490566,4.213333333333333
423,246,142,0.025283018867924528,4.213333333333333
424,246,0,0.025660377358490583,4.213333333333333
502,246,110,0.055094339622641514,4.213333333333333
503,246,40,0.05547169811320757,4.213333333333333
504,246,113,0.055849056603773595,4.213333333333333
202,247,114,-0.05811320754716981,4.159999999999999
203,247,42,-0.057735849056603776,4.159999999999999
204,247,85,-0.057358490566037736,4.159999999999999
258,247,149,-0.0369811320754717,4.159999999999999
259,247,59,-0.03660377358490566,4.159999999999999
260,247,67,-0.03622641509433962,4.159999999999999
423,247,66,0.025283018867924528,4.159999999999999
424,247,58,0.025660377358490583,4.159999999999999
502,247,154,0.055094339622641514,4.159999999999999
503,247,51,0.05547169811320757,4.159999999999999
504,247,88,0.055849056603773595,4.159999999999999
201,248,131,-0.05849056603773585,4.1066666666666665
202,248,63,-0.05811320754716981,4.1066666666666665
203,248,76,-0.057735849056603776,4.1066666666666665
259,248,149,-0.03660377358490566,4.1066666666666665
260,248,45,-0.03622641509433962,4.1066666666666665
261,248,76,-0.03584905660377359,4.1066666666666665
422,248,140,0.0249056603773585,4.1066666666666665
423,248,28,0.025283018867924528,4.1066666666666665
503,248,80,0.05547169811320757,4.1066666666666665
504,248,75,0.055849056603773595,4.1066666666666665
200,249,132,-0.05886792452830189,4.053333333333333
201,249,44,-0.05849056603773585,4.053333333333333
202,249,76,-0.05811320754716981,4.053333333333333
260,249,149,-0.03622641509433962,4.053333333333333
261,249,45,-0.03584905660377359,4.053333333333333
262,249,69,-0.03547169811320755,4.053333333333333
263,249,159,-0.03509433962264151,4.053333333333333
422,249,78,0.0249056603773585,4.053333333333333
423,249,54,0.025283018867924528,4.053333333333333
503,249,82,0.05547169811320757,4.053333333333333
504,249,72,0.055849056603773595,4.053333333333333
200,250,34,-0.05886792452830189,4.0
201,250,83,-0.05849056603773585,4.0
261,250,150,-0.03584905660377359,4.0
262,250,57,-0.03547169811320755,4.0
263,250,35,-0.03509433962264151,4.0
264,250,112,-0.03471698113207547,4.0
421,250,122,0.02452830188679246,4.0
422,250,48,0.0249056603773585,4.0
423,250,141,0.025283018867924528,4.0
503,250,104,0.05547169811320757,4.0
504,250,52,0.055849056603773595,4.0
505,250,158,0.05622641509433962,4.0
199,251,47,-0.059245283018867924,3.9466666666666654
200,251,6,-0.05886792452830189,3.9466666666666654
201,251,151,-0.05849056603773585,3.9466666666666654
262,251,150,-0.03547169811320755,3.9466666666666654
263,251,64,-0.03509433962264151,3.9466666666666654
264,251,35,-0.03471698113207547,3.9466666666666654
265,251,115,-0.03433962264150943,3.9466666666666654
421,251,73,0.02452830188679246,3.9466666666666654
422,251,78,0.0249056603773585,3.9466666666666654
503,251,134,0.05547169811320757,3.9466666666666654
504,251,60,0.055849056603773595,3.9466666666666654
505,251,117,0.05622641509433962,3.9466666666666654
198,252,141,-0.059622641509433964,3.8933333333333326
199,252,4,-0.059245283018867924,3.8933333333333326
200,252,91,-0.05886792452830189,3.8933333333333326
263,252,150,-0.03509433962264151,3.8933333333333326
264,252,62,-0.03471698113207547,3.8933333333333326
265,252,28,-0.03433962264150943,3.8933333333333326
266,252,127,-0.03396226415094339,3.8933333333333326
420,252,111,0.02415094339622642,3.8933333333333326
421,252,64,0.02452830188679246,3.8933333333333326
422,252,136,0.0249056603773585,3.8933333333333326
503,252,144,0.05547169811320757,3.8933333333333326
504,252,49,0.055849056603773595,3.8933333333333326
505,252,75,0.05622641509433962,3.8933333333333326
197,253,154,-0.060000000000000005,3.84
198,253,72,-0.059622641509433964,3.84
199,253,55,-0.059245283018867924,3.84
264,253,150,-0.03471698113207547,3.84
265,253,47,-0.03433962264150943,3.84
266,253,40,-0.03396226415094339,3.84
267,253,131,-0.03358490566037736,3.84
420,253,56,0.02415094339622642,3.84
421,253,94,0.02452830188679246,3.84
504,253,66,0.055849056603773595,3.84
505,253,48,0.05622641509433962,3.84
196,254,158,-0.06037735849056604,3.7866666666666653
197,254,69,-0.060000000000000005,3.7866666666666653
198,254,53,-0.059622641509433964,3.7866666666666653
199,254,157,-0.059245283018867924,3.7866666666666653
265,254,151,-0.03433962264150943,3.7866666666666653
266,254,56,-0.03396226415094339,3.7866666666666653
267,254,46,-0.03358490566037736,3.7866666666666653
268,254,127,-0.03320754716981132,3.7866666666666653
419,254,117,0.02377358490566038,3.7866666666666653
420,254,45,0.02415094339622642,3.7866666666666653
421,254,148,0.02452830188679246,3.7866666666666653
504,254,115,0.055849056603773595,3.7866666666666653
505,254,40,0.05622641509433962,3.7866666666666653
196,255,75,-0.06037735849056604,3.7333333333333325
197,255,53,-0.060000000000000005,3.7333333333333325
198,255,158,-0.059622641509433964,3.7333333333333325
267,255,69,-0.03358490566037736,3.7333333333333325
268,255,29,-0.03320754716981132,3.7333333333333325
269,255,114,-0.03283018867924528,3.7333333333333325
419,255,23,0.02377358490566038,3.7333333333333325
420,255,93,0.02415094339622642,3.7333333333333325
504,255,115,0.055849056603773595,3.7333333333333325
505,255,39,0.05622641509433962,3.7333333333333325
195,256,80,-0.06075471698113208,3.6799999999999997
196,256,12,-0.06037735849056604,3.6799999999999997
197,256,97,-0.060000000000000005,3.6799999999999997
268,256,90,-0.03320754716981132,3.6799999999999997
269,256,33,-0.03283018867924528,3.6799999999999997
270,256,106,-0.03245283018867924,3.6799999999999997
418,256,135,0.02339622641509434,3.6799999999999997
419,256,14,0.02377358490566038,3.6799999999999997
504,256,147,0.055849056603773595,3.6799999999999997
505,256,29,0.05622641509433962,3.6799999999999997
506,256,141,0.056603773584905676,3.6799999999999997
195,257,37,-0.06075471698113208,3.626666666666667
196,257,73,-0.06037735849056604,3.626666666666667
269,257,95,-0.03283018867924528,3.626666666666667
270,257,26,-0.03245283018867924,3.626666666666667
271,257,62,-0.0320754716981132,3.626666666666667
417,257,137,0.023018867924528313,3.626666666666667
418,257,47,0.02339622641509434,3.626666666666667
419,257,78,0.02377358490566038,3.626666666666667
505,257,51,0.05622641509433962,3.626666666666667
506,257,90,0.056603773584905676,3.626666666666667
194,258,74,-0.06113207547169811,3.5733333333333324
195,258,61,-0.06075471698113208,3.5733333333333324
196,258,156,-0.06037735849056604,3.5733333333333324
270,258,80,-0.03245283018867924,3.5733333333333324
271,258,7,-0.0320754716981132,3.5733333333333324
272,258,73,-0.031698113207547174,3.5733333333333324
417,258,49,0.023018867924528313,3.5733333333333324
418,258,16,0.02339622641509434,3.5733333333333324
505,258,64,0.05622641509433962,3.5733333333333324
506,258,69,0.056603773584905676,3.5733333333333324
194,259,7,-0.06113207547169811,3.5199999999999996
195,259,99,-0.06075471698113208,3.5199999999999996
271,259,67,-0.0320754716981132,3.5199999999999996
272,259,14,-0.031698113207547174,3.5199999999999996
273,259,74,-0.03132075471698113,3.5199999999999996
416,259,119,0.022641509433962273,3.5199999999999996
417,259,9,0.023018867924528313,3.5199999999999996
418,259,55,0.02339622641509434,3.5199999999999996
505,259,88,0.05622641509433962,3.5199999999999996
506,259,51,0.056603773584905676,3.5199999999999996
193,260,109,-0.06150943396226415,3.466666666666667
194,260,4,-0.06113207547169811,3.466666666666667
195,260,109,-0.06075471698113208,3.466666666666667
272,260,72,-0.031698113207547174,3.466666666666667
273,260,15,-0.03132075471698113,3.466666666666667
274,260,65,-0.030943396226415093,3.466666666666667
416,260,68,0.022641509433962273,3.466666666666667
417,260,47,0.023018867924528313,3.466666666666667
418,260,151,0.02339622641509434,3.466666666666667
505,260,150,0.05622641509433962,3.466666666666667
506,260,6,0.056603773584905676,3.466666666666667
193,261,109,-0.06150943396226415,3.413333333333332
194,261,4,-0.06113207547169811,3.413333333333332
273,261,138,-0.03132075471698113,3.413333333333332
274,261,42,-0.030943396226415093,3.413333333333332
275,261,46,-0.030566037735849053,3.413333333333332
415,261,99,0.022264150943396233,3.413333333333332
416,261,57,0.022641509433962273,3.413333333333332
417,261,152,0.023018867924528313,3.413333333333332
505,261,150,0.05622641509433962,3.413333333333332
506,261,5,0.056603773584905676,3.413333333333332
193,262,41,-0.06150943396226415,3.3599999999999994
194,262,92,-0.06113207547169811,3.3599999999999994
274,262,147,-0.030943396226415093,3.3599999999999994
275,262,47,-0.030566037735849053,3.3599999999999994
276,262,49,-0.030188679245283012,3.3599999999999994
415,262,58,0.022264150943396233,3.3599999999999994
416,262,78,0.022641509433962273,3.3599999999999994
506,262,3,0.056603773584905676,3.3599999999999994
507,262,121,0.0569811320754717,3.3599999999999994
192,263,122,-0.06188679245283019,3.3066666666666666
193,263,28,-0.06150943396226415,3.3066666666666666
275,263,146,-0.030566037735849053,3.3066666666666666
276,263,35,-0.030188679245283012,3.3066666666666666
277,263,74,-0.029811320754716986,3.3066666666666666
414,263,92,0.021886792452830192,3.3066666666666666
415,263,65,0.022264150943396233,3.3066666666666666
416,263,141,0.022641509433962273,3.3066666666666666
506,263,37,0.056603773584905676,3.3066666666666666
507,263,83,0.0569811320754717,3.3066666666666666
192,264,68,-0.06188679245283019,3.253333333333332
193,264,78,-0.06150943396226415,3.253333333333332
276,264,135,-0.030188679245283012,3.253333333333332
277,264,44,-0.029811320754716986,3.253333333333332
278,264,83,-0.029433962264150945,3.253333333333332
414,264,37,0.021886792452830192,3.253333333333332
415,264,111,0.022264150943396233,3.253333333333332
506,264,64,0.056603773584905676,3.253333333333332
507,264,64,0.0569811320754717,3.253333333333332
191,265,111,-0.062264150943396226,3.1999999999999993
192,265,42,-0.06188679245283019,3.1999999999999993
193,265,146,-0.06150943396226415,3.1999999999999993
277,265,129,-0.029811320754716986,3.1999999999999993
278,265,44,-0.029433962264150945,3.1999999999999993
279,265,75,-0.029056603773584905,3.1999999999999993
413,265,101,0.02150943396226415,3.1999999999999993
414,265,39,0.021886792452830192,3.1999999999999993
506,265,75,0.056603773584905676,3.1999999999999993
507,265,55,0.0569811320754717,3.1999999999999993
191,266,61,-0.062264150943396226,3.1466666666666665
192,266,42,-0.06188679245283019,3.1466666666666665
193,266,147,-0.06150943396226415,3.1466666666666665
278,266,135,-0.029433962264150945,3.1466666666666665
279,266,37,-0.029056603773584905,3.1466666666666665
280,266,50,-0.028679245283018864,3.1466666666666665
412,266,104,0.021132075471698125,3.1466666666666665
413,266,0,0.02150943396226415,3.1466666666666665
414,266,105,0.021886792452830192,3.1466666666666665
506,266,125,0.056603773584905676,3.1466666666666665
507,266,19,0.0569811320754717,3.1466666666666665
190,267,129,-0.06264150943396227,3.093333333333332
191,267,36,-0.062264150943396226,3.093333333333332
192,267,76,-0.06188679245283019,3.093333333333332
279,267,146,-0.029056603773584905,3.093333333333332
280,267,46,-0.028679245283018864,3.093333333333332
281,267,45,-0.028301886792452824,3.093333333333332
412,267,104,0.021132075471698125,3.093333333333332
413,267,0,0.02150943396226415,3.093333333333332
507,267,27,0.0569811320754717,3.093333333333332
508,267,133,0.057358490566037756,3.093333333333332
190,268,80,-0.06264150943396227,3.039999999999999
191,268,53,-0.062264150943396226,3.039999999999999
192,268,139,-0.06188679245283019,3.039999999999999
280,268,148,-0.028679245283018864,3.039999999999999
281,268,43,-0.028301886792452824,3.039999999999999
282,268,63,-0.027924528301886797,3.039999999999999
411,268,124,0.020754716981132085,3.039999999999999
412,268,50,0.021132075471698125,3.039999999999999
413,268,83,0.02150943396226415,3.039999999999999
507,268,35,0.0569811320754717,3.039999999999999
508,268,99,0.057358490566037756,3.039999999999999
190,269,49,-0.06264150943396227,2.9866666666666664
191,269,95,-0.062264150943396226,2.9866666666666664
281,269,143,-0.028301886792452824,2.9866666666666664
282,269,41,-0.027924528301886797,2.9866666666666664
283,269,80,-0.027547169811320757,2.9866666666666664
410,269,151,0.020377358490566044,2.9866666666666664
411,269,64,0.020754716981132085,2.9866666666666664
412,269,83,0.021132075471698125,2.9866666666666664
507,269,64,0.0569811320754717,2.9866666666666664
508,269,75,0.057358490566037756,2.9866666666666664
189,270,110,-0.06301886792452831,2.9333333333333336
190,270,53,-0.06264150943396227,2.9333333333333336
191,270,148,-0.062264150943396226,2.9333333333333336
282,270,132,-0.027924528301886797,2.9333333333333336
283,270,45,-0.027547169811320757,2.9333333333333336
284,270,81,-0.027169811320754716,2.9333333333333336
410,270,98,0.020377358490566044,2.9333333333333336
411,270,46,0.020754716981132085,2.9333333333333336
412,270,151,0.021132075471698125,2.9333333333333336
507,270,93,0.0569811320754717,2.9333333333333336
508,270,64,0.057358490566037756,2.9333333333333336
509,270,156,0.05773584905660378,2.9333333333333336
189,271,29,-0.06301886792452831,2.879999999999999
190,271,97,-0.06264150943396227,2.879999999999999
283,271,131,-0.027547169811320757,2.879999999999999
284,271,42,-0.027169811320754716,2.879999999999999
285,271,65,-0.026792452830188676,2.879999999999999
409,271,151,0.020000000000000004,2.879999999999999
410,271,58,0.020377358490566044,2.879999999999999
411,271,60,0.020754716981132085,2.879999999999999
507,271,98,0.0569811320754717,2.879999999999999
508,271,61,0.057358490566037756,2.879999999999999
509,271,152,0.05773584905660378,2.879999999999999
188,272,128,-0.06339622641509435,2.826666666666666
189,272,16,-0.06301886792452831,2.826666666666666
284,272,142,-0.027169811320754716,2.826666666666666
285,272,42,-0.026792452830188676,2.826666666666666
286,272,44,-0.026415094339622636,2.826666666666666
409,272,74,0.020000000000000004,2.826666666666666
410,272,69,0.020377358490566044,2.826666666666666
507,272,143,0.0569811320754717,2.826666666666666
508,272,43,0.057358490566037756,2.826666666666666
509,272,124,0.05773584905660378,2.826666666666666
188,273,35,-0.06339622641509435,2.7733333333333334
189,273,87,-0.06301886792452831,2.7733333333333334
285,273,149,-0.026792452830188676,2.7733333333333334
286,273,47,-0.026415094339622636,2.7733333333333334
287,273,47,-0.02603773584905661,2.7733333333333334
409,273,42,0.020000000000000004,2.7733333333333334
410,273,121,0.020377358490566044,2.7733333333333334
508,273,58,0.057358490566037756,2.7733333333333334
509,273,99,0.05773584905660378,2.7733333333333334
187,274,138,-0.06377358490566037,2.719999999999999
188,274,7,-0.06339622641509435,2.719999999999999
189,274,112,-0.06301886792452831,2.719999999999999
286,274,147,-0.026415094339622636,2.719999999999999
287,274,36,-0.02603773584905661,2.719999999999999
288,274,73,-0.02566037735849057,2.719999999999999
408,274,66,0.019622641509433963,2.719999999999999
409,274,67,0.020000000000000004,2.719999999999999
508,274,75,0.057358490566037756,2.719999999999999
509,274,92,0.05773584905660378,2.719999999999999
187,275,97,-0.06377358490566037,2.666666666666666
188,275,9,-0.06339622641509435,2.666666666666666
189,275,154,-0.06301886792452831,2.666666666666666
287,275,138,-0.02603773584905661,2.666666666666666
288,275,45,-0.02566037735849057,2.666666666666666
289,275,81,-0.025283018867924528,2.666666666666666
407,275,115,0.019245283018867937,2.666666666666666
408,275,11,0.019622641509433963,2.666666666666666
409,275,128,0.020000000000000004,2.666666666666666
508,275,85,0.057358490566037756,2.666666666666666
509,275,68,0.05773584905660378,2.666666666666666
187,276,83,-0.06377358490566037,2.6133333333333333
188,276,38,-0.06339622641509435,2.6133333333333333
288,276,131,-0.02566037735849057,2.6133333333333333
289,276,45,-0.025283018867924528,2.6133333333333333
290,276,74,-0.024905660377358488,2.6133333333333333
407,276,93,0.019245283018867937,2.6133333333333333
408,276,32,0.019622641509433963,2.6133333333333333
508,276,93,0.057358490566037756,2.6133333333333333
509,276,36,0.05773584905660378,2.6133333333333333
510,276,121,0.05811320754716981,2.6133333333333333
186,277,145,-0.06415094339622641,2.5599999999999987
187,277,30,-0.06377358490566037,2.5599999999999987
188,277,137,-0.06339622641509435,2.5599999999999987
289,277,137,-0.025283018867924528,2.5599999999999987
290,277,38,-0.024905660377358488,2.5599999999999987
291,277,49,-0.024528301886792447,2.5599999999999987
406,277,90,0.018867924528301896,2.5599999999999987
407,277,13,0.019245283018867937,2.5599999999999987
408,277,118,0.019622641509433963,2.5599999999999987
508,277,128,0.057358490566037756,2.5599999999999987
509,277,64,0.05773584905660378,2.5599999999999987
510,277,119,0.05811320754716981,2.5599999999999987
186,278,84,-0.06415094339622641,2.506666666666666
187,278,56,-0.06377358490566037,2.506666666666666
290,278,147,-0.024905660377358488,2.506666666666666
291,278,47,-0.024528301886792447,2.506666666666666
292,278,43,-0.024150943396226407,2.506666666666666
405,278,146,0.018490566037735856,2.506666666666666
406,278,28,0.018867924528301896,2.506666666666666
407,278,70,0.019245283018867937,2.506666666666666
509,278,65,0.05773584905660378,2.506666666666666
510,278,83,0.05811320754716981,2.506666666666666
185,279,126,-0.06452830188679246,2.453333333333333
186,279,60,-0.06415094339622641,2.453333333333333
187,279,125,-0.06377358490566037,2.453333333333333
291,279,150,-0.024528301886792447,2.453333333333333
292,279,43,-0.024150943396226407,2.453333333333333
293,279,61,-0.02377358490566038,2.453333333333333
294,279,140,-0.02339622641509434,2.453333333333333
405,279,92,0.018490566037735856,2.453333333333333
406,279,28,0.018867924528301896,2.453333333333333
407,279,120,0.019245283018867937,2.453333333333333
509,279,87,0.05773584905660378,2.453333333333333
510,279,63,0.05811320754716981,2.453333333333333
185,280,76,-0.06452830188679246,2.3999999999999986
186,280,54,-0.06415094339622641,2.3999999999999986
187,280,158,-0.06377358490566037,2.3999999999999986
292,280,144,-0.024150943396226407,2.3999999999999986
293,280,42,-0.02377358490566038,2.3999999999999986
294,280,55,-0.02339622641509434,2.3999999999999986
295,280,134,-0.0230188679245283,2.3999999999999986
404,280,133,0.018113207547169816,2.3999999999999986
405,280,63,0.018490566037735856,2.3999999999999986
406,280,96,0.018867924528301896,2.3999999999999986
509,280,98,0.05773584905660378,2.3999999999999986
510,280,57,0.05811320754716981,2.3999999999999986
184,281,154,-0.0649056603773585,2.346666666666666
185,281,50,-0.06452830188679246,2.346666666666666
186,281,69,-0.06415094339622641,2.346666666666666
293,281,134,-0.02377358490566038,2.346666666666666
294,281,61,-0.02339622641509434,2.346666666666666
295,281,65,-0.0230188679245283,2.346666666666666
296,281,133,-0.02264150943396226,2.346666666666666
404,281,77,0.018113207547169816,2.346666666666666
405,281,75,0.018490566037735856,2.346666666666666
509,281,108,0.05773584905660378,2.346666666666666
510,281,45,0.05811320754716981,2.346666666666666
184,282,142,-0.0649056603773585,2.293333333333333
185,282,53,-0.06452830188679246,2.293333333333333
186,282,115,-0.06415094339622641,2.293333333333333
295,282,73,-0.0230188679245283,2.293333333333333
296,282,48,-0.02264150943396226,2.293333333333333
297,282,134,-0.02226415094339622,2.293333333333333
403,282,135,0.017735849056603775,2.293333333333333
404,282,49,0.018113207547169816,2.293333333333333
405,282,125,0.018490566037735856,2.293333333333333
509,282,135,0.05773584905660378,2.293333333333333
510,282,24,0.05811320754716981,2.293333333333333
511,282,86,0.058490566037735864,2.293333333333333
184,283,59,-0.0649056603773585,2.24
185,283,75,-0.06452830188679246,2.24
296,283,80,-0.02264150943396226,2.24
297,283,29,-0.02226415094339622,2.24
298,283,134,-0.021886792452830192,2.24
402,283,135,0.017358490566037735,2.24
403,283,30,0.017735849056603775,2.24
404,283,79,0.018113207547169816,2.24
509,283,160,0.05773584905660378,2.24
510,283,61,0.05811320754716981,2.24
511,283,86,0.058490566037735864,2.24
184,284,33,-0.0649056603773585,2.1866666666666656
185,284,135,-0.06452830188679246,2.1866666666666656
297,284,85,-0.02226415094339622,2.1866666666666656
298,284,31,-0.021886792452830192,2.1866666666666656
299,284,133,-0.02150943396226415,2.1866666666666656
401,284,134,0.016981132075471708,2.1866666666666656
402,284,31,0.017358490566037735,2.1866666666666656
403,284,84,0.017735849056603775,2.1866666666666656
510,284,82,0.05811320754716981,2.1866666666666656
511,284,43,0.058490566037735864,2.1866666666666656
183,285,59,-0.06528301886792454,2.133333333333333
184,285,68,-0.0649056603773585,2.133333333333333
298,285,74,-0.021886792452830192,2.133333333333333
299,285,57,-0.02150943396226415,2.133333333333333
300,285,133,-0.02113207547169811,2.133333333333333
400,285,156,0.016603773584905668,2.133333333333333
401,285,50,0.016981132075471708,2.133333333333333
402,285,37,0.017358490566037735,2.133333333333333
510,285,114,0.05811320754716981,2.133333333333333
511,285,24,0.058490566037735864,2.133333333333333
183,286,5,-0.06528301886792454,2.08
184,286,119,-0.0649056603773585,2.08
299,286,75,-0.02150943396226415,2.08
300,286,66,-0.02113207547169811,2.08
301,286,133,-0.02075471698113207,2.08
400,286,88,0.016603773584905668,2.08
401,286,26,0.016981132075471708,2.08
402,286,139,0.017358490566037735,2.08
510,286,133,0.05811320754716981,2.08
511,286,22,0.058490566037735864,2.08
182,287,87,-0.06566037735849056,2.0266666666666655
183,287,15,-0.06528301886792454,2.0266666666666655
300,287,74,-0.02113207547169811,2.0266666666666655
301,287,59,-0.02075471698113207,2.0266666666666655
302,287,129,-0.02037735849056603,2.0266666666666655
399,287,129,0.016226415094339627,2.0266666666666655
400,287,41,0.016603773584905668,2.0266666666666655
401,287,69,0.016981132075471708,2.0266666666666655
510,287,142,0.05811320754716981,2.0266666666666655
511,287,18,0.058490566037735864,2.0266666666666655
512,287,152,0.05886792452830189,2.0266666666666655
182,288,9,-0.06566037735849056,1.9733333333333327
183,288,63,-0.06528301886792454,1.9733333333333327
301,288,74,-0.02075471698113207,1.9733333333333327
302,288,18,-0.02037735849056603,1.9733333333333327
303,288,74,-0.020000000000000004,1.9733333333333327
398,288,157,0.015849056603773587,1.9733333333333327
399,288,56,0.016226415094339627,1.9733333333333327
400,288,50,0.016603773584905668,1.9733333333333327
401,288,155,0.016981132075471708,1.9733333333333327
511,288,8,0.058490566037735864,1.9733333333333327
512,288,59,0.05886792452830189,1.9733333333333327
181,289,97,-0.0660377358490566,1.92
182,289,17,-0.06566037735849056,1.92
183,289,114,-0.06528301886792454,1.92
302,289,82,-0.02037735849056603,1.92
303,289,15,-0.020000000000000004,1.92
304,289,83,-0.019622641509433963,1.92
397,289,155,0.015471698113207547,1.92
398,289,52,0.015849056603773587,1.92
399,289,68,0.016226415094339627,1.92
400,289,155,0.016603773584905668,1.92
511,289,55,0.058490566037735864,1.92
512,289,63,0.05886792452830189,1.92
181,290,85,-0.0660377358490566,1.8666666666666654
182,290,32,-0.06566037735849056,1.8666666666666654
303,290,79,-0.020000000000000004,1.8666666666666654
304,290,28,-0.019622641509433963,1.8666666666666654
305,290,96,-0.019245283018867923,1.8666666666666654
396,290,156,0.01509433962264152,1.8666666666666654
397,290,52,0.015471698113207547,1.8666666666666654
398,290,73,0.015849056603773587,1.8666666666666654
399,290,155,0.016226415094339627,1.8666666666666654
511,290,58,0.058490566037735864,1.8666666666666654
512,290,24,0.05886792452830189,1.8666666666666654
180,291,156,-0.06641509433962264,1.8133333333333326
181,291,64,-0.0660377358490566,1.8133333333333326
182,291,91,-0.06566037735849056,1.8133333333333326
304,291,103,-0.019622641509433963,1.8133333333333326
305,291,49,-0.019245283018867923,1.8133333333333326
306,291,84,-0.018867924528301883,1.8133333333333326
396,291,61,0.01509433962264152,1.8133333333333326
397,291,33,0.015471698113207547,1.8133333333333326
398,291,147,0.015849056603773587,1.8133333333333326
511,291,110,0.058490566037735864,1.8133333333333326
512,291,7,0.05886792452830189,1.8133333333333326
180,292,103,-0.06641509433962264,1.7599999999999998
181,292,55,-0.0660377358490566,1.7599999999999998
305,292,101,-0.019245283018867923,1.7599999999999998
306,292,27,-0.018867924528301883,1.7599999999999998
307,292,45,-0.018490566037735842,1.7599999999999998
308,292,145,-0.018113207547169816,1.7599999999999998
395,292,140,0.01471698113207548,1.7599999999999998
396,292,9,0.01509433962264152,1.7599999999999998
397,292,93,0.015471698113207547,1.7599999999999998
512,292,12,0.05886792452830189,1.7599999999999998
513,292,143,0.059245283018867945,1.7599999999999998
179,293,154,-0.06679245283018868,1.7066666666666652
180,293,61,-0.06641509433962264,1.7066666666666652
181,293,95,-0.0660377358490566,1.7066666666666652
306,293,106,-0.018867924528301883,1.7066666666666652
307,293,18,-0.018490566037735842,1.7066666666666652
308,293,24,-0.018113207547169816,1.7066666666666652
309,293,109,-0.017735849056603775,1.7066666666666652
394,293,153,0.014339622641509439,1.7066666666666652
395,293,43,0.01471698113207548,1.7066666666666652
396,293,33,0.01509433962264152,1.7066666666666652
512,293,12,0.05886792452830189,1.7066666666666652
513,293,137,0.059245283018867945,1.7066666666666652
179,294,81,-0.06679245283018868,1.6533333333333324
180,294,65,-0.06641509433962264,1.6533333333333324
307,294,138,-0.018490566037735842,1.6533333333333324
308,294,51,-0.018113207547169816,1.6533333333333324
309,294,8,-0.017735849056603775,1.6533333333333324
310,294,108,-0.017358490566037735,1.6533333333333324
394,294,73,0.014339622641509439,1.6533333333333324
395,294,36,0.01471698113207548,1.6533333333333324
396,294,132,0.01509433962264152,1.6533333333333324
512,294,15,0.05886792452830189,1.6533333333333324
513,294,98,0.059245283018867945,1.6533333333333324
179,295,47,-0.06679245283018868,1.5999999999999996
180,295,66,-0.06641509433962264,1.5999999999999996
309,295,99,-0.017735849056603775,1.5999999999999996
310,295,43,-0.017358490566037735,1.5999999999999996
311,295,108,-0.016981132075471694,1.5999999999999996
393,295,74,0.013962264150943399,1.5999999999999996
394,295,61,0.014339622641509439,1.5999999999999996
395,295,133,0.01471698113207548,1.5999999999999996
512,295,61,0.05886792452830189,1.5999999999999996
513,295,71,0.059245283018867945,1.5999999999999996
178,296,142,-0.06716981132075472,1.5466666666666669
179,296,38,-0.06679245283018868,1.5466666666666669
180,296,104,-0.06641509433962264,1.5466666666666669
310,296,99,-0.017358490566037735,1.5466666666666669
311,296,61,-0.016981132075471694,1.5466666666666669
312,296,76,-0.016603773584905654,1.5466666666666669
313,296,134,-0.016226415094339613,1.5466666666666669
392,296,81,0.013584905660377358,1.5466666666666669
393,296,66,0.013962264150943399,1.5466666666666669
394,296,133,0.014339622641509439,1.5466666666666669
512,296,76,0.05886792452830189,1.5466666666666669
513,296,35,0.059245283018867945,1.5466666666666669
514,296,156,0.05962264150943397,1.5466666666666669
178,297,97,-0.06716981132075472,1.4933333333333323
179,297,58,-0.06679245283018868,1.4933333333333323
180,297,156,-0.06641509433962264,1.4933333333333323
311,297,115,-0.016981132075471694,1.4933333333333323
312,297,42,-0.016603773584905654,1.4933333333333323
313,297,28,-0.016226415094339613,1.4933333333333323
314,297,120,-0.015849056603773587,1.4933333333333323
391,297,113,0.013207547169811332,1.4933333333333323
392,297,19,0.013584905660377358,1.4933333333333323
393,297,115,0.013962264150943399,1.4933333333333323
512,297,123,0.05886792452830189,1.4933333333333323
513,297,27,0.059245283018867945,1.4933333333333323
514,297,130,0.05962264150943397,1.4933333333333323
178,298,27,-0.06716981132075472,1.4399999999999995
179,298,89,-0.06679245283018868,1.4399999999999995
312,298,139,-0.016603773584905654,1.4399999999999995
313,298,48,-0.016226415094339613,1.4399999999999995
314,298,32,-0.015849056603773587,1.4399999999999995
315,298,91,-0.015471698113207547,1.4399999999999995
391,298,0,0.013207547169811332,1.4399999999999995
392,298,34,0.013584905660377358,1.4399999999999995
513,298,47,0.059245283018867945,1.4399999999999995
514,298,108,0.05962264150943397,1.4399999999999995
178,299,21,-0.06716981132075472,1.3866666666666667
179,299,92,-0.06679245283018868,1.3866666666666667
314,299,123,-0.015849056603773587,1.3866666666666667
315,299,18,-0.015471698113207547,1.3866666666666667
316,299,87,-0.015094339622641506,1.3866666666666667
390,299,99,0.012830188679245291,1.3866666666666667
391,299,6,0.013207547169811332,1.3866666666666667
392,299,160,0.013584905660377358,1.3866666666666667
513,299,47,0.059245283018867945,1.3866666666666667
514,299,106,0.05962264150943397,1.3866666666666667
177,300,127,-0.06754716981132075,1.3333333333333321
178,300,15,-0.06716981132075472,1.3333333333333321
315,300,123,-0.015471698113207547,1.3333333333333321
316,300,45,-0.015094339622641506,1.3333333333333321
317,300,56,-0.014716981132075466,1.3333333333333321
318,300,146,-0.014339622641509425,1.3333333333333321
389,300,97,0.01245283018867925,1.3333333333333321
390,300,36,0.012830188679245291,1.3333333333333321
391,300,110,0.013207547169811332,1.3333333333333321
513,300,60,0.059245283018867945,1.3333333333333321
514,300,77,0.05962264150943397,1.3333333333333321
177,301,82,-0.06754716981132075,1.2799999999999994
178,301,47,-0.06716981132075472,1.2799999999999994
316,301,124,-0.015094339622641506,1.2799999999999994
317,301,51,-0.014716981132075466,1.2799999999999994
318,301,41,-0.014339622641509425,1.2799999999999994
319,301,96,-0.013962264150943399,1.2799999999999994
388,301,97,0.01207547169811321,1.2799999999999994
389,301,58,0.01245283018867925,1.2799999999999994
390,301,111,0.012830188679245291,1.2799999999999994
513,301,95,0.059245283018867945,1.2799999999999994
514,301,66,0.05962264150943397,1.2799999999999994
515,301,150,0.06,1.2799999999999994
177,302,36,-0.06754716981132075,1.2266666666666666
178,302,88,-0.06716981132075472,1.2266666666666666
317,302,156,-0.014716981132075466,1.2266666666666666
318,302,93,-0.014339622641509425,1.2266666666666666
319,302,36,-0.013962264150943399,1.2266666666666666
320,302,63,-0.013584905660377358,1.2266666666666666
387,302,97,0.01169811320754717,1.2266666666666666
388,302,45,0.01207547169811321,1.2266666666666666
389,302,91,0.01245283018867925,1.2266666666666666
513,302,111,0.059245283018867945,1.2266666666666666
514,302,45,0.05962264150943397,1.2266666666666666
515,302,117,0.06,1.2266666666666666
177,303,9,-0.06754716981132075,1.173333333333332
178,303,130,-0.06716981132075472,1.173333333333332
319,303,110,-0.013962264150943399,1.173333333333332
320,303,41,-0.013584905660377358,1.173333333333332
321,303,77,-0.013207547169811318,1.173333333333332
386,303,95,0.011320754716981143,1.173333333333332
387,303,51,0.01169811320754717,1.173333333333332
388,303,85,0.01207547169811321,1.173333333333332
513,303,140,0.059245283018867945,1.173333333333332
514,303,44,0.05962264150943397,1.173333333333332
515,303,90,0.06,1.173333333333332
176,304,96,-0.0679245283018868,1.1199999999999992
177,304,12,-0.06754716981132075,1.1199999999999992
320,304,146,-0.013584905660377358,1.1199999999999992
321,304,43,-0.013207547169811318,1.1199999999999992
322,304,73,-0.012830188679245277,1.1199999999999992
323,304,157,-0.012452830188679237,1.1199999999999992
384,304,135,0.010566037735849063,1.1199999999999992
385,304,58,0.010943396226415103,1.1199999999999992
386,304,26,0.011320754716981143,1.1199999999999992
387,304,113,0.01169811320754717,1.1199999999999992
514,304,82,0.05962264150943397,1.1199999999999992
515,304,73,0.06,1.1199999999999992
176,305,96,-0.0679245283018868,1.0666666666666664
177,305,15,-0.06754716981132075,1.0666666666666664
321,305,147,-0.013207547169811318,1.0666666666666664
322,305,51,-0.012830188679245277,1.0666666666666664
323,305,9,-0.012452830188679237,1.0666666666666664
324,305,41,-0.01207547169811321,1.0666666666666664
325,305,141,-0.01169811320754717,1.0666666666666664
383,305,75,0.010188679245283022,1.0666666666666664
384,305,25,0.010566037735849063,1.0666666666666664
385,305,75,0.010943396226415103,1.0666666666666664
514,305,82,0.05962264150943397,1.0666666666666664
515,305,73,0.06,1.0666666666666664
175,306,157,-0.06830188679245283,1.0133333333333319
176,306,46,-0.0679245283018868,1.0133333333333319
177,306,107,-0.06754716981132075,1.0133333333333319
323,306,104,-0.012452830188679237,1.0133333333333319
324,306,43,-0.01207547169811321,1.0133333333333319
325,306,36,-0.01169811320754717,1.0133333333333319
326,306,141,-0.01132075471698113,1.0133333333333319
327,306,157,-0.01094339622641509,1.0133333333333319
381,306,131,0.009433962264150941,1.0133333333333319
382,306,56,0.009811320754716982,1.0133333333333319
383,306,38,0.010188679245283022,1.0133333333333319
384,306,95,0.010566037735849063,1.0133333333333319
514,306,102,0.05962264150943397,1.0133333333333319
515,306,54,0.06,1.0133333333333319
175,307,145,-0.06830188679245283,0.9599999999999991
176,307,31,-0.0679245283018868,0.9599999999999991
177,307,136,-0.06754716981132075,0.9599999999999991
324,307,150,-0.01207547169811321,0.9599999999999991
325,307,73,-0.01169811320754717,0.9599999999999991
326,307,55,-0.01132075471698113,0.9599999999999991
327,307,53,-0.01094339622641509,0.9599999999999991
328,307,117,-0.010566037735849049,0.9599999999999991
380,307,140,0.009056603773584915,0.9599999999999991
381,307,44,0.009433962264150941,0.9599999999999991
382,307,57,0.009811320754716982,0.9599999999999991
383,307,122,0.010188679245283022,0.9599999999999991
514,307,130,0.05962264150943397,0.9599999999999991
515,307,57,0.06,0.9599999999999991
516,307,123,0.06037735849056605,0.9599999999999991
175,308,115,-0.06830188679245283,0.9066666666666663
176,308,43,-0.0679245283018868,0.9066666666666663
326,308,111,-0.01132075471698113,0.9066666666666663
327,308,66,-0.01094339622641509,0.9066666666666663
328,308,63,-0.010566037735849049,0.9066666666666663
329,308,76,-0.010188679245283022,0.9066666666666663
330,308,94,-0.009811320754716982,0.9066666666666663
379,308,103,0.008679245283018874,0.9066666666666663
380,308,63,0.009056603773584915,0.9066666666666663
381,308,74,0.009433962264150941,0.9066666666666663
382,308,144,0.009811320754716982,0.9066666666666663
514,308,146,0.05962264150943397,0.9066666666666663
515,308,64,0.06,0.9066666666666663
516,308,103,0.06037735849056605,0.9066666666666663
175,309,72,-0.06830188679245283,0.8533333333333335
176,309,63,-0.0679245283018868,0.8533333333333335
328,309,104,-0.010566037735849049,0.8533333333333335
329,309,47,-0.010188679245283022,0.8533333333333335
330,309,38,-0.009811320754716982,0.8533333333333335
331,309,96,-0.009433962264150941,0.8533333333333335
377,309,147,0.007924528301886793,0.8533333333333335
378,309,71,0.008301886792452834,0.8533333333333335
379,309,44,0.008679245283018874,0.8533333333333335
380,309,107,0.009056603773584915,0.8533333333333335
515,309,75,0.06,0.8533333333333335
516,309,91,0.06037735849056605,0.8533333333333335
175,310,71,-0.06830188679245283,0.7999999999999989
176,310,66,-0.0679245283018868,0.7999999999999989
330,310,114,-0.009811320754716982,0.7999999999999989
331,310,14,-0.009433962264150941,0.7999999999999989
332,310,6,-0.009056603773584901,0.7999999999999989
333,310,74,-0.00867924528301886,0.7999999999999989
376,310,106,0.007547169811320753,0.7999999999999989
377,310,28,0.007924528301886793,0.7999999999999989
378,310,54,0.008301886792452834,0.7999999999999989
379,310,157,0.008679245283018874,0.7999999999999989
515,310,117,0.06,0.7999999999999989
516,310,51,0.06037735849056605,0.7999999999999989
174,311,109,-0.06867924528301887,0.7466666666666661
175,311,57,-0.06830188679245283,0.7466666666666661
176,311,145,-0.0679245283018868,0.7466666666666661
332,311,133,-0.009056603773584901,0.7466666666666661
333,311,54,-0.00867924528301886,0.7466666666666661
334,311,25,-0.008301886792452834,0.7466666666666661
335,311,60,-0.007924528301886793,0.7466666666666661
336,311,150,-0.007547169811320753,0.7466666666666661
375,311,46,0.0071698113207547265,0.7466666666666661
376,311,15,0.007547169811320753,0.7466666666666661
377,311,65,0.007924528301886793,0.7466666666666661
378,311,159,0.008301886792452834,0.7466666666666661
515,311,117,0.06,0.7466666666666661
516,311,40,0.06037735849056605,0.7466666666666661
174,312,81,-0.06867924528301887,0.6933333333333334
175,312,55,-0.06830188679245283,0.6933333333333334
176,312,159,-0.0679245283018868,0.6933333333333334
334,312,137,-0.008301886792452834,0.6933333333333334
335,312,75,-0.007924528301886793,0.6933333333333334
336,312,43,-0.007547169811320753,0.6933333333333334
337,312,76,-0.007169811320754713,0.6933333333333334
338,312,141,-0.006792452830188672,0.6933333333333334
373,312,135,0.006415094339622646,0.6933333333333334
374,312,58,0.006792452830188686,0.6933333333333334
375,312,43,0.0071698113207547265,0.6933333333333334
376,312,107,0.007547169811320753,0.6933333333333334
515,312,143,0.06,0.6933333333333334
516,312,30,0.06037735849056605,0.6933333333333334
517,312,149,0.06075471698113208,0.6933333333333334
174,313,61,-0.06867924528301887,0.6399999999999988
175,313,81,-0.06830188679245283,0.6399999999999988
336,313,123,-0.007547169811320753,0.6399999999999988
337,313,71,-0.007169811320754713,0.6399999999999988
338,313,63,-0.006792452830188672,0.6399999999999988
339,313,96,-0.006415094339622632,0.6399999999999988
340,313,148,-0.006037735849056605,0.6399999999999988
371,313,138,0.005660377358490565,0.6399999999999988
372,313,97,0.006037735849056605,0.6399999999999988
373,313,63,0.006415094339622646,0.6399999999999988
374,313,74,0.006792452830188686,0.6399999999999988
375,313,151,0.0071698113207547265,0.6399999999999988
516,313,44,0.06037735849056605,0.6399999999999988
517,313,99,0.06075471698113208,0.6399999999999988
173,314,137,-0.06905660377358491,0.586666666666666
174,314,53,-0.06867924528301887,0.586666666666666
175,314,120,-0.06830188679245283,0.586666666666666
338,314,107,-0.006792452830188672,0.586666666666666
339,314,60,-0.006415094339622632,0.586666666666666
340,314,55,-0.006037735849056605,0.586666666666666
341,314,87,-0.005660377358490565,0.586666666666666
342,314,87,-0.005283018867924524,0.586666666666666
343,314,120,-0.004905660377358484,0.586666666666666
344,314,156,-0.0045283018867924435,0.586666666666666
367,314,156,0.004150943396226417,0.586666666666666
368,314,121,0.004528301886792457,0.586666666666666
369,314,86,0.004905660377358498,0.586666666666666
370,314,67,0.005283018867924538,0.586666666666666
371,314,34,0.005660377358490565,0.586666666666666
372,314,39,0.006037735849056605,0.586666666666666
373,314,92,0.006415094339622646,0.586666666666666
516,314,64,0.06037735849056605,0.586666666666666
517,314,68,0.06075471698113208,0.586666666666666
173,315,96,-0.06905660377358491,0.5333333333333332
174,315,65,-0.06867924528301887,0.5333333333333332
175,315,150,-0.06830188679245283,0.5333333333333332
340,315,108,-0.006037735849056605,0.5333333333333332
341,315,34,-0.005660377358490565,0.5333333333333332
342,315,34,-0.005283018867924524,0.5333333333333332
343,315,20,-0.004905660377358484,0.5333333333333332
344,315,17,-0.0045283018867924435,0.5333333333333332
345,315,36,-0.004150943396226417,0.5333333333333332
346,315,74,-0.0037735849056603765,0.5333333333333332
347,315,110,-0.003396226415094336,0.5333333333333332
348,315,110,-0.0030188679245282957,0.5333333333333332
349,315,147,-0.0026415094339622552,0.5333333333333332
363,315,151,0.002641509433962269,0.5333333333333332
364,315,61,0.0030188679245283095,0.5333333333333332
365,315,61,0.00339622641509435,0.5333333333333332
366,315,36,0.0037735849056603765,0.5333333333333332
367,315,20,0.004150943396226417,0.5333333333333332
368,315,27,0.004528301886792457,0.5333333333333332
369,315,35,0.004905660377358498,0.5333333333333332
370,315,81,0.005283018867924538,0.5333333333333332
371,315,89,0.005660377358490565,0.5333333333333332
372,315,142,0.006037735849056605,0.5333333333333332
516,315,68,0.06037735849056605,0.5333333333333332
517,315,59,0.06075471698113208,0.5333333333333332
173,316,54,-0.06905660377358491,0.47999999999999865
174,316,77,-0.06867924528301887,0.47999999999999865
343,316,148,-0.004905660377358484,0.47999999999999865
344,316,122,-0.0045283018867924435,0.47999999999999865
345,316,97,-0.004150943396226417,0.47999999999999865
346,316,50,-0.0037735849056603765,0.47999999999999865
347,316,5,-0.003396226415094336,0.47999999999999865
348,316,5,-0.0030188679245282957,0.47999999999999865
349,316,7,-0.0026415094339622552,0.47999999999999865
350,316,10,-0.0022641509433962287,0.47999999999999865
351,316,30,-0.0018867924528301883,0.47999999999999865
352,316,80,-0.0015094339622641478,0.47999999999999865
353,316,130,-0.0011320754716981074,0.47999999999999865
354,316,133,-0.000754716981132067,0.47999999999999865
358,316,131,0.0007547169811320809,0.47999999999999865
359,316,81,0.0011320754716981213,0.47999999999999865
360,316,31,0.0015094339622641617,0.47999999999999865
361,316,10,0.0018867924528301883,0.47999999999999865
362,316,8,0.0022641509433962287,0.47999999999999865
363,316,8,0.002641509433962269,0.47999999999999865
364,316,3,0.0030188679245283095,0.47999999999999865
365,316,48,0.00339622641509435,0.47999999999999865
366,316,96,0.0037735849056603765,0.47999999999999865
367,316,144,0.004150943396226417,0.47999999999999865
516,316,99,0.06037735849056605,0.47999999999999865
517,316,7,0.06075471698113208,0.47999999999999865
172,317,158,-0.06943396226415094,0.42666666666666586
173,317,31,-0.06905660377358491,0.42666666666666586
174,317,108,-0.06867924528301887,0.42666666666666586
349,317,129,-0.0026415094339622552,0.42666666666666586
350,317,98,-0.0022641509433962287,0.42666666666666586
351,317,87,-0.0018867924528301883,0.42666666666666586
352,317,58,-0.0015094339622641478,0.42666666666666586
353,317,30,-0.0011320754716981074,0.42666666666666586
354,317,29,-0.000754716981132067,0.42666666666666586
355,317,37,-0.00037735849056604043,0.42666666666666586
356,317,43,0.0,0.42666666666666586
357,317,40,0.00037735849056604043,0.42666666666666586
358,317,30,0.0007547169811320809,0.42666666666666586
359,317,58,0.0011320754716981213,0.42666666666666586
360,317,54,0.0015094339622641617,0.42666666666666586
361,317,97,0.0018867924528301883,0.42666666666666586
362,317,147,0.0022641509433962287,0.42666666666666586
363,317,152,0.002641509433962269,0.42666666666666586
516,317,139,0.06037735849056605,0.42666666666666586
517,317,4,0.06075471698113208,0.42666666666666586
172,318,130,-0.06943396226415094,0.3733333333333331
173,318,26,-0.06905660377358491,0.3733333333333331
174,318,140,-0.06867924528301887,0.3733333333333331
353,318,151,-0.0011320754716981074,0.3733333333333331
354,318,150,-0.000754716981132067,0.3733333333333331
355,318,128,-0.00037735849056604043,0.3733333333333331
356,318,112,0.0,0.3733333333333331
357,318,121,0.00037735849056604043,0.3733333333333331
358,318,151,0.0007547169811320809,0.3733333333333331
517,318,4,0.06075471698113208,0.3733333333333331
518,318,160,0.06113207547169813,0.3733333333333331
172,319,78,-0.06943396226415094,0.3199999999999985
173,319,56,-0.06905660377358491,0.3199999999999985
517,319,3,0.06075471698113208,0.3199999999999985
518,319,138,0.06113207547169813,0.3199999999999985
172,320,4,-0.06943396226415094,0.2666666666666657
173,320,101,-0.06905660377358491,0.2666666666666657
517,320,16,0.06075471698113208,0.2666666666666657
518,320,97,0.06113207547169813,0.2666666666666657
171,321,157,-0.06981132075471698,0.21333333333333293
172,321,3,-0.06943396226415094,0.21333333333333293
173,321,105,-0.06905660377358491,0.21333333333333293
517,321,64,0.06075471698113208,0.21333333333333293
518,321,64,0.06113207547169813,0.21333333333333293
171,322,114,-0.06981132075471698,0.15999999999999837
172,322,2,-0.06943396226415094,0.15999999999999837
517,322,64,0.06075471698113208,0.15999999999999837
518,322,64,0.06113207547169813,0.15999999999999837
171,323,77,-0.06981132075471698,0.10666666666666558
172,323,44,-0.06943396226415094,0.10666666666666558
517,323,105,0.06075471698113208,0.10666666666666558
518,323,33,0.06113207547169813,0.10666666666666558
170,324,153,-0.07018867924528302,0.05333333333333279
171,324,70,-0.06981132075471698,0.05333333333333279
172,324,70,-0.06943396226415094,0.05333333333333279
517,324,155,0.06075471698113208,0.05333333333333279
518,324,25,0.06113207547169813,0.05333333333333279
519,324,145,0.06150943396226416,0.05333333333333279
170,325,101,-0.07018867924528302,0.0
171,325,67,-0.06981132075471698,0.0
172,325,100,-0.06943396226415094,0.0
173,325,151,-0.06905660377358491,0.0
518,325,30,0.06113207547169813,0.0
519,325,125,0.06150943396226416,0.0
170,326,69,-0.07018867924528302,-0.053333333333334565
171,326,45,-0.06981132075471698,-0.053333333333334565
518,326,31,0.06113207547169813,-0.053333333333334565
519,326,125,0.06150943396226416,-0.053333333333334565
170,327,83,-0.07018867924528302,-0.10666666666666735
171,327,40,-0.06981132075471698,-0.10666666666666735
518,327,39,0.06113207547169813,-0.10666666666666735
519,327,125,0.06150943396226416,-0.10666666666666735
169,328,135,-0.07056603773584906,-0.16000000000000014
170,328,52,-0.07018867924528302,-0.16000000000000014
171,328,123,-0.06981132075471698,-0.16000000000000014
518,328,40,0.06113207547169813,-0.16000000000000014
519,328,60,0.06150943396226416,-0.16000000000000014
169,329,102,-0.07056603773584906,-0.2133333333333347
170,329,43,-0.07018867924528302,-0.2133333333333347
171,329,148,-0.06981132075471698,-0.2133333333333347
518,329,72,0.06113207547169813,-0.2133333333333347
519,329,55,0.06150943396226416,-0.2133333333333347
520,329,154,0.061886792452830186,-0.2133333333333347
169,330,77,-0.07056603773584906,-0.2666666666666675
170,330,61,-0.07018867924528302,-0.2666666666666675
518,330,94,0.06113207547169813,-0.2666666666666675
519,330,64,0.06150943396226416,-0.2666666666666675
520,330,154,0.061886792452830186,-0.2666666666666675
168,331,154,-0.0709433962264151,-0.3200000000000003
169,331,60,-0.07056603773584906,-0.3200000000000003
170,331,96,-0.07018867924528302,-0.3200000000000003
518,331,106,0.06113207547169813,-0.3200000000000003
519,331,59,0.06150943396226416,-0.3200000000000003
520,331,146,0.061886792452830186,-0.3200000000000003
168,332,116,-0.0709433962264151,-0.37333333333333485
169,332,64,-0.07056603773584906,-0.37333333333333485
170,332,131,-0.07018867924528302,-0.37333333333333485
518,332,150,0.06113207547169813,-0.37333333333333485
519,332,44,0.06150943396226416,-0.37333333333333485
520,332,118,0.061886792452830186,-0.37333333333333485
168,333,79,-0.0709433962264151,-0.42666666666666764
169,333,66,-0.07056603773584906,-0.42666666666666764
519,333,62,0.06150943396226416,-0.42666666666666764
520,333,93,0.061886792452830186,-0.42666666666666764
168,334,48,-0.0709433962264151,-0.4800000000000004
169,334,89,-0.07056603773584906,-0.4800000000000004
519,334,65,0.06150943396226416,-0.4800000000000004
520,334,90,0.061886792452830186,-0.4800000000000004
167,335,141,-0.07132075471698113,-0.533333333333335
168,335,37,-0.0709433962264151,-0.533333333333335
169,335,117,-0.07056603773584906,-0.533333333333335
519,335,76,0.06150943396226416,-0.533333333333335
520,335,74,0.061886792452830186,-0.533333333333335
167,336,103,-0.07132075471698113,-0.5866666666666678
168,336,54,-0.0709433962264151,-0.5866666666666678
169,336,153,-0.07056603773584906,-0.5866666666666678
519,336,87,0.06150943396226416,-0.5866666666666678
520,336,50,0.061886792452830186,-0.5866666666666678
521,336,149,0.06226415094339624,-0.5866666666666678
167,337,27,-0.07132075471698113,-0.6400000000000006
168,337,90,-0.0709433962264151,-0.6400000000000006
519,337,93,0.06150943396226416,-0.6400000000000006
520,337,34,0.061886792452830186,-0.6400000000000006
521,337,119,0.06226415094339624,-0.6400000000000006
167,338,27,-0.07132075471698113,-0.6933333333333334
168,338,90,-0.0709433962264151,-0.6933333333333334
519,338,127,0.06150943396226416,-0.6933333333333334
520,338,62,0.061886792452830186,-0.6933333333333334
521,338,119,0.06226415094339624,-0.6933333333333334
166,339,143,-0.07169811320754717,-0.7466666666666679
167,339,16,-0.07132075471698113,-0.7466666666666679
168,339,160,-0.0709433962264151,-0.7466666666666679
519,339,129,0.06150943396226416,-0.7466666666666679
520,339,64,0.061886792452830186,-0.7466666666666679
521,339,119,0.06226415094339624,-0.7466666666666679
166,340,118,-0.07169811320754717,-0.8000000000000007
167,340,14,-0.07132075471698113,-0.8000000000000007
519,340,154,0.06150943396226416,-0.8000000000000007
520,340,65,0.061886792452830186,-0.8000000000000007
521,340,91,0.06226415094339624,-0.8000000000000007
166,341,72,-0.07169811320754717,-0.8533333333333335
167,341,55,-0.07132075471698113,-0.8533333333333335
520,341,80,0.061886792452830186,-0.8533333333333335
521,341,66,0.06226415094339624,-0.8533333333333335
166,342,9,-0.07169811320754717,-0.9066666666666681
167,342,113,-0.07132075471698113,-0.9066666666666681
520,342,100,0.061886792452830186,-0.9066666666666681
521,342,55,0.06226415094339624,-0.9066666666666681
165,343,139,-0.07207547169811321,-0.9600000000000009
166,343,9,-0.07169811320754717,-0.9600000000000009
167,343,119,-0.07132075471698113,-0.9600000000000009
520,343,101,0.061886792452830186,-0.9600000000000009
521,343,53,0.06226415094339624,-0.9600000000000009
165,344,100,-0.07207547169811321,-1.0133333333333336
166,344,16,-0.07169811320754717,-1.0133333333333336
520,344,129,0.061886792452830186,-1.0133333333333336
521,344,39,0.06226415094339624,-1.0133333333333336
522,344,148,0.06264150943396227,-1.0133333333333336
165,345,73,-0.07207547169811321,-1.0666666666666682
166,345,59,-0.07169811320754717,-1.0666666666666682
520,345,134,0.061886792452830186,-1.0666666666666682
521,345,23,0.06226415094339624,-1.0666666666666682
522,345,101,0.06264150943396227,-1.0666666666666682
164,346,156,-0.07245283018867925,-1.120000000000001
165,346,47,-0.07207547169811321,-1.120000000000001
166,346,107,-0.07169811320754717,-1.120000000000001
520,346,149,0.061886792452830186,-1.120000000000001
521,346,41,0.06226415094339624,-1.120000000000001
522,346,84,0.06264150943396227,-1.120000000000001
164,347,119,-0.07245283018867925,-1.1733333333333338
165,347,37,-0.07207547169811321,-1.1733333333333338
166,347,156,-0.07169811320754717,-1.1733333333333338
521,347,64,0.06226415094339624,-1.1733333333333338
522,347,84,0.06264150943396227,-1.1733333333333338
164,348,71,-0.07245283018867925,-1.2266666666666683
165,348,50,-0.07207547169811321,-1.2266666666666683
521,348,67,0.06226415094339624,-1.2266666666666683
522,348,75,0.06264150943396227,-1.2266666666666683
164,349,71,-0.07245283018867925,-1.2800000000000011
165,349,64,-0.07207547169811321,-1.2800000000000011
521,349,89,0.06226415094339624,-1.2800000000000011
522,349,28,0.06264150943396227,-1.2800000000000011
163,350,112,-0.07283018867924529,-1.333333333333334
164,350,59,-0.07245283018867925,-1.333333333333334
165,350,139,-0.07207547169811321,-1.333333333333334
521,350,125,0.06226415094339624,-1.333333333333334
522,350,21,0.06264150943396227,-1.333333333333334
163,351,81,-0.07283018867924529,-1.3866666666666667
164,351,56,-0.07245283018867925,-1.3866666666666667
165,351,160,-0.07207547169811321,-1.3866666666666667
521,351,135,0.06226415094339624,-1.3866666666666667
522,351,20,0.06264150943396227,-1.3866666666666667
163,352,61,-0.07283018867924529,-1.4400000000000013
164,352,79,-0.07245283018867925,-1.4400000000000013
521,352,154,0.06226415094339624,-1.4400000000000013
522,352,17,0.06264150943396227,-1.4400000000000013
523,352,151,0.06301886792452832,-1.4400000000000013
162,353,140,-0.07320754716981132,-1.493333333333334
163,353,51,-0.07283018867924529,-1.493333333333334
164,353,119,-0.07245283018867925,-1.493333333333334
522,353,12,0.06264150943396227,-1.493333333333334
523,353,103,0.06301886792452832,-1.493333333333334
162,354,97,-0.07320754716981132,-1.5466666666666669
163,354,64,-0.07283018867924529,-1.5466666666666669
164,354,149,-0.07245283018867925,-1.5466666666666669
522,354,10,0.06264150943396227,-1.5466666666666669
523,354,59,0.06301886792452832,-1.5466666666666669
162,355,55,-0.07320754716981132,-1.6000000000000014
163,355,77,-0.07283018867924529,-1.6000000000000014
522,355,57,0.06264150943396227,-1.6000000000000014
523,355,63,0.06301886792452832,-1.6000000000000014
162,356,40,-0.07320754716981132,-1.6533333333333342
163,356,79,-0.07283018867924529,-1.6533333333333342
522,356,58,0.06264150943396227,-1.6533333333333342
523,356,21,0.06301886792452832,-1.6533333333333342
161,357,158,-0.07358490566037737,-1.706666666666667
162,357,30,-0.07320754716981132,-1.706666666666667
163,357,99,-0.07283018867924529,-1.706666666666667
522,357,85,0.06264150943396227,-1.706666666666667
523,357,6,0.06301886792452832,-1.706666666666667
161,358,129,-0.07358490566037737,-1.7600000000000016
162,358,25,-0.07320754716981132,-1.7600000000000016
163,358,131,-0.07283018867924529,-1.7600000000000016
522,358,132,0.06264150943396227,-1.7600000000000016
523,358,10,0.06301886792452832,-1.7600000000000016
161,359,119,-0.07358490566037737,-1.8133333333333344
162,359,31,-0.07320754716981132,-1.8133333333333344
523,359,13,0.06301886792452832,-1.8133333333333344
524,359,142,0.06339622641509435,-1.8133333333333344
161,360,67,-0.07358490566037737,-1.8666666666666671
162,360,63,-0.07320754716981132,-1.8666666666666671
523,360,13,0.06301886792452832,-1.8666666666666671
524,360,142,0.06339622641509435,-1.8666666666666671
161,361,15,-0.07358490566037737,-1.9200000000000017
162,361,94,-0.07320754716981132,-1.9200000000000017
523,361,16,0.06301886792452832,-1.9200000000000017
524,361,104,0.06339622641509435,-1.9200000000000017
161,362,2,-0.07358490566037737,-1.9733333333333345
162,362,102,-0.07320754716981132,-1.9733333333333345
523,362,54,0.06301886792452832,-1.9733333333333345
524,362,75,0.06339622641509435,-1.9733333333333345
160,363,135,-0.0739622641509434,-2.0266666666666673
161,363,1,-0.07358490566037737,-2.0266666666666673
162,363,146,-0.07320754716981132,-2.0266666666666673
523,363,77,0.06301886792452832,-2.0266666666666673
524,363,64,0.06339622641509435,-2.0266666666666673
160,364,106,-0.0739622641509434,-2.08
161,364,1,-0.07358490566037737,-2.08
523,364,77,0.06301886792452832,-2.08
524,364,51,0.06339622641509435,-2.08
160,365,100,-0.0739622641509434,-2.1333333333333346
161,365,9,-0.07358490566037737,-2.1333333333333346
523,365,81,0.06301886792452832,-2.1333333333333346
524,365,17,0.06339622641509435,-2.1333333333333346
525,365,143,0.06377358490566037,-2.1333333333333346
160,366,30,-0.0739622641509434,-2.1866666666666674
161,366,112,-0.07358490566037737,-2.1866666666666674
523,366,130,0.06301886792452832,-2.1866666666666674
524,366,30,0.06339622641509435,-2.1866666666666674
525,366,143,0.06377358490566037,-2.1866666666666674
160,367,21,-0.0739622641509434,-2.24
161,367,126,-0.07358490566037737,-2.24
524,367,43,0.06339622641509435,-2.24
525,367,117,0.06377358490566037,-2.24
159,368,121,-0.07433962264150944,-2.293333333333335
160,368,26,-0.0739622641509434,-2.293333333333335
161,368,158,-0.07358490566037737,-2.293333333333335
524,368,48,0.06339622641509435,-2.293333333333335
525,368,107,0.06377358490566037,-2.293333333333335
159,369,83,-0.07433962264150944,-2.3466666666666676
160,369,35,-0.0739622641509434,-2.3466666666666676
524,369,53,0.06339622641509435,-2.3466666666666676
525,369,94,0.06377358490566037,-2.3466666666666676
159,370,79,-0.07433962264150944,-2.4000000000000004
160,370,50,-0.0739622641509434,-2.4000000000000004
524,370,72,0.06339622641509435,-2.4000000000000004
525,370,69,0.06377358490566037,-2.4000000000000004
158,371,153,-0.07471698113207548,-2.453333333333335
159,371,64,-0.07433962264150944,-2.453333333333335
160,371,95,-0.0739622641509434,-2.453333333333335
524,371,111,0.06339622641509435,-2.453333333333335
525,371,64,0.06377358490566037,-2.453333333333335
526,371,136,0.06415094339622643,-2.453333333333335
158,372,125,-0.07471698113207548,-2.5066666666666677
159,372,47,-0.07433962264150944,-2.5066666666666677
160,372,138,-0.0739622641509434,-2.5066666666666677
524,372,112,0.06339622641509435,-2.5066666666666677
525,372,64,0.06377358490566037,-2.5066666666666677
526,372,136,0.06415094339622643,-2.5066666666666677
158,373,100,-0.07471698113207548,-2.5600000000000005
159,373,44,-0.07433962264150944,-2.5600000000000005
160,373,149,-0.0739622641509434,-2.5600000000000005
524,373,112,0.06339622641509435,-2.5600000000000005
525,373,41,0.06377358490566037,-2.5600000000000005
526,373,111,0.06415094339622643,-2.5600000000000005
158,374,75,-0.07471698113207548,-2.613333333333335
159,374,53,-0.07433962264150944,-2.613333333333335
524,374,133,0.06339622641509435,-2.613333333333335
525,374,40,0.06377358490566037,-2.613333333333335
526,374,96,0.06415094339622643,-2.613333333333335
158,375,59,-0.07471698113207548,-2.666666666666668
159,375,71,-0.07433962264150944,-2.666666666666668
525,375,62,0.06377358490566037,-2.666666666666668
526,375,89,0.06415094339622643,-2.666666666666668
157,376,160,-0.07509433962264152,-2.7200000000000006
158,376,59,-0.07471698113207548,-2.7200000000000006
159,376,92,-0.07433962264150944,-2.7200000000000006
525,376,83,0.06377358490566037,-2.7200000000000006
526,376,72,0.06415094339622643,-2.7200000000000006
157,377,122,-0.07509433962264152,-2.7733333333333334
158,377,63,-0.07471698113207548,-2.7733333333333334
159,377,125,-0.07433962264150944,-2.7733333333333334
525,377,83,0.06377358490566037,-2.7733333333333334
526,377,72,0.06415094339622643,-2.7733333333333334
157,378,85,-0.07509433962264152,-2.826666666666668
158,378,66,-0.07471698113207548,-2.826666666666668
159,378,159,-0.07433962264150944,-2.826666666666668
525,378,102,0.06377358490566037,-2.826666666666668
526,378,54,0.06415094339622643,-2.826666666666668
157,379,62,-0.07509433962264152,-2.880000000000001
158,379,68,-0.07471698113207548,-2.880000000000001
525,379,130,0.06377358490566037,-2.880000000000001
526,379,56,0.06415094339622643,-2.880000000000001
527,379,125,0.06452830188679246,-2.880000000000001
157,380,47,-0.07509433962264152,-2.9333333333333336
158,380,91,-0.07471698113207548,-2.9333333333333336
525,380,147,0.06377358490566037,-2.9333333333333336
526,380,64,0.06415094339622643,-2.9333333333333336
527,380,101,0.06452830188679246,-2.9333333333333336
156,381,140,-0.07547169811320756,-2.986666666666668
157,381,36,-0.07509433962264152,-2.986666666666668
158,381,135,-0.07471698113207548,-2.986666666666668
525,381,147,0.06377358490566037,-2.986666666666668
526,381,59,0.06415094339622643,-2.986666666666668
527,381,92,0.06452830188679246,-2.986666666666668
156,382,140,-0.07547169811320756,-3.040000000000001
157,382,36,-0.07509433962264152,-3.040000000000001
158,382,135,-0.07471698113207548,-3.040000000000001
525,382,147,0.06377358490566037,-3.040000000000001
526,382,39,0.06415094339622643,-3.040000000000001
527,382,50,0.06452830188679246,-3.040000000000001
156,383,48,-0.07547169811320756,-3.0933333333333337
157,383,80,-0.07509433962264152,-3.0933333333333337
526,383,71,0.06415094339622643,-3.0933333333333337
527,383,50,0.06452830188679246,-3.0933333333333337
156,384,26,-0.07547169811320756,-3.1466666666666683
157,384,91,-0.07509433962264152,-3.1466666666666683
526,384,103,0.06415094339622643,-3.1466666666666683
527,384,41,0.06452830188679246,-3.1466666666666683
156,385,22,-0.07547169811320756,-3.200000000000001
157,385,110,-0.07509433962264152,-3.200000000000001
526,385,118,0.06415094339622643,-3.200000000000001
527,385,37,0.06452830188679246,-3.200000000000001
155,386,159,-0.07584905660377358,-3.253333333333334
156,386,17,-0.07547169811320756,-3.253333333333334
157,386,148,-0.07509433962264152,-3.253333333333334
526,386,128,0.06415094339622643,-3.253333333333334
527,386,33,0.06452830188679246,-3.253333333333334
155,387,112,-0.07584905660377358,-3.3066666666666684
156,387,17,-0.07547169811320756,-3.3066666666666684
526,387,159,0.06415094339622643,-3.3066666666666684
527,387,28,0.06452830188679246,-3.3066666666666684
528,387,123,0.06490566037735851,-3.3066666666666684
155,388,69,-0.07584905660377358,-3.360000000000001
156,388,58,-0.07547169811320756,-3.360000000000001
527,388,60,0.06452830188679246,-3.360000000000001
528,388,72,0.06490566037735851,-3.360000000000001
155,389,25,-0.07584905660377358,-3.413333333333334
156,389,99,-0.07547169811320756,-3.413333333333334
527,389,64,0.06452830188679246,-3.413333333333334
528,389,66,0.06490566037735851,-3.413333333333334
155,390,10,-0.07584905660377358,-3.466666666666667
156,390,114,-0.07547169811320756,-3.466666666666667
527,390,84,0.06452830188679246,-3.466666666666667
528,390,32,0.06490566037735851,-3.466666666666667
154,391,153,-0.07622641509433963,-3.5200000000000014
155,391,11,-0.07584905660377358,-3.5200000000000014
156,391,134,-0.07547169811320756,-3.5200000000000014
527,391,120,0.06452830188679246,-3.5200000000000014
528,391,3,0.06490566037735851,-3.5200000000000014
154,392,94,-0.07622641509433963,-3.573333333333334
155,392,15,-0.07584905660377358,-3.573333333333334
527,392,153,0.06452830188679246,-3.573333333333334
528,392,2,0.06490566037735851,-3.573333333333334
154,393,94,-0.07622641509433963,-3.626666666666667
155,393,19,-0.07584905660377358,-3.626666666666667
527,393,153,0.06452830188679246,-3.626666666666667
528,393,2,0.06490566037735851,-3.626666666666667
529,393,158,0.06528301886792454,-3.626666666666667
154,394,69,-0.07622641509433963,-3.6800000000000015
155,394,67,-0.07584905660377358,-3.6800000000000015
527,394,153,0.06452830188679246,-3.6800000000000015
528,394,2,0.06490566037735851,-3.6800000000000015
529,394,158,0.06528301886792454,-3.6800000000000015
153,395,151,-0.07660377358490567,-3.7333333333333343
154,395,44,-0.07622641509433963,-3.7333333333333343
155,395,116,-0.07584905660377358,-3.7333333333333343
528,395,1,0.06490566037735851,-3.7333333333333343
529,395,125,0.06528301886792454,-3.7333333333333343
153,396,124,-0.07660377358490567,-3.786666666666667
154,396,33,-0.07622641509433963,-3.786666666666667
155,396,138,-0.07584905660377358,-3.786666666666667
528,396,29,0.06490566037735851,-3.786666666666667
529,396,87,0.06528301886792454,-3.786666666666667
153,397,95,-0.07660377358490567,-3.8400000000000016
154,397,42,-0.07622641509433963,-3.8400000000000016
528,397,64,0.06490566037735851,-3.8400000000000016
529,397,64,0.06528301886792454,-3.8400000000000016
153,398,71,-0.07660377358490567,-3.8933333333333344
154,398,67,-0.07622641509433963,-3.8933333333333344
528,398,69,0.06490566037735851,-3.8933333333333344
529,398,60,0.06528301886792454,-3.8933333333333344
153,399,71,-0.07660377358490567,-3.946666666666667
154,399,67,-0.07622641509433963,-3.946666666666667
528,399,120,0.06490566037735851,-3.946666666666667
529,399,25,0.06528301886792454,-3.946666666666667
152,400,116,-0.0769811320754717,-4.0
153,400,60,-0.07660377358490567,-4.0
154,400,135,-0.07622641509433963,-4.0
529,400,28,0.06528301886792454,-4.0
530,400,135,0.06566037735849056,-4.0
152,401,94,-0.0769811320754717,-4.053333333333335
153,401,56,-0.07660377358490567,-4.053333333333335
529,401,32,0.06528301886792454,-4.053333333333335
530,401,124,0.06566037735849056,-4.053333333333335
152,402,85,-0.0769811320754717,-4.106666666666669
153,402,66,-0.07660377358490567,-4.106666666666669
529,402,32,0.06528301886792454,-4.106666666666669
530,402,124,0.06566037735849056,-4.106666666666669
152,403,66,-0.0769811320754717,-4.16
153,403,90,-0.07660377358490567,-4.16
529,403,33,0.06528301886792454,-4.16
530,403,116,0.06566037735849056,-4.16
151,404,152,-0.07735849056603775,-4.213333333333335
152,404,47,-0.0769811320754717,-4.213333333333335
153,404,112,-0.07660377358490567,-4.213333333333335
529,404,41,0.06528301886792454,-4.213333333333335
530,404,83,0.06566037735849056,-4.213333333333335
151,405,109,-0.07735849056603775,-4.266666666666669
152,405,60,-0.0769811320754717,-4.266666666666669
153,405,142,-0.07660377358490567,-4.266666666666669
529,405,86,0.06528301886792454,-4.266666666666669
530,405,67,0.06566037735849056,-4.266666666666669
531,405,159,0.06603773584905662,-4.266666666666669
151,406,66,-0.07735849056603775,-4.32
152,406,74,-0.0769811320754717,-4.32
529,406,96,0.06528301886792454,-4.32
530,406,64,0.06566037735849056,-4.32
531,406,153,0.06603773584905662,-4.32
151,407,48,-0.07735849056603775,-4.373333333333335
152,407,80,-0.0769811320754717,-4.373333333333335
529,407,120,0.06528301886792454,-4.373333333333335
530,407,54,0.06566037735849056,-4.373333333333335
531,407,137,0.06603773584905662,-4.373333333333335
151,408,41,-0.07735849056603775,-4.426666666666669
152,408,90,-0.0769811320754717,-4.426666666666669
530,408,50,0.06566037735849056,-4.426666666666669
531,408,110,0.06603773584905662,-4.426666666666669
150,409,128,-0.07773584905660377,-4.48
151,409,24,-0.07735849056603775,-4.48
152,409,122,-0.0769811320754717,-4.48
530,409,66,0.06566037735849056,-4.48
531,409,89,0.06603773584905662,-4.48
150,410,128,-0.07773584905660377,-4.533333333333335
151,410,24,-0.07735849056603775,-4.533333333333335
152,410,156,-0.0769811320754717,-4.533333333333335
530,410,66,0.06566037735849056,-4.533333333333335
531,410,89,0.06603773584905662,-4.533333333333335
150,411,81,-0.07773584905660377,-4.586666666666666
151,411,53,-0.07735849056603775,-4.586666666666666
530,411,82,0.06566037735849056,-4.586666666666666
531,411,89,0.06603773584905662,-4.586666666666666
150,412,29,-0.07773584905660377,-4.640000000000001
151,412,85,-0.07735849056603775,-4.640000000000001
530,412,89,0.06566037735849056,-4.640000000000001
531,412,72,0.06603773584905662,-4.640000000000001
150,413,1,-0.07773584905660377,-4.693333333333335
151,413,103,-0.07735849056603775,-4.693333333333335
530,413,104,0.06566037735849056,-4.693333333333335
531,413,60,0.06603773584905662,-4.693333333333335
532,413,147,0.06641509433962264,-4.693333333333335
149,414,147,-0.07811320754716981,-4.746666666666666
150,414,0,-0.07773584905660377,-4.746666666666666
151,414,122,-0.07735849056603775,-4.746666666666666
530,414,130,0.06566037735849056,-4.746666666666666
531,414,64,0.06603773584905662,-4.746666666666666
532,414,118,0.06641509433962264,-4.746666666666666
149,415,105,-0.07811320754716981,-4.800000000000001
150,415,0,-0.07773584905660377,-4.800000000000001
530,415,130,0.06566037735849056,-4.800000000000001
531,415,64,0.06603773584905662,-4.800000000000001
532,415,117,0.06641509433962264,-4.800000000000001
149,416,105,-0.07811320754716981,-4.853333333333335
150,416,0,-0.07773584905660377,-4.853333333333335
531,416,67,0.06603773584905662,-4.853333333333335
532,416,80,0.06641509433962264,-4.853333333333335
149,417,85,-0.07811320754716981,-4.906666666666666
150,417,81,-0.07773584905660377,-4.906666666666666
531,417,89,0.06603773584905662,-4.906666666666666
532,417,60,0.06641509433962264,-4.906666666666666
149,418,50,-0.07811320754716981,-4.960000000000001
150,418,127,-0.07773584905660377,-4.960000000000001
531,418,101,0.06603773584905662,-4.960000000000001
532,418,54,0.06641509433962264,-4.960000000000001
148,419,151,-0.07849056603773585,-5.013333333333335
149,419,25,-0.07811320754716981,-5.013333333333335
150,419,144,-0.07773584905660377,-5.013333333333335
531,419,110,0.06603773584905662,-5.013333333333335
532,419,54,0.06641509433962264,-5.013333333333335
148,420,118,-0.07849056603773585,-5.066666666666666
149,420,34,-0.07811320754716981,-5.066666666666666
531,420,135,0.06603773584905662,-5.066666666666666
532,420,50,0.06641509433962264,-5.066666666666666
148,421,85,-0.07849056603773585,-5.120000000000001
149,421,43,-0.07811320754716981,-5.120000000000001
531,421,135,0.06603773584905662,-5.120000000000001
532,421,20,0.06641509433962264,-5.120000000000001
533,421,92,0.0667924528301887,-5.120000000000001
148,422,98,-0.07849056603773585,-5.173333333333336
149,422,83,-0.07811320754716981,-5.173333333333336
531,422,157,0.06603773584905662,-5.173333333333336
532,422,51,0.06641509433962264,-5.173333333333336
533,422,83,0.0667924528301887,-5.173333333333336
147,423,147,-0.0788679245283019,-5.226666666666667
148,423,71,-0.07849056603773585,-5.226666666666667
149,423,126,-0.07811320754716981,-5.226666666666667
532,423,64,0.06641509433962264,-5.226666666666667
533,423,83,0.0667924528301887,-5.226666666666667
147,424,117,-0.0788679245283019,-5.280000000000001
148,424,45,-0.07849056603773585,-5.280000000000001
149,424,150,-0.07811320754716981,-5.280000000000001
532,424,74,0.06641509433962264,-5.280000000000001
533,424,61,0.0667924528301887,-5.280000000000001
147,425,105,-0.0788679245283019,-5.333333333333336
148,425,49,-0.07849056603773585,-5.333333333333336
149,425,160,-0.07811320754716981,-5.333333333333336
532,425,99,0.06641509433962264,-5.333333333333336
533,425,24,0.0667924528301887,-5.333333333333336
147,426,58,-0.0788679245283019,-5.386666666666667
148,426,68,-0.07849056603773585,-5.386666666666667
532,426,136,0.06641509433962264,-5.386666666666667
533,426,19,0.0667924528301887,-5.386666666666667
147,427,58,-0.0788679245283019,-5.440000000000001
148,427,87,-0.07849056603773585,-5.440000000000001
532,427,136,0.06641509433962264,-5.440000000000001
533,427,19,0.0667924528301887,-5.440000000000001
146,428,132,-0.07924528301886793,-5.493333333333336
147,428,61,-0.0788679245283019,-5.493333333333336
148,428,117,-0.07849056603773585,-5.493333333333336
533,428,15,0.0667924528301887,-5.493333333333336
534,428,137,0.06716981132075472,-5.493333333333336
146,429,94,-0.07924528301886793,-5.546666666666667
147,429,66,-0.0788679245283019,-5.546666666666667
148,429,151,-0.07849056603773585,-5.546666666666667
533,429,13,0.0667924528301887,-5.546666666666667
534,429,117,0.06716981132075472,-5.546666666666667
146,430,70,-0.07924528301886793,-5.600000000000001
147,430,69,-0.0788679245283019,-5.600000000000001
533,430,27,0.0667924528301887,-5.600000000000001
534,430,101,0.06716981132075472,-5.600000000000001
146,431,68,-0.07924528301886793,-5.653333333333336
147,431,72,-0.0788679245283019,-5.653333333333336
533,431,64,0.0667924528301887,-5.653333333333336
534,431,64,0.06716981132075472,-5.653333333333336
146,432,53,-0.07924528301886793,-5.706666666666667
147,432,100,-0.0788679245283019,-5.706666666666667
533,432,64,0.0667924528301887,-5.706666666666667
534,432,64,0.06716981132075472,-5.706666666666667
145,433,154,-0.07962264150943396,-5.760000000000002
146,433,39,-0.07924528301886793,-5.760000000000002
147,433,128,-0.0788679245283019,-5.760000000000002
533,433,58,0.0667924528301887,-5.760000000000002
534,433,20,0.06716981132075472,-5.760000000000002
145,434,140,-0.07962264150943396,-5.813333333333336
146,434,35,-0.07924528301886793,-5.813333333333336
147,434,137,-0.0788679245283019,-5.813333333333336
533,434,89,0.0667924528301887,-5.813333333333336
534,434,7,0.06716981132075472,-5.813333333333336
145,435,117,-0.07962264150943396,-5.866666666666667
146,435,46,-0.07924528301886793,-5.866666666666667
147,435,148,-0.0788679245283019,-5.866666666666667
533,435,135,0.0667924528301887,-5.866666666666667
534,435,11,0.06716981132075472,-5.866666666666667
145,436,70,-0.07962264150943396,-5.920000000000002
146,436,69,-0.07924528301886793,-5.920000000000002
534,436,15,0.06716981132075472,-5.920000000000002
535,436,140,0.06754716981132078,-5.920000000000002
145,437,23,-0.07962264150943396,-5.973333333333333
146,437,92,-0.07924528301886793,-5.973333333333333
534,437,15,0.06716981132075472,-5.973333333333333
535,437,140,0.06754716981132078,-5.973333333333333
145,438,18,-0.07962264150943396,-6.026666666666667
146,438,92,-0.07924528301886793,-6.026666666666667
534,438,19,0.06716981132075472,-6.026666666666667
535,438,140,0.06754716981132078,-6.026666666666667
144,439,136,-0.08,-6.080000000000002
145,439,14,-0.07962264150943396,-6.080000000000002
146,439,122,-0.07924528301886793,-6.080000000000002
534,439,20,0.06716981132075472,-6.080000000000002
535,439,109,0.06754716981132078,-6.080000000000002
144,440,116,-0.08,-6.133333333333333
145,440,12,-0.07962264150943396,-6.133333333333333
146,440,159,-0.07924528301886793,-6.133333333333333
534,440,47,0.06716981132075472,-6.133333333333333
535,440,79,0.06754716981132078,-6.133333333333333
144,441,117,-0.08,-6.186666666666667
145,441,28,-0.07962264150943396,-6.186666666666667
534,441,79,0.06716981132075472,-6.186666666666667
535,441,64,0.06754716981132078,-6.186666666666667
144,442,109,-0.08,-6.240000000000002
145,442,75,-0.07962264150943396,-6.240000000000002
534,442,79,0.06716981132075472,-6.240000000000002
535,442,64,0.06754716981132078,-6.240000000000002
144,443,18,-0.08,-6.293333333333333
145,443,111,-0.07962264150943396,-6.293333333333333
534,443,79,0.06716981132075472,-6.293333333333333
535,443,64,0.06754716981132078,-6.293333333333333
144,444,11,-0.08,-6.346666666666668
145,444,115,-0.07962264150943396,-6.346666666666668
534,444,123,0.06716981132075472,-6.346666666666668
535,444,40,0.06754716981132078,-6.346666666666668
536,444,148,0.0679245283018868,-6.346666666666668
143,445,159,-0.08037735849056604,-6.400000000000002
144,445,11,-0.08,-6.400000000000002
145,445,115,-0.07962264150943396,-6.400000000000002
535,445,42,0.06754716981132078,-6.400000000000002
536,445,120,0.0679245283018868,-6.400000000000002
143,446,121,-0.08037735849056604,-6.453333333333333
144,446,15,-0.08,-6.453333333333333
145,446,159,-0.07962264150943396,-6.453333333333333
535,446,50,0.06754716981132078,-6.453333333333333
536,446,105,0.0679245283018868,-6.453333333333333
143,447,93,-0.08037735849056604,-6.506666666666668
144,447,22,-0.08,-6.506666666666668
535,447,50,0.06754716981132078,-6.506666666666668
536,447,105,0.0679245283018868,-6.506666666666668
143,448,92,-0.08037735849056604,-6.560000000000002
144,448,23,-0.08,-6.560000000000002
535,448,50,0.06754716981132078,-6.560000000000002
536,448,104,0.0679245283018868,-6.560000000000002
143,449,68,-0.08037735849056604,-6.613333333333333
144,449,70,-0.08,-6.613333333333333
535,449,64,0.06754716981132078,-6.613333333333333
536,449,76,0.0679245283018868,-6.613333333333333
142,450,148,-0.08075471698113208,-6.666666666666668
143,450,44,-0.08037735849056604,-6.666666666666668
144,450,118,-0.08,-6.666666666666668
535,450,67,0.06754716981132078,-6.666666666666668
536,450,47,0.0679245283018868,-6.666666666666668
537,450,148,0.06830188679245283,-6.666666666666668
142,451,139,-0.08075471698113208,-6.720000000000002
143,451,34,-0.08037735849056604,-6.720000000000002
144,451,139,-0.08,-6.720000000000002
535,451,89,0.06754716981132078,-6.720000000000002
536,451,48,0.0679245283018868,-6.720000000000002
537,451,135,0.06830188679245283,-6.720000000000002
142,452,128,-0.08075471698113208,-6.773333333333333
143,452,39,-0.08037735849056604,-6.773333333333333
144,452,156,-0.08,-6.773333333333333
535,452,114,0.06754716981132078,-6.773333333333333
536,452,64,0.0679245283018868,-6.773333333333333
537,452,135,0.06830188679245283,-6.773333333333333
142,453,100,-0.08075471698113208,-6.826666666666668
143,453,52,-0.08037735849056604,-6.826666666666668
535,453,119,0.06754716981132078,-6.826666666666668
536,453,63,0.0679245283018868,-6.826666666666668
537,453,130,0.06830188679245283,-6.826666666666668
142,454,72,-0.08075471698113208,-6.880000000000003
143,454,66,-0.08037735849056604,-6.880000000000003
535,454,157,0.06754716981132078,-6.880000000000003
536,454,56,0.0679245283018868,-6.880000000000003
537,454,96,0.06830188679245283,-6.880000000000003
142,455,70,-0.08075471698113208,-6.933333333333334
143,455,68,-0.08037735849056604,-6.933333333333334
536,455,56,0.0679245283018868,-6.933333333333334
537,455,94,0.06830188679245283,-6.933333333333334
141,456,150,-0.08113207547169812,-6.986666666666668
142,456,66,-0.08075471698113208,-6.986666666666668
143,456,94,-0.08037735849056604,-6.986666666666668
536,456,72,0.0679245283018868,-6.986666666666668
537,456,80,0.06830188679245283,-6.986666666666668
141,457,117,-0.08113207547169812,-7.040000000000003
142,457,61,-0.08075471698113208,-7.040000000000003
143,457,133,-0.08037735849056604,-7.040000000000003
536,457,85,0.0679245283018868,-7.040000000000003
537,457,71,0.06830188679245283,-7.040000000000003
141,458,93,-0.08113207547169812,-7.093333333333334
142,458,57,-0.08075471698113208,-7.093333333333334
536,458,90,0.0679245283018868,-7.093333333333334
537,458,65,0.06830188679245283,-7.093333333333334
141,459,91,-0.08113207547169812,-7.146666666666668
142,459,57,-0.08075471698113208,-7.146666666666668
536,459,113,0.0679245283018868,-7.146666666666668
537,459,47,0.06830188679245283,-7.146666666666668
538,459,152,0.06867924528301889,-7.146666666666668
141,460,53,-0.08113207547169812,-7.200000000000003
142,460,81,-0.08075471698113208,-7.200000000000003
536,460,113,0.0679245283018868,-7.200000000000003
537,460,47,0.06830188679245283,-7.200000000000003
538,460,152,0.06867924528301889,-7.200000000000003
140,461,151,-0.08150943396226415,-7.253333333333334
141,461,46,-0.08113207547169812,-7.253333333333334
142,461,105,-0.08075471698113208,-7.253333333333334
536,461,137,0.0679245283018868,-7.253333333333334
537,461,58,0.06830188679245283,-7.253333333333334
538,461,117,0.06867924528301889,-7.253333333333334
140,462,151,-0.08150943396226415,-7.306666666666668
141,462,46,-0.08113207547169812,-7.306666666666668
142,462,115,-0.08075471698113208,-7.306666666666668
536,462,149,0.0679245283018868,-7.306666666666668
537,462,64,0.06830188679245283,-7.306666666666668
538,462,100,0.06867924528301889,-7.306666666666668
140,463,134,-0.08150943396226415,-7.360000000000003
141,463,63,-0.08113207547169812,-7.360000000000003
142,463,136,-0.08075471698113208,-7.360000000000003
536,463,149,0.0679245283018868,-7.360000000000003
537,463,56,0.06830188679245283,-7.360000000000003
538,463,84,0.06867924528301889,-7.360000000000003
140,464,91,-0.08150943396226415,-7.413333333333334
141,464,101,-0.08113207547169812,-7.413333333333334
536,464,153,0.0679245283018868,-7.413333333333334
537,464,44,0.06830188679245283,-7.413333333333334
538,464,48,0.06867924528301889,-7.413333333333334
140,465,49,-0.08150943396226415,-7.466666666666669
141,465,82,-0.08113207547169812,-7.466666666666669
537,465,77,0.06830188679245283,-7.466666666666669
538,465,48,0.06867924528301889,-7.466666666666669
140,466,36,-0.08150943396226415,-7.52
141,466,81,-0.08113207547169812,-7.52
537,466,109,0.06830188679245283,-7.52
538,466,38,0.06867924528301889,-7.52
139,467,154,-0.08188679245283019,-7.573333333333334
140,467,27,-0.08150943396226415,-7.573333333333334
141,467,104,-0.08113207547169812,-7.573333333333334
537,467,119,0.06830188679245283,-7.573333333333334
538,467,36,0.06867924528301889,-7.573333333333334
139,468,128,-0.08188679245283019,-7.626666666666669
140,468,23,-0.08150943396226415,-7.626666666666669
141,468,136,-0.08113207547169812,-7.626666666666669
537,468,135,0.06830188679245283,-7.626666666666669
538,468,36,0.06867924528301889,-7.626666666666669
139,469,114,-0.08188679245283019,-7.68
140,469,31,-0.08150943396226415,-7.68
537,469,160,0.06830188679245283,-7.68
538,469,33,0.06867924528301889,-7.68
139,470,61,-0.08188679245283019,-7.733333333333334
140,470,65,-0.08150943396226415,-7.733333333333334
537,470,160,0.06830188679245283,-7.733333333333334
538,470,25,0.06867924528301889,-7.733333333333334
539,470,125,0.06905660377358491,-7.733333333333334
139,471,9,-0.08188679245283019,-7.786666666666669
140,471,98,-0.08150943396226415,-7.786666666666669
538,471,58,0.06867924528301889,-7.786666666666669
539,471,74,0.06905660377358491,-7.786666666666669
139,472,0,-0.08188679245283019,-7.84
140,472,104,-0.08150943396226415,-7.84
538,472,64,0.06867924528301889,-7.84
539,472,65,0.06905660377358491,-7.84
139,473,0,-0.08188679245283019,-7.893333333333334
140,473,129,-0.08150943396226415,-7.893333333333334
538,473,64,0.06867924528301889,-7.893333333333334
539,473,65,0.06905660377358491,-7.893333333333334
138,474,112,-0.08226415094339623,-7.946666666666669
139,474,0,-0.08188679245283019,-7.946666666666669
140,474,117,-0.08150943396226415,-7.946666666666669
537,474,135,0.06830188679245283,-7.946666666666669
538,474,48,0.06867924528301889,-7.946666666666669
539,474,44,0.06905660377358491,-7.946666666666669
